ww.froh-online.deomojasvxahtdiazijduy.51.210.123.220.nip.io
vai-004b32dce982671a4.ava.us-west-2.amazonaws.com
alt.canary.s3.sa-east-1.vpce.amazonaws.com
canary.s3.sa-east-1.vpce.amazonaws.com
www.ainamquan.org.yonkawaterrestoration.com
www.culturanerdpop.com.yonkawaterrestoration.com
www.fagala.net.yonkawaterrestoration.com
www.halalfoodsusa.com.yonkawaterrestoration.com
www.happytoddlerpoint.com.yonkawaterrestoration.com
www.tiendaprestige.com.yonkawaterrestoration.com
www.ladysfitdanang.com.hitshop.vn
www.lafhchildcare.com.aslgroup.com.my
bc79a60a6b7c7bf.preview.picket.platform.jalantechnologies.com
www.aklnedeef.com.yonkawaterrestoration.com
www.derribaelmuroentumente.com.yonkawaterrestoration.com
www.newbeercheers.com.yonkawaterrestoration.com
www.quantumedbio.com.yonkawaterrestoration.com
www.regisinfo.com.br.yonkawaterrestoration.com
www.aklnedeef.com.yonkawaterrestoration.com
www.derribaelmuroentumente.com.yonkawaterrestoration.com
www.newbeercheers.com.yonkawaterrestoration.com
www.quantumedbio.com.yonkawaterrestoration.com
www.regisinfo.com.br.yonkawaterrestoration.com
certstories.test.netflix.net
www.aesrmmail.146-190-228-109.mail.116-204-248-129.cprapid.com
www.www.aesrmmail.146-190-228-109.mail.116-204-248-129.cprapid.com
aw1-alerts.amazing-witch.avasecurity.com
avito.sber.pochta.avito.avito.sberbank.wn6ljqld5aeart.wp.tuteeapp.com
f3c59436-d37a-42ae-be0a-efab3128ea56.alllianzbank.it
www.fagala.org.yonkawaterrestoration.com
www.inspiringteez.com.yonkawaterrestoration.com
www.misem.net.yonkawaterrestoration.com
www.prajaabhudayasociety.com.yonkawaterrestoration.com
www.ra-benefits.com.yonkawaterrestoration.com
www.velaargentina.org.yonkawaterrestoration.com
www.fagala.org.yonkawaterrestoration.com
www.inspiringteez.com.yonkawaterrestoration.com
www.misem.net.yonkawaterrestoration.com
www.prajaabhudayasociety.com.yonkawaterrestoration.com
www.ra-benefits.com.yonkawaterrestoration.com
www.velaargentina.org.yonkawaterrestoration.com
f3c59436-d37a-42ae-be0a-efab3128ea56.alllianzbank.it
google.supochao.com
mail.mervinzimmerman.com.67-227-148-146.cprapid.com
mervinzimmerman.com.67-227-148-146.cprapid.com
www.mervinzimmerman.com.67-227-148-146.cprapid.com
*.z6f.graphql.fabric.microsoft-int.com
*.z6f.w.api.fabric.microsoft-int.com
auto-s871070vi7-pbi-kv-HttpsZone6f.z6f.w.api.fabric.microsoft-int.com
*.z0f.graphql.fabric.microsoft-int.com
*.z0f.w.api.fabric.microsoft-int.com
auto-s871070vi7-pbi-kv-HttpsZone0f.z0f.w.api.fabric.microsoft-int.com
*.zaf.graphql.fabric.microsoft-int.com
*.zaf.w.api.fabric.microsoft-int.com
auto-s871070vi7-pbi-kv-HttpsZoneaf.zaf.w.api.fabric.microsoft-int.com
*.z8f.graphql.fabric.microsoft-int.com
*.z8f.w.api.fabric.microsoft-int.com
auto-s871070vi7-pbi-kv-HttpsZone8f.z8f.w.api.fabric.microsoft-int.com
*.zef.graphql.fabric.microsoft-int.com
*.zef.w.api.fabric.microsoft-int.com
auto-s871070vi7-pbi-kv-HttpsZoneef.zef.w.api.fabric.microsoft-int.com
*.geo.redis.cache.windows.net
*.z4f.graphql.fabric.microsoft-int.com
*.z4f.w.api.fabric.microsoft-int.com
auto-s871070vi7-pbi-kv-HttpsZone4f.z4f.w.api.fabric.microsoft-int.com
*.geo.redis.cache.windows.net
*.net.broadridge.com.admin-mcas-df.ms
*.net.broadridge.com.admin-mcas.ms
*.net.broadridge.com.mcas-df.ms
*.net.broadridge.com.mcas.ms
*.geo.redis.cache.windows.net
*.geo.redis.cache.windows.net
*.rpm.activitylogs.azuremonitor.trafficmanager.net
northeurope.kcm.activitylogs.azuremonitor.trafficmanager.net
*.geo.redis.cache.windows.net
*.geo.redis.cache.windows.net
waws-prod-ln1-ad1f2e8b.ftp.p.azurewebsites.windows.net
waws-prod-ln1-ad1f2e8b.publish.p.azurewebsites.windows.net
waws-prod-sn1-80e8176d.api.p.azurewebsites.windows.net
rdwstteamcloud2-l-we-apim.unique.management.azure-api.net
rdwstteamcloud2-l-we-apim.unique.portal.azure-api.net
Template.aircapi.ra.l2o.microsoft.com
psql-ctp-basket-service-tst-weeu-01-d079f46f.postgres.database.azure.com
*.geo.redis.cache.windows.net
www.alphatron-holding-bv-website-v1.cloud04.ibizz.nl
www.0blog.account.xzyhbgjt.137-184-24-197.103-31-12-123.cprapid.com
dn.login.git.git.git.mx0.edpro.site
canary-s3ccp.mrap.accesspoint.s3-global.amazonaws.com
origin-lb.client-us-east-1.us-east-1.pressbooks.pub
*.accesspoint.vpce-0d38226bbfa2cdb9b-53nitd3w-me-south-1a.s3.me-south-1.vpce.amazonaws.com
*.accesspoint.vpce-0d38226bbfa2cdb9b-53nitd3w-me-south-1b.s3.me-south-1.vpce.amazonaws.com
*.accesspoint.vpce-0d38226bbfa2cdb9b-53nitd3w-me-south-1c.s3.me-south-1.vpce.amazonaws.com
*.accesspoint.vpce-0d38226bbfa2cdb9b-53nitd3w.s3.me-south-1.vpce.amazonaws.com
*.bucket.vpce-0d38226bbfa2cdb9b-53nitd3w-me-south-1a.s3.me-south-1.vpce.amazonaws.com
*.bucket.vpce-0d38226bbfa2cdb9b-53nitd3w-me-south-1b.s3.me-south-1.vpce.amazonaws.com
*.bucket.vpce-0d38226bbfa2cdb9b-53nitd3w-me-south-1c.s3.me-south-1.vpce.amazonaws.com
*.bucket.vpce-0d38226bbfa2cdb9b-53nitd3w.s3.me-south-1.vpce.amazonaws.com
*.control.vpce-0d38226bbfa2cdb9b-53nitd3w-me-south-1a.s3.me-south-1.vpce.amazonaws.com
*.control.vpce-0d38226bbfa2cdb9b-53nitd3w-me-south-1b.s3.me-south-1.vpce.amazonaws.com
*.control.vpce-0d38226bbfa2cdb9b-53nitd3w-me-south-1c.s3.me-south-1.vpce.amazonaws.com
*.control.vpce-0d38226bbfa2cdb9b-53nitd3w.s3.me-south-1.vpce.amazonaws.com
*.s3-accesspoint.me-south-1.amazonaws.com
*.s3-control.me-south-1.amazonaws.com
*.s3.me-south-1.amazonaws.com
bucket.vpce-0d38226bbfa2cdb9b-53nitd3w-me-south-1a.s3.me-south-1.vpce.amazonaws.com
bucket.vpce-0d38226bbfa2cdb9b-53nitd3w-me-south-1b.s3.me-south-1.vpce.amazonaws.com
bucket.vpce-0d38226bbfa2cdb9b-53nitd3w-me-south-1c.s3.me-south-1.vpce.amazonaws.com
bucket.vpce-0d38226bbfa2cdb9b-53nitd3w.s3.me-south-1.vpce.amazonaws.com
s3.me-south-1.amazonaws.com
*.accesspoint.vpce-036894274439f70a7-orqa3vyg-ca-central-1a.s3.ca-central-1.vpce.amazonaws.com
*.accesspoint.vpce-036894274439f70a7-orqa3vyg-ca-central-1b.s3.ca-central-1.vpce.amazonaws.com
*.accesspoint.vpce-036894274439f70a7-orqa3vyg-ca-central-1c.s3.ca-central-1.vpce.amazonaws.com
*.accesspoint.vpce-036894274439f70a7-orqa3vyg-ca-central-1d.s3.ca-central-1.vpce.amazonaws.com
*.accesspoint.vpce-036894274439f70a7-orqa3vyg.s3.ca-central-1.vpce.amazonaws.com
*.bucket.vpce-036894274439f70a7-orqa3vyg-ca-central-1a.s3.ca-central-1.vpce.amazonaws.com
*.bucket.vpce-036894274439f70a7-orqa3vyg-ca-central-1b.s3.ca-central-1.vpce.amazonaws.com
*.bucket.vpce-036894274439f70a7-orqa3vyg-ca-central-1c.s3.ca-central-1.vpce.amazonaws.com
*.bucket.vpce-036894274439f70a7-orqa3vyg-ca-central-1d.s3.ca-central-1.vpce.amazonaws.com
*.bucket.vpce-036894274439f70a7-orqa3vyg.s3.ca-central-1.vpce.amazonaws.com
*.control.vpce-036894274439f70a7-orqa3vyg-ca-central-1a.s3.ca-central-1.vpce.amazonaws.com
*.control.vpce-036894274439f70a7-orqa3vyg-ca-central-1b.s3.ca-central-1.vpce.amazonaws.com
*.control.vpce-036894274439f70a7-orqa3vyg-ca-central-1c.s3.ca-central-1.vpce.amazonaws.com
*.control.vpce-036894274439f70a7-orqa3vyg-ca-central-1d.s3.ca-central-1.vpce.amazonaws.com
*.control.vpce-036894274439f70a7-orqa3vyg.s3.ca-central-1.vpce.amazonaws.com
*.s3-accesspoint.ca-central-1.amazonaws.com
*.s3-control.ca-central-1.amazonaws.com
*.s3.ca-central-1.amazonaws.com
bucket.vpce-036894274439f70a7-orqa3vyg-ca-central-1a.s3.ca-central-1.vpce.amazonaws.com
bucket.vpce-036894274439f70a7-orqa3vyg-ca-central-1b.s3.ca-central-1.vpce.amazonaws.com
bucket.vpce-036894274439f70a7-orqa3vyg-ca-central-1c.s3.ca-central-1.vpce.amazonaws.com
bucket.vpce-036894274439f70a7-orqa3vyg-ca-central-1d.s3.ca-central-1.vpce.amazonaws.com
bucket.vpce-036894274439f70a7-orqa3vyg.s3.ca-central-1.vpce.amazonaws.com
s3.ca-central-1.amazonaws.com
api.us-east-1.prod.customer-perception-index.ads.amazon.dev
*.accesspoint.vpce-012e0bc9ad3c8c0f4-6nfzrbt6-ap-southeast-2a.s3.ap-southeast-2.vpce.amazonaws.com
*.accesspoint.vpce-012e0bc9ad3c8c0f4-6nfzrbt6-ap-southeast-2b.s3.ap-southeast-2.vpce.amazonaws.com
*.accesspoint.vpce-012e0bc9ad3c8c0f4-6nfzrbt6-ap-southeast-2c.s3.ap-southeast-2.vpce.amazonaws.com
*.accesspoint.vpce-012e0bc9ad3c8c0f4-6nfzrbt6.s3.ap-southeast-2.vpce.amazonaws.com
*.bucket.vpce-012e0bc9ad3c8c0f4-6nfzrbt6-ap-southeast-2a.s3.ap-southeast-2.vpce.amazonaws.com
*.bucket.vpce-012e0bc9ad3c8c0f4-6nfzrbt6-ap-southeast-2b.s3.ap-southeast-2.vpce.amazonaws.com
*.bucket.vpce-012e0bc9ad3c8c0f4-6nfzrbt6-ap-southeast-2c.s3.ap-southeast-2.vpce.amazonaws.com
*.bucket.vpce-012e0bc9ad3c8c0f4-6nfzrbt6.s3.ap-southeast-2.vpce.amazonaws.com
*.control.vpce-012e0bc9ad3c8c0f4-6nfzrbt6-ap-southeast-2a.s3.ap-southeast-2.vpce.amazonaws.com
*.control.vpce-012e0bc9ad3c8c0f4-6nfzrbt6-ap-southeast-2b.s3.ap-southeast-2.vpce.amazonaws.com
*.control.vpce-012e0bc9ad3c8c0f4-6nfzrbt6-ap-southeast-2c.s3.ap-southeast-2.vpce.amazonaws.com
*.control.vpce-012e0bc9ad3c8c0f4-6nfzrbt6.s3.ap-southeast-2.vpce.amazonaws.com
*.s3-accesspoint.ap-southeast-2.amazonaws.com
*.s3-control.ap-southeast-2.amazonaws.com
*.s3.ap-southeast-2.amazonaws.com
bucket.vpce-012e0bc9ad3c8c0f4-6nfzrbt6-ap-southeast-2a.s3.ap-southeast-2.vpce.amazonaws.com
bucket.vpce-012e0bc9ad3c8c0f4-6nfzrbt6-ap-southeast-2b.s3.ap-southeast-2.vpce.amazonaws.com
bucket.vpce-012e0bc9ad3c8c0f4-6nfzrbt6-ap-southeast-2c.s3.ap-southeast-2.vpce.amazonaws.com
bucket.vpce-012e0bc9ad3c8c0f4-6nfzrbt6.s3.ap-southeast-2.vpce.amazonaws.com
s3.ap-southeast-2.amazonaws.com
*.eu-central-1.es.amazonaws.com
yny6bvsytcqsaxa7x3mwifdfzm.eu-central-1.es.amazonaws.com
*.ap-northeast-2.es.amazonaws.com
muofmlvfoia65jjfbzw56u5tni.ap-northeast-2.es.amazonaws.com
deploy-delete-app-ap-northeast-2-5.deploy-delete-test-ap-northeast-2-3hs9nsy.ap-northeast-2.forgeapps.ec2.aws.dev
deploy-delete-app-ap-northeast-2-5.deploy-delete-test-ap-northeast-2-3hs9nsy.forgeapps.ec2.aws.dev
r53lbr.deploy-delete-app-ap-northeast-2-5.deploy-delete-test-ap-northeast-2-3hs9nsy.forgeapps.ec2.aws.dev
*.us-east-1.es.amazonaws.com
oi25avf4yrnkvtrpl5l7p26j6a.us-east-1.es.amazonaws.com
*.canary2c6559639b80.tenmo7.c7.kafka.eu-west-1.amazonaws.com
*.iam.canary2c6559639b80.tenmo7.c7.kafka.eu-west-1.amazonaws.com
*.iam2.canary2c6559639b80.tenmo7.c7.kafka.eu-west-1.amazonaws.com
*.scram.canary2c6559639b80.tenmo7.c7.kafka.eu-west-1.amazonaws.com
*.scram2.canary2c6559639b80.tenmo7.c7.kafka.eu-west-1.amazonaws.com
*.tls.canary2c6559639b80.tenmo7.c7.kafka.eu-west-1.amazonaws.com
*.tls2.canary2c6559639b80.tenmo7.c7.kafka.eu-west-1.amazonaws.com
*.ap-northeast-1.es.amazonaws.com
7gsq5d327vjmm4wp5ikebdm6sa.ap-northeast-1.es.amazonaws.com
*.us-east-1.es.amazonaws.com
rnnil7646uwmfnbxr7fr4wtr54.us-east-1.es.amazonaws.com
*.il-central-1.es.amazonaws.com
nyd4cbsinajrw2qkjxqcmuykgy.il-central-1.es.amazonaws.com
www.meas.outlook.com.in
ffilmcymruwales.com.fcw.hoffi.work
www.ffilmcymruwales.com.fcw.hoffi.work
api.us-east-1.prod.customer-perception-index.ads.amazon.dev
*.ap-northeast-2.es.amazonaws.com
muofmlvfoia65jjfbzw56u5tni.ap-northeast-2.es.amazonaws.com
*.us-east-1.es.amazonaws.com
oi25avf4yrnkvtrpl5l7p26j6a.us-east-1.es.amazonaws.com
www.globalmarkvisa.com.gmeducation.com.au
www.ainamquan.org.yonkawaterrestoration.com
www.culturanerdpop.com.yonkawaterrestoration.com
www.fagala.net.yonkawaterrestoration.com
www.halalfoodsusa.com.yonkawaterrestoration.com
www.happytoddlerpoint.com.yonkawaterrestoration.com
www.tiendaprestige.com.yonkawaterrestoration.com
ipv6.suhermanofficial.com.103-247-8-18.cprapid.com
mail.suhermanofficial.com.103-247-8-18.cprapid.com
suhermanofficial.com.103-247-8-18.cprapid.com
www.suhermanofficial.com.103-247-8-18.cprapid.com
dvss-product-cart.preprod.dvsdcs.eu-central-1.aws.bmw.cloud
ipv6.suhermanofficial.com.103-247-8-18.cprapid.com
mail.suhermanofficial.com.103-247-8-18.cprapid.com
suhermanofficial.com.103-247-8-18.cprapid.com
www.suhermanofficial.com.103-247-8-18.cprapid.com
www.babellouk.com.yonkawaterrestoration.com
www.elfagala.org.yonkawaterrestoration.com
www.emeraldvalleydesign.com.yonkawaterrestoration.com
www.itsbeachweartime.com.yonkawaterrestoration.com
www.melvillerotary.org.yonkawaterrestoration.com
www.so2aly.com.yonkawaterrestoration.com
www.asltrainingconsultancy.com.aslgroup.com.my
www.jomdaftartadika.com.aslgroup.com.my
www.www.4blog.getuqbvy5zyi9hdjzftdehgat.51.210.123.220.nip.io
aslformembers.com.aslgroup.com.my
www.aslformembers.com.aslgroup.com.my
psql-ctp-basket-service-tst-weeu-01-d079f46f.postgres.database.azure.com
*.geo.redis.cache.windows.net
waws-prod-ch1-de68cbfe.ftp.p.azurewebsites.windows.net
waws-prod-ch1-de68cbfe.publish.p.azurewebsites.windows.net
test.api.applet.ciboshibook.cn
origin-lb.client-us-east-1.us-east-1.pressbooks.pub
*.accesspoint.vpce-0d38226bbfa2cdb9b-53nitd3w-me-south-1a.s3.me-south-1.vpce.amazonaws.com
*.accesspoint.vpce-0d38226bbfa2cdb9b-53nitd3w-me-south-1b.s3.me-south-1.vpce.amazonaws.com
*.accesspoint.vpce-0d38226bbfa2cdb9b-53nitd3w-me-south-1c.s3.me-south-1.vpce.amazonaws.com
*.accesspoint.vpce-0d38226bbfa2cdb9b-53nitd3w.s3.me-south-1.vpce.amazonaws.com
*.bucket.vpce-0d38226bbfa2cdb9b-53nitd3w-me-south-1a.s3.me-south-1.vpce.amazonaws.com
*.bucket.vpce-0d38226bbfa2cdb9b-53nitd3w-me-south-1b.s3.me-south-1.vpce.amazonaws.com
*.bucket.vpce-0d38226bbfa2cdb9b-53nitd3w-me-south-1c.s3.me-south-1.vpce.amazonaws.com
*.bucket.vpce-0d38226bbfa2cdb9b-53nitd3w.s3.me-south-1.vpce.amazonaws.com
*.control.vpce-0d38226bbfa2cdb9b-53nitd3w-me-south-1a.s3.me-south-1.vpce.amazonaws.com
*.control.vpce-0d38226bbfa2cdb9b-53nitd3w-me-south-1b.s3.me-south-1.vpce.amazonaws.com
*.control.vpce-0d38226bbfa2cdb9b-53nitd3w-me-south-1c.s3.me-south-1.vpce.amazonaws.com
*.control.vpce-0d38226bbfa2cdb9b-53nitd3w.s3.me-south-1.vpce.amazonaws.com
*.s3-accesspoint.me-south-1.amazonaws.com
*.s3-control.me-south-1.amazonaws.com
*.s3.me-south-1.amazonaws.com
bucket.vpce-0d38226bbfa2cdb9b-53nitd3w-me-south-1a.s3.me-south-1.vpce.amazonaws.com
bucket.vpce-0d38226bbfa2cdb9b-53nitd3w-me-south-1b.s3.me-south-1.vpce.amazonaws.com
bucket.vpce-0d38226bbfa2cdb9b-53nitd3w-me-south-1c.s3.me-south-1.vpce.amazonaws.com
bucket.vpce-0d38226bbfa2cdb9b-53nitd3w.s3.me-south-1.vpce.amazonaws.com
s3.me-south-1.amazonaws.com
*.accesspoint.vpce-036894274439f70a7-orqa3vyg-ca-central-1a.s3.ca-central-1.vpce.amazonaws.com
*.accesspoint.vpce-036894274439f70a7-orqa3vyg-ca-central-1b.s3.ca-central-1.vpce.amazonaws.com
*.accesspoint.vpce-036894274439f70a7-orqa3vyg-ca-central-1c.s3.ca-central-1.vpce.amazonaws.com
*.accesspoint.vpce-036894274439f70a7-orqa3vyg-ca-central-1d.s3.ca-central-1.vpce.amazonaws.com
*.accesspoint.vpce-036894274439f70a7-orqa3vyg.s3.ca-central-1.vpce.amazonaws.com
*.bucket.vpce-036894274439f70a7-orqa3vyg-ca-central-1a.s3.ca-central-1.vpce.amazonaws.com
*.bucket.vpce-036894274439f70a7-orqa3vyg-ca-central-1b.s3.ca-central-1.vpce.amazonaws.com
*.bucket.vpce-036894274439f70a7-orqa3vyg-ca-central-1c.s3.ca-central-1.vpce.amazonaws.com
*.bucket.vpce-036894274439f70a7-orqa3vyg-ca-central-1d.s3.ca-central-1.vpce.amazonaws.com
*.bucket.vpce-036894274439f70a7-orqa3vyg.s3.ca-central-1.vpce.amazonaws.com
*.control.vpce-036894274439f70a7-orqa3vyg-ca-central-1a.s3.ca-central-1.vpce.amazonaws.com
*.control.vpce-036894274439f70a7-orqa3vyg-ca-central-1b.s3.ca-central-1.vpce.amazonaws.com
*.control.vpce-036894274439f70a7-orqa3vyg-ca-central-1c.s3.ca-central-1.vpce.amazonaws.com
*.control.vpce-036894274439f70a7-orqa3vyg-ca-central-1d.s3.ca-central-1.vpce.amazonaws.com
*.control.vpce-036894274439f70a7-orqa3vyg.s3.ca-central-1.vpce.amazonaws.com
*.s3-accesspoint.ca-central-1.amazonaws.com
*.s3-control.ca-central-1.amazonaws.com
*.s3.ca-central-1.amazonaws.com
bucket.vpce-036894274439f70a7-orqa3vyg-ca-central-1a.s3.ca-central-1.vpce.amazonaws.com
bucket.vpce-036894274439f70a7-orqa3vyg-ca-central-1b.s3.ca-central-1.vpce.amazonaws.com
bucket.vpce-036894274439f70a7-orqa3vyg-ca-central-1c.s3.ca-central-1.vpce.amazonaws.com
bucket.vpce-036894274439f70a7-orqa3vyg-ca-central-1d.s3.ca-central-1.vpce.amazonaws.com
bucket.vpce-036894274439f70a7-orqa3vyg.s3.ca-central-1.vpce.amazonaws.com
s3.ca-central-1.amazonaws.com
api.us-east-1.prod.customer-perception-index.ads.amazon.dev
*.accesspoint.vpce-012e0bc9ad3c8c0f4-6nfzrbt6-ap-southeast-2a.s3.ap-southeast-2.vpce.amazonaws.com
*.accesspoint.vpce-012e0bc9ad3c8c0f4-6nfzrbt6-ap-southeast-2b.s3.ap-southeast-2.vpce.amazonaws.com
*.accesspoint.vpce-012e0bc9ad3c8c0f4-6nfzrbt6-ap-southeast-2c.s3.ap-southeast-2.vpce.amazonaws.com
*.accesspoint.vpce-012e0bc9ad3c8c0f4-6nfzrbt6.s3.ap-southeast-2.vpce.amazonaws.com
*.bucket.vpce-012e0bc9ad3c8c0f4-6nfzrbt6-ap-southeast-2a.s3.ap-southeast-2.vpce.amazonaws.com
*.bucket.vpce-012e0bc9ad3c8c0f4-6nfzrbt6-ap-southeast-2b.s3.ap-southeast-2.vpce.amazonaws.com
*.bucket.vpce-012e0bc9ad3c8c0f4-6nfzrbt6-ap-southeast-2c.s3.ap-southeast-2.vpce.amazonaws.com
*.bucket.vpce-012e0bc9ad3c8c0f4-6nfzrbt6.s3.ap-southeast-2.vpce.amazonaws.com
*.control.vpce-012e0bc9ad3c8c0f4-6nfzrbt6-ap-southeast-2a.s3.ap-southeast-2.vpce.amazonaws.com
*.control.vpce-012e0bc9ad3c8c0f4-6nfzrbt6-ap-southeast-2b.s3.ap-southeast-2.vpce.amazonaws.com
*.control.vpce-012e0bc9ad3c8c0f4-6nfzrbt6-ap-southeast-2c.s3.ap-southeast-2.vpce.amazonaws.com
*.control.vpce-012e0bc9ad3c8c0f4-6nfzrbt6.s3.ap-southeast-2.vpce.amazonaws.com
*.s3-accesspoint.ap-southeast-2.amazonaws.com
*.s3-control.ap-southeast-2.amazonaws.com
*.s3.ap-southeast-2.amazonaws.com
bucket.vpce-012e0bc9ad3c8c0f4-6nfzrbt6-ap-southeast-2a.s3.ap-southeast-2.vpce.amazonaws.com
bucket.vpce-012e0bc9ad3c8c0f4-6nfzrbt6-ap-southeast-2b.s3.ap-southeast-2.vpce.amazonaws.com
bucket.vpce-012e0bc9ad3c8c0f4-6nfzrbt6-ap-southeast-2c.s3.ap-southeast-2.vpce.amazonaws.com
bucket.vpce-012e0bc9ad3c8c0f4-6nfzrbt6.s3.ap-southeast-2.vpce.amazonaws.com
s3.ap-southeast-2.amazonaws.com
*.eu-central-1.es.amazonaws.com
yny6bvsytcqsaxa7x3mwifdfzm.eu-central-1.es.amazonaws.com
*.ap-northeast-2.es.amazonaws.com
muofmlvfoia65jjfbzw56u5tni.ap-northeast-2.es.amazonaws.com
deploy-delete-app-ap-northeast-2-5.deploy-delete-test-ap-northeast-2-3hs9nsy.ap-northeast-2.forgeapps.ec2.aws.dev
deploy-delete-app-ap-northeast-2-5.deploy-delete-test-ap-northeast-2-3hs9nsy.forgeapps.ec2.aws.dev
r53lbr.deploy-delete-app-ap-northeast-2-5.deploy-delete-test-ap-northeast-2-3hs9nsy.forgeapps.ec2.aws.dev
*.us-east-1.es.amazonaws.com
oi25avf4yrnkvtrpl5l7p26j6a.us-east-1.es.amazonaws.com
*.canary2c6559639b80.tenmo7.c7.kafka.eu-west-1.amazonaws.com
*.iam.canary2c6559639b80.tenmo7.c7.kafka.eu-west-1.amazonaws.com
*.iam2.canary2c6559639b80.tenmo7.c7.kafka.eu-west-1.amazonaws.com
*.scram.canary2c6559639b80.tenmo7.c7.kafka.eu-west-1.amazonaws.com
*.scram2.canary2c6559639b80.tenmo7.c7.kafka.eu-west-1.amazonaws.com
*.tls.canary2c6559639b80.tenmo7.c7.kafka.eu-west-1.amazonaws.com
*.tls2.canary2c6559639b80.tenmo7.c7.kafka.eu-west-1.amazonaws.com
*.ap-northeast-1.es.amazonaws.com
7gsq5d327vjmm4wp5ikebdm6sa.ap-northeast-1.es.amazonaws.com
*.us-east-1.es.amazonaws.com
rnnil7646uwmfnbxr7fr4wtr54.us-east-1.es.amazonaws.com
*.il-central-1.es.amazonaws.com
nyd4cbsinajrw2qkjxqcmuykgy.il-central-1.es.amazonaws.com
*.accesspoint.vpce-0a938da88852ee430-qaaf473u-ap-southeast-7a.s3.ap-southeast-7.vpce.amazonaws.com
*.accesspoint.vpce-0a938da88852ee430-qaaf473u-ap-southeast-7b.s3.ap-southeast-7.vpce.amazonaws.com
*.accesspoint.vpce-0a938da88852ee430-qaaf473u-ap-southeast-7c.s3.ap-southeast-7.vpce.amazonaws.com
*.accesspoint.vpce-0a938da88852ee430-qaaf473u.s3.ap-southeast-7.vpce.amazonaws.com
*.bucket.vpce-0a938da88852ee430-qaaf473u-ap-southeast-7a.s3.ap-southeast-7.vpce.amazonaws.com
*.bucket.vpce-0a938da88852ee430-qaaf473u-ap-southeast-7b.s3.ap-southeast-7.vpce.amazonaws.com
*.bucket.vpce-0a938da88852ee430-qaaf473u-ap-southeast-7c.s3.ap-southeast-7.vpce.amazonaws.com
*.bucket.vpce-0a938da88852ee430-qaaf473u.s3.ap-southeast-7.vpce.amazonaws.com
*.control.vpce-0a938da88852ee430-qaaf473u-ap-southeast-7a.s3.ap-southeast-7.vpce.amazonaws.com
*.control.vpce-0a938da88852ee430-qaaf473u-ap-southeast-7b.s3.ap-southeast-7.vpce.amazonaws.com
*.control.vpce-0a938da88852ee430-qaaf473u-ap-southeast-7c.s3.ap-southeast-7.vpce.amazonaws.com
*.control.vpce-0a938da88852ee430-qaaf473u.s3.ap-southeast-7.vpce.amazonaws.com
*.s3-accesspoint.ap-southeast-7.amazonaws.com
*.s3-control.ap-southeast-7.amazonaws.com
*.s3.ap-southeast-7.amazonaws.com
bucket.vpce-0a938da88852ee430-qaaf473u-ap-southeast-7a.s3.ap-southeast-7.vpce.amazonaws.com
bucket.vpce-0a938da88852ee430-qaaf473u-ap-southeast-7b.s3.ap-southeast-7.vpce.amazonaws.com
bucket.vpce-0a938da88852ee430-qaaf473u-ap-southeast-7c.s3.ap-southeast-7.vpce.amazonaws.com
bucket.vpce-0a938da88852ee430-qaaf473u.s3.ap-southeast-7.vpce.amazonaws.com
s3.ap-southeast-7.amazonaws.com
*.accesspoint.vpce-0fd6be869a508d1f1-n3e3vopw-eu-west-1a.s3.eu-west-1.vpce.amazonaws.com
*.accesspoint.vpce-0fd6be869a508d1f1-n3e3vopw-eu-west-1b.s3.eu-west-1.vpce.amazonaws.com
*.accesspoint.vpce-0fd6be869a508d1f1-n3e3vopw-eu-west-1c.s3.eu-west-1.vpce.amazonaws.com
*.accesspoint.vpce-0fd6be869a508d1f1-n3e3vopw-eu-west-1d.s3.eu-west-1.vpce.amazonaws.com
*.accesspoint.vpce-0fd6be869a508d1f1-n3e3vopw.s3.eu-west-1.vpce.amazonaws.com
*.bucket.vpce-0fd6be869a508d1f1-n3e3vopw-eu-west-1a.s3.eu-west-1.vpce.amazonaws.com
*.bucket.vpce-0fd6be869a508d1f1-n3e3vopw-eu-west-1b.s3.eu-west-1.vpce.amazonaws.com
*.bucket.vpce-0fd6be869a508d1f1-n3e3vopw-eu-west-1c.s3.eu-west-1.vpce.amazonaws.com
*.bucket.vpce-0fd6be869a508d1f1-n3e3vopw-eu-west-1d.s3.eu-west-1.vpce.amazonaws.com
*.bucket.vpce-0fd6be869a508d1f1-n3e3vopw.s3.eu-west-1.vpce.amazonaws.com
*.control.vpce-0fd6be869a508d1f1-n3e3vopw-eu-west-1a.s3.eu-west-1.vpce.amazonaws.com
*.control.vpce-0fd6be869a508d1f1-n3e3vopw-eu-west-1b.s3.eu-west-1.vpce.amazonaws.com
*.control.vpce-0fd6be869a508d1f1-n3e3vopw-eu-west-1c.s3.eu-west-1.vpce.amazonaws.com
*.control.vpce-0fd6be869a508d1f1-n3e3vopw-eu-west-1d.s3.eu-west-1.vpce.amazonaws.com
*.control.vpce-0fd6be869a508d1f1-n3e3vopw.s3.eu-west-1.vpce.amazonaws.com
*.s3-accesspoint.eu-west-1.amazonaws.com
*.s3-control.eu-west-1.amazonaws.com
*.s3.eu-west-1.amazonaws.com
bucket.vpce-0fd6be869a508d1f1-n3e3vopw-eu-west-1a.s3.eu-west-1.vpce.amazonaws.com
bucket.vpce-0fd6be869a508d1f1-n3e3vopw-eu-west-1b.s3.eu-west-1.vpce.amazonaws.com
bucket.vpce-0fd6be869a508d1f1-n3e3vopw-eu-west-1c.s3.eu-west-1.vpce.amazonaws.com
bucket.vpce-0fd6be869a508d1f1-n3e3vopw-eu-west-1d.s3.eu-west-1.vpce.amazonaws.com
bucket.vpce-0fd6be869a508d1f1-n3e3vopw.s3.eu-west-1.vpce.amazonaws.com
s3.eu-west-1.amazonaws.com
*.us-west-2.es.amazonaws.com
kqpqjzaho232d6tagg2vyk5fzm.us-west-2.es.amazonaws.com
alt.canary.s3.ap-south-1.vpce.amazonaws.com
canary.s3.ap-south-1.vpce.amazonaws.com
*.accesspoint.vpce-05829d25180d220c3-lmpgvuhj-ap-southeast-5a.s3.ap-southeast-5.vpce.amazonaws.com
*.accesspoint.vpce-05829d25180d220c3-lmpgvuhj-ap-southeast-5b.s3.ap-southeast-5.vpce.amazonaws.com
*.accesspoint.vpce-05829d25180d220c3-lmpgvuhj-ap-southeast-5c.s3.ap-southeast-5.vpce.amazonaws.com
*.accesspoint.vpce-05829d25180d220c3-lmpgvuhj.s3.ap-southeast-5.vpce.amazonaws.com
*.bucket.vpce-05829d25180d220c3-lmpgvuhj-ap-southeast-5a.s3.ap-southeast-5.vpce.amazonaws.com
*.bucket.vpce-05829d25180d220c3-lmpgvuhj-ap-southeast-5b.s3.ap-southeast-5.vpce.amazonaws.com
*.bucket.vpce-05829d25180d220c3-lmpgvuhj-ap-southeast-5c.s3.ap-southeast-5.vpce.amazonaws.com
*.bucket.vpce-05829d25180d220c3-lmpgvuhj.s3.ap-southeast-5.vpce.amazonaws.com
*.control.vpce-05829d25180d220c3-lmpgvuhj-ap-southeast-5a.s3.ap-southeast-5.vpce.amazonaws.com
*.control.vpce-05829d25180d220c3-lmpgvuhj-ap-southeast-5b.s3.ap-southeast-5.vpce.amazonaws.com
*.control.vpce-05829d25180d220c3-lmpgvuhj-ap-southeast-5c.s3.ap-southeast-5.vpce.amazonaws.com
*.control.vpce-05829d25180d220c3-lmpgvuhj.s3.ap-southeast-5.vpce.amazonaws.com
*.s3-accesspoint.ap-southeast-5.amazonaws.com
*.s3-control.ap-southeast-5.amazonaws.com
*.s3.ap-southeast-5.amazonaws.com
bucket.vpce-05829d25180d220c3-lmpgvuhj-ap-southeast-5a.s3.ap-southeast-5.vpce.amazonaws.com
bucket.vpce-05829d25180d220c3-lmpgvuhj-ap-southeast-5b.s3.ap-southeast-5.vpce.amazonaws.com
bucket.vpce-05829d25180d220c3-lmpgvuhj-ap-southeast-5c.s3.ap-southeast-5.vpce.amazonaws.com
bucket.vpce-05829d25180d220c3-lmpgvuhj.s3.ap-southeast-5.vpce.amazonaws.com
s3.ap-southeast-5.amazonaws.com
*.us-east-1.es.amazonaws.com
43ya7ketfalhdeia45chcuxi24.us-east-1.es.amazonaws.com
vai-004b32dce982671a4.ava.us-west-2.amazonaws.com
*.us-west-2.es.amazonaws.com
legqeqtahpqxh4blj22xosz7uy.us-west-2.es.amazonaws.com
*.us-east-1.es.amazonaws.com
ellqsghggkuuhb7akk7twfu73m.us-east-1.es.amazonaws.com
*.us-west-2.es.amazonaws.com
y5he6eilybvbp67khwagywpafi.us-west-2.es.amazonaws.com
deploy-delete-app-sa-east-1-3.deploy-delete-test-sa-east-1-e4g9tgu.forgeapps.ec2.aws.dev
deploy-delete-app-sa-east-1-3.deploy-delete-test-sa-east-1-e4g9tgu.sa-east-1.forgeapps.ec2.aws.dev
r53lbr.deploy-delete-app-sa-east-1-3.deploy-delete-test-sa-east-1-e4g9tgu.forgeapps.ec2.aws.dev
*.canary2f03a8d99efa.gwvv27.c4.kafka.me-central-1.amazonaws.com
*.iam.canary2f03a8d99efa.gwvv27.c4.kafka.me-central-1.amazonaws.com
*.iam2.canary2f03a8d99efa.gwvv27.c4.kafka.me-central-1.amazonaws.com
*.scram.canary2f03a8d99efa.gwvv27.c4.kafka.me-central-1.amazonaws.com
*.scram2.canary2f03a8d99efa.gwvv27.c4.kafka.me-central-1.amazonaws.com
*.tls.canary2f03a8d99efa.gwvv27.c4.kafka.me-central-1.amazonaws.com
*.tls2.canary2f03a8d99efa.gwvv27.c4.kafka.me-central-1.amazonaws.com
*.accesspoint.vpce-01c76dcc3e2add0aa-ppn1ex5u-eu-central-2a.s3.eu-central-2.vpce.amazonaws.com
*.accesspoint.vpce-01c76dcc3e2add0aa-ppn1ex5u-eu-central-2b.s3.eu-central-2.vpce.amazonaws.com
*.accesspoint.vpce-01c76dcc3e2add0aa-ppn1ex5u-eu-central-2c.s3.eu-central-2.vpce.amazonaws.com
*.accesspoint.vpce-01c76dcc3e2add0aa-ppn1ex5u.s3.eu-central-2.vpce.amazonaws.com
*.bucket.vpce-01c76dcc3e2add0aa-ppn1ex5u-eu-central-2a.s3.eu-central-2.vpce.amazonaws.com
*.bucket.vpce-01c76dcc3e2add0aa-ppn1ex5u-eu-central-2b.s3.eu-central-2.vpce.amazonaws.com
*.bucket.vpce-01c76dcc3e2add0aa-ppn1ex5u-eu-central-2c.s3.eu-central-2.vpce.amazonaws.com
*.bucket.vpce-01c76dcc3e2add0aa-ppn1ex5u.s3.eu-central-2.vpce.amazonaws.com
*.control.vpce-01c76dcc3e2add0aa-ppn1ex5u-eu-central-2a.s3.eu-central-2.vpce.amazonaws.com
*.control.vpce-01c76dcc3e2add0aa-ppn1ex5u-eu-central-2b.s3.eu-central-2.vpce.amazonaws.com
*.control.vpce-01c76dcc3e2add0aa-ppn1ex5u-eu-central-2c.s3.eu-central-2.vpce.amazonaws.com
*.control.vpce-01c76dcc3e2add0aa-ppn1ex5u.s3.eu-central-2.vpce.amazonaws.com
*.s3-accesspoint.eu-central-2.amazonaws.com
*.s3-control.eu-central-2.amazonaws.com
*.s3.eu-central-2.amazonaws.com
bucket.vpce-01c76dcc3e2add0aa-ppn1ex5u-eu-central-2a.s3.eu-central-2.vpce.amazonaws.com
bucket.vpce-01c76dcc3e2add0aa-ppn1ex5u-eu-central-2b.s3.eu-central-2.vpce.amazonaws.com
bucket.vpce-01c76dcc3e2add0aa-ppn1ex5u-eu-central-2c.s3.eu-central-2.vpce.amazonaws.com
bucket.vpce-01c76dcc3e2add0aa-ppn1ex5u.s3.eu-central-2.vpce.amazonaws.com
s3.eu-central-2.amazonaws.com
*.ap-northeast-2.es.amazonaws.com
gxhbcb5mktfzgt3ylwkujs52j4.ap-northeast-2.es.amazonaws.com
*.accesspoint.vpce-037d5847d28c85ee0-dv5borq7-eu-west-1a.s3.eu-west-1.vpce.amazonaws.com
*.accesspoint.vpce-037d5847d28c85ee0-dv5borq7-eu-west-1b.s3.eu-west-1.vpce.amazonaws.com
*.accesspoint.vpce-037d5847d28c85ee0-dv5borq7-eu-west-1c.s3.eu-west-1.vpce.amazonaws.com
*.accesspoint.vpce-037d5847d28c85ee0-dv5borq7-eu-west-1d.s3.eu-west-1.vpce.amazonaws.com
*.accesspoint.vpce-037d5847d28c85ee0-dv5borq7.s3.eu-west-1.vpce.amazonaws.com
*.bucket.vpce-037d5847d28c85ee0-dv5borq7-eu-west-1a.s3.eu-west-1.vpce.amazonaws.com
*.bucket.vpce-037d5847d28c85ee0-dv5borq7-eu-west-1b.s3.eu-west-1.vpce.amazonaws.com
*.bucket.vpce-037d5847d28c85ee0-dv5borq7-eu-west-1c.s3.eu-west-1.vpce.amazonaws.com
*.bucket.vpce-037d5847d28c85ee0-dv5borq7-eu-west-1d.s3.eu-west-1.vpce.amazonaws.com
*.bucket.vpce-037d5847d28c85ee0-dv5borq7.s3.eu-west-1.vpce.amazonaws.com
*.control.vpce-037d5847d28c85ee0-dv5borq7-eu-west-1a.s3.eu-west-1.vpce.amazonaws.com
*.control.vpce-037d5847d28c85ee0-dv5borq7-eu-west-1b.s3.eu-west-1.vpce.amazonaws.com
*.control.vpce-037d5847d28c85ee0-dv5borq7-eu-west-1c.s3.eu-west-1.vpce.amazonaws.com
*.control.vpce-037d5847d28c85ee0-dv5borq7-eu-west-1d.s3.eu-west-1.vpce.amazonaws.com
*.control.vpce-037d5847d28c85ee0-dv5borq7.s3.eu-west-1.vpce.amazonaws.com
*.s3-accesspoint.eu-west-1.amazonaws.com
*.s3-control.eu-west-1.amazonaws.com
*.s3.eu-west-1.amazonaws.com
bucket.vpce-037d5847d28c85ee0-dv5borq7-eu-west-1a.s3.eu-west-1.vpce.amazonaws.com
bucket.vpce-037d5847d28c85ee0-dv5borq7-eu-west-1b.s3.eu-west-1.vpce.amazonaws.com
bucket.vpce-037d5847d28c85ee0-dv5borq7-eu-west-1c.s3.eu-west-1.vpce.amazonaws.com
bucket.vpce-037d5847d28c85ee0-dv5borq7-eu-west-1d.s3.eu-west-1.vpce.amazonaws.com
bucket.vpce-037d5847d28c85ee0-dv5borq7.s3.eu-west-1.vpce.amazonaws.com
s3.eu-west-1.amazonaws.com
*.accesspoint.vpce-0409aa87191182b5e-7rouvdlm-us-east-2a.s3.us-east-2.vpce.amazonaws.com
*.accesspoint.vpce-0409aa87191182b5e-7rouvdlm-us-east-2b.s3.us-east-2.vpce.amazonaws.com
*.accesspoint.vpce-0409aa87191182b5e-7rouvdlm-us-east-2c.s3.us-east-2.vpce.amazonaws.com
*.accesspoint.vpce-0409aa87191182b5e-7rouvdlm.s3.us-east-2.vpce.amazonaws.com
*.bucket.vpce-0409aa87191182b5e-7rouvdlm-us-east-2a.s3.us-east-2.vpce.amazonaws.com
*.bucket.vpce-0409aa87191182b5e-7rouvdlm-us-east-2b.s3.us-east-2.vpce.amazonaws.com
*.bucket.vpce-0409aa87191182b5e-7rouvdlm-us-east-2c.s3.us-east-2.vpce.amazonaws.com
*.bucket.vpce-0409aa87191182b5e-7rouvdlm.s3.us-east-2.vpce.amazonaws.com
*.control.vpce-0409aa87191182b5e-7rouvdlm-us-east-2a.s3.us-east-2.vpce.amazonaws.com
*.control.vpce-0409aa87191182b5e-7rouvdlm-us-east-2b.s3.us-east-2.vpce.amazonaws.com
*.control.vpce-0409aa87191182b5e-7rouvdlm-us-east-2c.s3.us-east-2.vpce.amazonaws.com
*.control.vpce-0409aa87191182b5e-7rouvdlm.s3.us-east-2.vpce.amazonaws.com
*.s3-accesspoint.us-east-2.amazonaws.com
*.s3-control.us-east-2.amazonaws.com
*.s3.us-east-2.amazonaws.com
bucket.vpce-0409aa87191182b5e-7rouvdlm-us-east-2a.s3.us-east-2.vpce.amazonaws.com
bucket.vpce-0409aa87191182b5e-7rouvdlm-us-east-2b.s3.us-east-2.vpce.amazonaws.com
bucket.vpce-0409aa87191182b5e-7rouvdlm-us-east-2c.s3.us-east-2.vpce.amazonaws.com
bucket.vpce-0409aa87191182b5e-7rouvdlm.s3.us-east-2.vpce.amazonaws.com
s3.us-east-2.amazonaws.com
*.accesspoint.vpce-0297d457490e8c74c-79wqov4l-us-gov-west-1a.s3.us-gov-west-1.vpce.amazonaws.com
*.accesspoint.vpce-0297d457490e8c74c-79wqov4l-us-gov-west-1b.s3.us-gov-west-1.vpce.amazonaws.com
*.accesspoint.vpce-0297d457490e8c74c-79wqov4l-us-gov-west-1c.s3.us-gov-west-1.vpce.amazonaws.com
*.accesspoint.vpce-0297d457490e8c74c-79wqov4l.s3.us-gov-west-1.vpce.amazonaws.com
*.bucket.vpce-0297d457490e8c74c-79wqov4l-us-gov-west-1a.s3.us-gov-west-1.vpce.amazonaws.com
*.bucket.vpce-0297d457490e8c74c-79wqov4l-us-gov-west-1b.s3.us-gov-west-1.vpce.amazonaws.com
*.bucket.vpce-0297d457490e8c74c-79wqov4l-us-gov-west-1c.s3.us-gov-west-1.vpce.amazonaws.com
*.bucket.vpce-0297d457490e8c74c-79wqov4l.s3.us-gov-west-1.vpce.amazonaws.com
*.control.vpce-0297d457490e8c74c-79wqov4l-us-gov-west-1a.s3.us-gov-west-1.vpce.amazonaws.com
*.control.vpce-0297d457490e8c74c-79wqov4l-us-gov-west-1b.s3.us-gov-west-1.vpce.amazonaws.com
*.control.vpce-0297d457490e8c74c-79wqov4l-us-gov-west-1c.s3.us-gov-west-1.vpce.amazonaws.com
*.control.vpce-0297d457490e8c74c-79wqov4l.s3.us-gov-west-1.vpce.amazonaws.com
*.s3-accesspoint.us-gov-west-1.amazonaws.com
*.s3-control.us-gov-west-1.amazonaws.com
*.s3.us-gov-west-1.amazonaws.com
bucket.vpce-0297d457490e8c74c-79wqov4l-us-gov-west-1a.s3.us-gov-west-1.vpce.amazonaws.com
bucket.vpce-0297d457490e8c74c-79wqov4l-us-gov-west-1b.s3.us-gov-west-1.vpce.amazonaws.com
bucket.vpce-0297d457490e8c74c-79wqov4l-us-gov-west-1c.s3.us-gov-west-1.vpce.amazonaws.com
bucket.vpce-0297d457490e8c74c-79wqov4l.s3.us-gov-west-1.vpce.amazonaws.com
s3.us-gov-west-1.amazonaws.com
remote.grmwindows.co.uk
neqphkdxrsy.purchases.demo-fs.powr.tv
www.portal.gitlab.gitlab.news.h2775398.stratoserver.net
thegoogle.moffittmotors.com
*.z6a.graphql.fabric.microsoft-int.com
*.z6a.w.api.fabric.microsoft-int.com
auto-s870927vi2-pbi-kv-HttpsZone6a.z6a.w.api.fabric.microsoft-int.com
*.z4a.graphql.fabric.microsoft-int.com
*.z4a.w.api.fabric.microsoft-int.com
auto-s870927vi2-pbi-kv-HttpsZone4a.z4a.w.api.fabric.microsoft-int.com
*.geo.redis.cache.windows.net
dn.login.git.git.git.mx0.edpro.site
dn.login.git.git.git.mx0.edpro.site
*.zea.graphql.fabric.microsoft-int.com
*.zea.w.api.fabric.microsoft-int.com
auto-s870927vi2-pbi-kv-HttpsZoneea.zea.w.api.fabric.microsoft-int.com
api-integrationsvcs-dev-001.unique.management.azure-api.net
api-integrationsvcs-dev-001.unique.portal.azure-api.net
amazon.dealgarve.nl
www.amazon.dealgarve.nl
www.abdelnaserzidan.com.yonkawaterrestoration.com
www.alfaggalah.org.yonkawaterrestoration.com
www.almuznpoultry.org.yonkawaterrestoration.com
www.kioscoanime.com.yonkawaterrestoration.com
www.rodrigosarasqueta.com.yonkawaterrestoration.com
www.portal.git.git.git.blog.billing.innfinite.co.uk
www.www.www.com.verificationalservicesorganizing.securi.konimbo.co.il
www.portal.www.www.apwwwgitlab.frosty-newton.13-68-225-194.plesk.page
www.www.held-gmbh.comtbonline.com.dns.freedyndns.org
www.portal.www.app.apportal.uat.flowise.49-12-111-90.plesk.page
www.www.billyandassociateslawfirm.com.dns.freedyndns.org
9ssh.login.new.cdn.store.partick.insightandsound.co.uk
certstories.test.netflix.net
www.app.app.wwportal.forms.archersettlement.com
www.datakript-technologies.com.hostdukan.com
www.activatethemonk.com.yonkawaterrestoration.com
www.eliostories.com.yonkawaterrestoration.com
www.fagalah.net.yonkawaterrestoration.com
www.faggalastreet.org.yonkawaterrestoration.com
www.kabersobhy.com.yonkawaterrestoration.com
www.redrowproductions.com.yonkawaterrestoration.com
bank-account-bonus-us-31815-31.world
bank-account-bonus-us-31815-31.world
www.portal.www.portal.wwwwww.wwwwww.secure.sowio.cz
gmedia.secure.bodyandaesthe.vpn.ozon.yandeclientes.insightandsound.co.uk
*.zca.graphql.fabric.microsoft-int.com
*.zca.w.api.fabric.microsoft-int.com
auto-s870927vi2-pbi-kv-HttpsZoneca.zca.w.api.fabric.microsoft-int.com
app.portal.dsgsdgsd.ennlive.org
www.www.www.csudmb0khltshaalg4g0.arclaysoffshoresservice.com.dns.freedyndns.org
www.cdek.wwwpay.avito.pay.qx94od8flrtndvd.in.wp.ilbet.info
pochtabank.pochtabank.sber.8wolgz9id4vovvc4.internetincomeboost.com
googleads.urtestsite.com
wwwwwwcdn.login.dev.fuzo-marketing-buffet.de
googleplaygutschein.de
www.googleplaygutschein.de
9wwwgitlab.gitlab.gitlab.git.client.cloud.nwleto.space
www.9wwwgitlab.gitlab.gitlab.git.client.cloud.nwleto.space
www.app.app.app.portal.wwwwww.deployments.miniloop-01.cynova.dev
www.www.wwwww38.outlook.yh.net.au
www.symebdstoreter.mulogimsupport.hostmastecror.mulogim3nenstgiin520ad86243d-login.sert.suoadappwi-proxy.ezbricks-dev.codetools.in
www.www.www.www.www1.customersupport.konimbo.co.il
www.portal.www.www.www.www.apportal.apspeedycrm.chixbbq.org
ltest.staging.support.staging.hostmaster.login.clientes.insightandsound.co.uk
fiche-onlinesber.senfinite.co.uknite.co.u-tecn.support.innfinite.co.uk
certstories.test.netflix.net
*.us-west-2.es.amazonaws.com
4yqgxpkssclt26j7fcmzskwiou.us-west-2.es.amazonaws.com
alt.canary.s3.il-central-1.vpce.amazonaws.com
canary.s3.il-central-1.vpce.amazonaws.com
vai-0c143afeecb145d1c.ava.ap-northeast-1.amazonaws.com
*.iam.loadmmskv1.be1nw6.c9.kafka.eu-west-1.amazonaws.com
*.iam2.loadmmskv1.be1nw6.c9.kafka.eu-west-1.amazonaws.com
*.loadmmskv1.be1nw6.c9.kafka.eu-west-1.amazonaws.com
*.scram.loadmmskv1.be1nw6.c9.kafka.eu-west-1.amazonaws.com
*.scram2.loadmmskv1.be1nw6.c9.kafka.eu-west-1.amazonaws.com
*.tls.loadmmskv1.be1nw6.c9.kafka.eu-west-1.amazonaws.com
*.tls2.loadmmskv1.be1nw6.c9.kafka.eu-west-1.amazonaws.com
*.ca-central-1.es.amazonaws.com
cqqb53sa7dhr4pm73uvwnioyuu.ca-central-1.es.amazonaws.com
*.accesspoint.vpce-0258857c32aef410e-mg0x20r8-me-central-1a.s3.me-central-1.vpce.amazonaws.com
*.accesspoint.vpce-0258857c32aef410e-mg0x20r8-me-central-1b.s3.me-central-1.vpce.amazonaws.com
*.accesspoint.vpce-0258857c32aef410e-mg0x20r8-me-central-1c.s3.me-central-1.vpce.amazonaws.com
*.accesspoint.vpce-0258857c32aef410e-mg0x20r8.s3.me-central-1.vpce.amazonaws.com
*.bucket.vpce-0258857c32aef410e-mg0x20r8-me-central-1a.s3.me-central-1.vpce.amazonaws.com
*.bucket.vpce-0258857c32aef410e-mg0x20r8-me-central-1b.s3.me-central-1.vpce.amazonaws.com
*.bucket.vpce-0258857c32aef410e-mg0x20r8-me-central-1c.s3.me-central-1.vpce.amazonaws.com
*.bucket.vpce-0258857c32aef410e-mg0x20r8.s3.me-central-1.vpce.amazonaws.com
*.control.vpce-0258857c32aef410e-mg0x20r8-me-central-1a.s3.me-central-1.vpce.amazonaws.com
*.control.vpce-0258857c32aef410e-mg0x20r8-me-central-1b.s3.me-central-1.vpce.amazonaws.com
*.control.vpce-0258857c32aef410e-mg0x20r8-me-central-1c.s3.me-central-1.vpce.amazonaws.com
*.control.vpce-0258857c32aef410e-mg0x20r8.s3.me-central-1.vpce.amazonaws.com
*.s3-accesspoint.me-central-1.amazonaws.com
*.s3-control.me-central-1.amazonaws.com
*.s3.me-central-1.amazonaws.com
bucket.vpce-0258857c32aef410e-mg0x20r8-me-central-1a.s3.me-central-1.vpce.amazonaws.com
bucket.vpce-0258857c32aef410e-mg0x20r8-me-central-1b.s3.me-central-1.vpce.amazonaws.com
bucket.vpce-0258857c32aef410e-mg0x20r8-me-central-1c.s3.me-central-1.vpce.amazonaws.com
bucket.vpce-0258857c32aef410e-mg0x20r8.s3.me-central-1.vpce.amazonaws.com
s3.me-central-1.amazonaws.com
alt.canary.s3.af-south-1.vpce.amazonaws.com
canary.s3.af-south-1.vpce.amazonaws.com
alt.canary.s3.eu-west-1.vpce.amazonaws.com
canary.s3.eu-west-1.vpce.amazonaws.com
*.eu-south-1.es.amazonaws.com
tefvgno4uhqcpkvule2q5cqzzi.eu-south-1.es.amazonaws.com
*.canary5c2403b04fa0.3gy2bo.c11.kafka.us-west-2.amazonaws.com
*.iam.canary5c2403b04fa0.3gy2bo.c11.kafka.us-west-2.amazonaws.com
*.iam2.canary5c2403b04fa0.3gy2bo.c11.kafka.us-west-2.amazonaws.com
*.scram.canary5c2403b04fa0.3gy2bo.c11.kafka.us-west-2.amazonaws.com
*.scram2.canary5c2403b04fa0.3gy2bo.c11.kafka.us-west-2.amazonaws.com
*.tls.canary5c2403b04fa0.3gy2bo.c11.kafka.us-west-2.amazonaws.com
*.tls2.canary5c2403b04fa0.3gy2bo.c11.kafka.us-west-2.amazonaws.com
*.eu-west-1.es.amazonaws.com
hi7uf5e4ol3rzvua6lncl6zufi.eu-west-1.es.amazonaws.com
*.accesspoint.vpce-023bff4ceb972afdc-zsnsoy3b-eu-central-1a.s3.eu-central-1.vpce.amazonaws.com
*.accesspoint.vpce-023bff4ceb972afdc-zsnsoy3b-eu-central-1b.s3.eu-central-1.vpce.amazonaws.com
*.accesspoint.vpce-023bff4ceb972afdc-zsnsoy3b-eu-central-1c.s3.eu-central-1.vpce.amazonaws.com
*.accesspoint.vpce-023bff4ceb972afdc-zsnsoy3b.s3.eu-central-1.vpce.amazonaws.com
*.bucket.vpce-023bff4ceb972afdc-zsnsoy3b-eu-central-1a.s3.eu-central-1.vpce.amazonaws.com
*.bucket.vpce-023bff4ceb972afdc-zsnsoy3b-eu-central-1b.s3.eu-central-1.vpce.amazonaws.com
*.bucket.vpce-023bff4ceb972afdc-zsnsoy3b-eu-central-1c.s3.eu-central-1.vpce.amazonaws.com
*.bucket.vpce-023bff4ceb972afdc-zsnsoy3b.s3.eu-central-1.vpce.amazonaws.com
*.control.vpce-023bff4ceb972afdc-zsnsoy3b-eu-central-1a.s3.eu-central-1.vpce.amazonaws.com
*.control.vpce-023bff4ceb972afdc-zsnsoy3b-eu-central-1b.s3.eu-central-1.vpce.amazonaws.com
*.control.vpce-023bff4ceb972afdc-zsnsoy3b-eu-central-1c.s3.eu-central-1.vpce.amazonaws.com
*.control.vpce-023bff4ceb972afdc-zsnsoy3b.s3.eu-central-1.vpce.amazonaws.com
*.s3-accesspoint.eu-central-1.amazonaws.com
*.s3-control.eu-central-1.amazonaws.com
*.s3.eu-central-1.amazonaws.com
bucket.vpce-023bff4ceb972afdc-zsnsoy3b-eu-central-1a.s3.eu-central-1.vpce.amazonaws.com
bucket.vpce-023bff4ceb972afdc-zsnsoy3b-eu-central-1b.s3.eu-central-1.vpce.amazonaws.com
bucket.vpce-023bff4ceb972afdc-zsnsoy3b-eu-central-1c.s3.eu-central-1.vpce.amazonaws.com
bucket.vpce-023bff4ceb972afdc-zsnsoy3b.s3.eu-central-1.vpce.amazonaws.com
s3.eu-central-1.amazonaws.com
*.us-west-2.es.amazonaws.com
6kkzrglwghnvbln7extdzui7te.us-west-2.es.amazonaws.com
*.accesspoint.vpce-01a3763ff164b1f6c-zjtmlp3l-eu-west-2a.s3.eu-west-2.vpce.amazonaws.com
*.accesspoint.vpce-01a3763ff164b1f6c-zjtmlp3l-eu-west-2b.s3.eu-west-2.vpce.amazonaws.com
*.accesspoint.vpce-01a3763ff164b1f6c-zjtmlp3l-eu-west-2c.s3.eu-west-2.vpce.amazonaws.com
*.accesspoint.vpce-01a3763ff164b1f6c-zjtmlp3l.s3.eu-west-2.vpce.amazonaws.com
*.bucket.vpce-01a3763ff164b1f6c-zjtmlp3l-eu-west-2a.s3.eu-west-2.vpce.amazonaws.com
*.bucket.vpce-01a3763ff164b1f6c-zjtmlp3l-eu-west-2b.s3.eu-west-2.vpce.amazonaws.com
*.bucket.vpce-01a3763ff164b1f6c-zjtmlp3l-eu-west-2c.s3.eu-west-2.vpce.amazonaws.com
*.bucket.vpce-01a3763ff164b1f6c-zjtmlp3l.s3.eu-west-2.vpce.amazonaws.com
*.control.vpce-01a3763ff164b1f6c-zjtmlp3l-eu-west-2a.s3.eu-west-2.vpce.amazonaws.com
*.control.vpce-01a3763ff164b1f6c-zjtmlp3l-eu-west-2b.s3.eu-west-2.vpce.amazonaws.com
*.control.vpce-01a3763ff164b1f6c-zjtmlp3l-eu-west-2c.s3.eu-west-2.vpce.amazonaws.com
*.control.vpce-01a3763ff164b1f6c-zjtmlp3l.s3.eu-west-2.vpce.amazonaws.com
*.s3-accesspoint.eu-west-2.amazonaws.com
*.s3-control.eu-west-2.amazonaws.com
*.s3.eu-west-2.amazonaws.com
bucket.vpce-01a3763ff164b1f6c-zjtmlp3l-eu-west-2a.s3.eu-west-2.vpce.amazonaws.com
bucket.vpce-01a3763ff164b1f6c-zjtmlp3l-eu-west-2b.s3.eu-west-2.vpce.amazonaws.com
bucket.vpce-01a3763ff164b1f6c-zjtmlp3l-eu-west-2c.s3.eu-west-2.vpce.amazonaws.com
bucket.vpce-01a3763ff164b1f6c-zjtmlp3l.s3.eu-west-2.vpce.amazonaws.com
s3.eu-west-2.amazonaws.com
alt.canary.s3.ap-northeast-2.vpce.amazonaws.com
canary.s3.ap-northeast-2.vpce.amazonaws.com
*.gcsr1736153698cell.4dvn1q.c4.kafka.cn-north-1.amazonaws.com.cn
*.iam.gcsr1736153698cell.4dvn1q.c4.kafka.cn-north-1.amazonaws.com.cn
*.iam2.gcsr1736153698cell.4dvn1q.c4.kafka.cn-north-1.amazonaws.com.cn
*.scram.gcsr1736153698cell.4dvn1q.c4.kafka.cn-north-1.amazonaws.com.cn
*.scram2.gcsr1736153698cell.4dvn1q.c4.kafka.cn-north-1.amazonaws.com.cn
*.tls.gcsr1736153698cell.4dvn1q.c4.kafka.cn-north-1.amazonaws.com.cn
*.tls2.gcsr1736153698cell.4dvn1q.c4.kafka.cn-north-1.amazonaws.com.cn
cpanel.staging.ed8cotp.ns2.staging.secure.webmail.dozenvpn.ru
m.portal.wwwwww.wwwwww.www.modest-jennings.13-68-225-194.plesk.page
blablacar.www.blablacar.youla.sbermarket.cdek.pochta.newpassword2016.desireplum.com
aibridgeservice-aisg1.mw.prod.meetapi.webex.com
aibridgeservice-aisg1.wsin.mw.prod.meetapi.webex.com
aibridgeservice-aisg1.wsinmw-dc-1.prod.infra.webex.com
officeperf.microsoft.com
waws-prod-ch1-2c642da2.ftp.p.azurewebsites.windows.net
waws-prod-ch1-2c642da2.publish.p.azurewebsites.windows.net
pochtabank.pochtabank.sberbank.pay.david7878787.suncoastdave.com
www.www.portal.tiuvewaseablog.www2.h2897493.stratoserver.net
www.leatherjacketltd.com.usjacketmaker.com
stage65-az.flanagansappleliverpool.co.uk
ozon.yandex.avito.sber.avito.avito.4eild2acslksujy.5805845.ru
www.ozon.yandex.avito.sber.avito.avito.4eild2acslksujy.5805845.ru
pochtabank.pochtabank.sberbank.pay.david7878787.suncoastdave.com
re7.backoffice.gemy.cardicloud.com
dep618-alert.ngs-dev.tomtomgroup.com
www.mydaftarastro.com.pemasanganastro.com
*.lifecycle-prober-prod-57912eb7-9e93-4208-831e-96512bf7e735.asia-east2.managedkafka.gmk-lifecycle-prober-prod-1.cloud.goog
www.joaovitorteixeira.com.br.joaovitorteixeira.adv.br
hsbconsulenze.it
www.hsbconsulenze.it
3863756.supportembed.com.pagescdn.com
449194.com-449194.com.449194a20.buzz
*.pg.clusterdev-nightly.devaws.sparebank1.no
www.keepupthework.com.lysio.com
123itunesguthaben.de
www.123itunesguthaben.de
slm-test-rollback-rdfc3a70-60348106040-api.us-central1.autopush.sourcemanager.dev
slm-test-rollback-rdfc3a70-60348106040-git.us-central1.autopush.sourcemanager.dev
slm-test-rollback-rdfc3a70-60348106040.us-central1.autopush.sourcemanager.dev
www.shokallnest.com.urbanshadow.live
psql-ctp-transport-resource-service-ro-mi-prd-weeu-01-110d5346.postgres.database.azure.com
*.geo.redis.cache.windows.net
db-yape3mp-eastus-convenience-portalseller-stg-0748c6e1.postgres.database.azure.com
kong-public-ingress.e2e.orbit-customer.api.orbit.cn-heyuan.cv-tlp.bmw.com.cn
reglamenta.com.obroxos.a2hosted.com
www.reglamenta.com.obroxos.a2hosted.com
www.pvpguild.com.tysoft.me
www.mrboxcdmx.com.mx.minibodegascdmx.mx
einapratica.com.br.saudevirtuosa.com
www.cozinhaemfoco.com.saudevirtuosa.com
www.einapratica.com.br.saudevirtuosa.com
www.larissagarciaacademy.com.saudevirtuosa.com
wwwwww.pk1eyqlnbp1oc3m.purchases.demo-fs.powr.tv
en.tl-acceptance-tests-rebased-9-1.ssfwcc.ci.shopsys.cloud
*.google-nl.nl
google-nl.nl
mail.onedriverdownload.com
epaas-crawler-4.prod.bmwweb.eu-central-1.aws.bmw.cloud
neqphkdxrsy.purchases.demo-fs.powr.tv
*.baixar-facebook-gratis.com
baixar-facebook-gratis.com
neqphkdxrsy.purchases.demo-fs.powr.tv
pay.avito.pay.avito.sberbank.sberbank.covid19.extruder-usa.com
whatsappfood.mysandboxsite.com
www.youtuberzy.com.pl
youtuberzy.com.pl
projectmanagement-410873-react.b410873.dev.eastus.az.svc.builder.cafe
www.pochta.sber.avito.avito.sber.7oi7f1lccqod2x5.fe.mi-xx.ru
yandex.pochtabank.world1bin.instimatch.com
www.drouincattery.com.fittingintelligence.com
wms-frontend-core-hotfix-wms-8620.dev.cluster.kznexpess.com
conn-created-notification.dev-signin.clerk.withampersand.com
einapratica.com.br.saudevirtuosa.com
www.einapratica.com.br.saudevirtuosa.com
www.larissagarciaacademy.com.saudevirtuosa.com
www.maisdindimrendaextra.com.saudevirtuosa.com
cpanel.staging.ed8cotp.ns2.staging.secure.webmail.dozenvpn.ru
amazonia-paris.fr
www.amazonia-paris.fr
*.z4d.graphql.fabric.microsoft-int.com
*.z4d.w.api.fabric.microsoft-int.com
auto-s870927vi2-pbi-kv-HttpsZone4d.z4d.w.api.fabric.microsoft-int.com
*.z2d.graphql.fabric.microsoft-int.com
*.z2d.w.api.fabric.microsoft-int.com
auto-s870927vi2-pbi-kv-HttpsZone2d.z2d.w.api.fabric.microsoft-int.com
vinzonesecurity.dlwhosting.com
webmail.vinzonesecurity.com
www.vinzonesecurity.dlwhosting.com
autodiscover.gov-backup.com
cpanel.gov-backup.com
cpcalendars.gov-backup.com
cpcontacts.gov-backup.com
gov-backup.com
mail.gov-backup.com
webdisk.gov-backup.com
webmail.gov-backup.com
www.gov-backup.com
www.gov-backup.com.lickspittles.com
*.fralaposte.email
fralaposte.email
www.kingpandashop.com.lickspittles.com
www.white-pig.com.lickspittles.com
www.az-metals.net.wsiwebdesigners.com
www.it.prod.eu.phaabqsa.64-227-108-172.103-146-202-45.cprapid.com
platon.amazoncustomersservice.com
www.wwwa.gitlab.gitlab.git.gitlab.shop.h2897493.stratoserver.net
www.canonbeachhotel.com.nashecreations.com
ssh.outlook.mbalurad.de
pay.yandex.pay.avisber.nuitjijdskaid6z.chat.monster-style.ru
www.pay.yandex.pay.avisber.nuitjijdskaid6z.chat.monster-style.ru
coinbase-verification01s0zrt.crabdance.com
www.srsaims.com.lickspittles.com
portal.insurancesecurity.com
970828af-72c0-4bef-95f7-7e6f1be25b67.mmgpatientbillhelp.com
sber.pochtabank.www.yandex.sbermarket.cmskwid9.api.chernika.top
pochtabank.portal.world4ufree.cc
*.security-internal.gopuff.com
sberbank.pay.avito.comorld2.org.cdwebdisk.capital-rp.ru
www.sberbank.pay.avito.comorld2.org.cdwebdisk.capital-rp.ru
imap4d.outlook.com.tw
customerlegalsupports.in
www.customerlegalsupports.in
www.wwwpop.staging.login.ns.auth.exchange.dozenvpn.ru
www.0wwwwww.qohuhstag.airflow.66-42-62-203.affectionate-dubinsky.103-82-242-18.plesk.page
www.freewalkingtourphnompenh.com.guruwalkingtour.com
www.links.account.soundcloud.com
portal.portal.wwwapp.app.www.wwwwww.234cde3d.nip.io
portal.portal.wwwapp.app.www.wwwwww.234cde3d.nip.io
psql-ctp-address-service-tst-weeu-01-c634eb1f.postgres.database.azure.com
verification-portal.shams.ae
www.verification-portal.shams.ae
verification-portal.shams.ae
www.verification-portal.shams.ae
www.lodgechecklist.com.hmacademy.net
www.net.superset.worldwrestlingspotlight.com
www.agenciadeviajesengdl.com.hostingbaratomexico.com
www.bestmassagesspainrivieranayarit.com.hostingbaratomexico.com
www.mallasparanina.com.hostingbaratomexico.com
www.portaldecursosonline.com.br.criativeagencia.com
*.z71.graphql.fabric.microsoft-int.com
*.z71.w.api.fabric.microsoft-int.com
auto-s871070vi7-pbi-kv-HttpsZone71.z71.w.api.fabric.microsoft-int.com
*.zf1.graphql.fabric.microsoft-int.com
*.zf1.w.api.fabric.microsoft-int.com
auto-s871070vi7-pbi-kv-HttpsZonef1.zf1.w.api.fabric.microsoft-int.com
*.whatsapp.ingenius.online
www.exportmarketci.com.lickspittles.com
www.jobsguidepro.com.lickspittles.com
gitlab.git.ockwwwanimetoonmelogin.x1200.ru
www.gitlab.git.ockwwwanimetoonmelogin.x1200.ru
mail.gmailtk.com
www.tarotmanllc.com.dirkdesign.net
www.theofficialrichardstanley.com.dirkdesign.net
www.mcjopblog.user.worldcryptoblog.uyduportal.net
neqphkdxrsy.purchases.demo-fs.powr.tv
www.exportmarketci.com.lickspittles.com
www.jobsguidepro.com.lickspittles.com
qasecurityliabilitytoolscms.qzhanye.com
www.us-aeroslims.com.us-naganotonic.com
www.us-denticoree.com.us-naganotonic.com
*.whatsappzbar5.cyou
whatsappzbar5.cyou
*.smsonline247.com.verifiedthinker.com
www.teamgear24.com.verifiedthinker.com
sbermarket.cdek.avito.pay.comorld2.org.cdwebdisk.capital-rp.ru
www.sbermarket.cdek.avito.pay.comorld2.org.cdwebdisk.capital-rp.ru
pay.pochtabank.blablacar.www.cdek.sbermegamarket.sberbank.eset-nod32update.aquadacenturio.com
www.vitarize.org.placar360.com.br
onlineperevodchik.com.israel-notary.pro
www.onlineperevodchik.com.israel-notary.pro
cbd-global-user-representation-e2e.pure.us-east-1.e2e.iis.connected.bmw
alt.canary.s3.us-gov-east-1.vpce.amazonaws.com
canary.s3.us-gov-east-1.vpce.amazonaws.com
*.ca-central-1.es.amazonaws.com
jvccb7patnpixvxqkmnozcoaya.ca-central-1.es.amazonaws.com
alt.canary.s3.ap-southeast-1.vpce.amazonaws.com
canary.s3.ap-southeast-1.vpce.amazonaws.com
alt.canary.s3.ca-central-1.vpce.amazonaws.com
canary.s3.ca-central-1.vpce.amazonaws.com
alt.canary.s3.eu-central-1.vpce.amazonaws.com
canary.s3.eu-central-1.vpce.amazonaws.com
sw.m01.c00.ias.gru.prod.aoss.searchservices.aws.dev
*.accesspoint.vpce-00817266e99b9a15e-gb0vnucn-eu-west-3a.s3.eu-west-3.vpce.amazonaws.com
*.accesspoint.vpce-00817266e99b9a15e-gb0vnucn-eu-west-3b.s3.eu-west-3.vpce.amazonaws.com
*.accesspoint.vpce-00817266e99b9a15e-gb0vnucn-eu-west-3c.s3.eu-west-3.vpce.amazonaws.com
*.accesspoint.vpce-00817266e99b9a15e-gb0vnucn.s3.eu-west-3.vpce.amazonaws.com
*.bucket.vpce-00817266e99b9a15e-gb0vnucn-eu-west-3a.s3.eu-west-3.vpce.amazonaws.com
*.bucket.vpce-00817266e99b9a15e-gb0vnucn-eu-west-3b.s3.eu-west-3.vpce.amazonaws.com
*.bucket.vpce-00817266e99b9a15e-gb0vnucn-eu-west-3c.s3.eu-west-3.vpce.amazonaws.com
*.bucket.vpce-00817266e99b9a15e-gb0vnucn.s3.eu-west-3.vpce.amazonaws.com
*.control.vpce-00817266e99b9a15e-gb0vnucn-eu-west-3a.s3.eu-west-3.vpce.amazonaws.com
*.control.vpce-00817266e99b9a15e-gb0vnucn-eu-west-3b.s3.eu-west-3.vpce.amazonaws.com
*.control.vpce-00817266e99b9a15e-gb0vnucn-eu-west-3c.s3.eu-west-3.vpce.amazonaws.com
*.control.vpce-00817266e99b9a15e-gb0vnucn.s3.eu-west-3.vpce.amazonaws.com
*.s3-accesspoint.eu-west-3.amazonaws.com
*.s3-control.eu-west-3.amazonaws.com
*.s3.eu-west-3.amazonaws.com
bucket.vpce-00817266e99b9a15e-gb0vnucn-eu-west-3a.s3.eu-west-3.vpce.amazonaws.com
bucket.vpce-00817266e99b9a15e-gb0vnucn-eu-west-3b.s3.eu-west-3.vpce.amazonaws.com
bucket.vpce-00817266e99b9a15e-gb0vnucn-eu-west-3c.s3.eu-west-3.vpce.amazonaws.com
bucket.vpce-00817266e99b9a15e-gb0vnucn.s3.eu-west-3.vpce.amazonaws.com
s3.eu-west-3.amazonaws.com
*.canary507f3a30996b.2tfp2r.c9.kafka.eu-central-1.amazonaws.com
*.iam.canary507f3a30996b.2tfp2r.c9.kafka.eu-central-1.amazonaws.com
*.iam2.canary507f3a30996b.2tfp2r.c9.kafka.eu-central-1.amazonaws.com
*.scram.canary507f3a30996b.2tfp2r.c9.kafka.eu-central-1.amazonaws.com
*.scram2.canary507f3a30996b.2tfp2r.c9.kafka.eu-central-1.amazonaws.com
*.tls.canary507f3a30996b.2tfp2r.c9.kafka.eu-central-1.amazonaws.com
*.tls2.canary507f3a30996b.2tfp2r.c9.kafka.eu-central-1.amazonaws.com
*.gcsr1736153736ce.70j9x5.c2.kafka-gamma.us-west-2.amazonaws.com
*.iam.gcsr1736153736ce.70j9x5.c2.kafka-gamma.us-west-2.amazonaws.com
*.iam2.gcsr1736153736ce.70j9x5.c2.kafka-gamma.us-west-2.amazonaws.com
*.scram.gcsr1736153736ce.70j9x5.c2.kafka-gamma.us-west-2.amazonaws.com
*.scram2.gcsr1736153736ce.70j9x5.c2.kafka-gamma.us-west-2.amazonaws.com
*.tls.gcsr1736153736ce.70j9x5.c2.kafka-gamma.us-west-2.amazonaws.com
*.tls2.gcsr1736153736ce.70j9x5.c2.kafka-gamma.us-west-2.amazonaws.com
en.storefront.vh-fwcc-86-enable-google-feed.ssfwcc.ci.shopsys.cloud
storefront.vh-fwcc-86-enable-google-feed.ssfwcc.ci.shopsys.cloud
certstories.test.netflix.net
*.prod.ftl.netflix.com
*.staging.ftl.netflix.com
anycast.ftl.netflix.com
ftl.netflix.com
*.zad.graphql.fabric.microsoft-int.com
*.zad.w.api.fabric.microsoft-int.com
auto-s870927vi2-pbi-kv-HttpsZonead.zad.w.api.fabric.microsoft-int.com
sbermarket.pochtabank.sberbank.cdek.itjpq0lsn09pld4k.caninehealthinsurance.com
www.sber.sber.sber.pay.pay.c9od2agpk7jfufgicmqg.forums.privods.com
www.sber.sber.sber.pay.pay.c9od2agpk7jfufgicmqg.forums.privods.com
pr-6505-13582-ip-3-122-237-46.preview.deliverymatch.eu
www.andyuriarte.com.lautechgroup.com
www.soundmedik.com.lautechgroup.com
epaas-crawler-4.prod.bmwweb.eu-central-1.aws.bmw.cloud
portal.wwwwww.git.sinulla.habitatarquitectos.mx.cheatrise.com
www.portal.wwwwww.git.sinulla.habitatarquitectos.mx.cheatrise.com
www.appetiteinsights.net.ozempiic.net
www.modrisfilm.com.et-sons.com
youla.pochtabank.sbermegamarket.cdek.sbermegamarket.hmkwj9qwnfxod5qk.techniqueconversion.com
www.indibrocoffee.com.apjcoffee.com
www.youla.sber.sber.avito.pay.ozduwb5pntgdod4.reports.newerow1989.ru
www.desagreen.com.my.asiahubtrading.com
www.fbwellness.com.my.asiahubtrading.com
www.youla.sber.sber.avito.pay.ozduwb5pntgdod4.reports.newerow1989.ru
b609b429-2885-42e3-a8c9-e695c433ac0c.bot.vinz.s1.opendns.com
www.gotripindia.com.digital2days.com
www.phaabqsa.64-227-108-172.www.103-157-96-48.cprapid.com
pay.sber.sber.sberbank.sber.xl8wfyskyexld5p.pruebas.findanir.com
www.tamayez.net.mohamed0155.website
www.tek-part.com.mohamed0155.website
www.www.git.git.ca0dc78pk7j9eksuc26g.new.acs.tng.thezone.bg
en.mg-fwcc-124-imageextension-tests.ssfwcc.ci.shopsys.cloud
www.wwwportal.wwwgit.git.tst.showled.z9.dev.zyxware.net
portal.www.edpuzzle.flip.172.93.104.11.backname.io
www.www.www.wwwportal.www.forms.archersettlement.com
pop3.api.log.fr.auth.pochat-service2.insightandsound.co.uk
portal.www.www.app.wwwwwwwww.www.secure.sowio.cz
urm-validation-webhook.ops.apigw-pr-ctr-010638177.dev.ugw.cloud.sap
portal.www.satscores.ennlive.org
www.www.www.dependprofessional.com.au.konimbo.co.il
www.www.bcigowww.wwwfacebook.ipv4.com.au
www.www.www.dev.info.lessaisies.com.konimbo.co.il
www.www.www.app.portal.portal.portal.essure.archersettlement.com
wwwnetflix.watch.the.monster
www.portal.app.portal.forms.archersettlement.com
login.paypal.com443hh.2uam.mur.1ma.xyz
*.whatsapp.ingenius.online
www.exportmarketci.com.lickspittles.com
www.jobsguidepro.com.lickspittles.com
pr-6505-13582-ip-3-122-237-46.preview.deliverymatch.eu
*.whatsapp.ingenius.online
www.ftxlract.146-190-228-109.116-204-248-167.cprapid.com
www.www.ftxlract.146-190-228-109.116-204-248-167.cprapid.com
*.lifecycle-prober-staging-911ced99-56f8-48b3-b14d-22b44ba3f68d.us-central1.managedkafka-staging.gmk-lifecycle-prober-stg-6.cloud-staging.goog
alt.canary.s3.ap-south-2.vpce.amazonaws.com
canary.s3.ap-south-2.vpce.amazonaws.com
*.ap-northeast-1.es.amazonaws.com
uvde2bz27wz3nd22rzayafvyra.ap-northeast-1.es.amazonaws.com
*.eu-central-1.es.amazonaws.com
elkrallksq5qay7r34olyoe3py.eu-central-1.es.amazonaws.com
canary-s3ccp.mrap.accesspoint.s3-global.amazonaws.com
*.ca-central-1.es.amazonaws.com
u5t5fgtojmxywhunnvudxaqgdi.ca-central-1.es.amazonaws.com
*.sa-east-1.es.amazonaws.com
c7fh32ohe6vnbnhusrsxcicmta.sa-east-1.es.amazonaws.com
*.ap-southeast-1.es.amazonaws.com
ybzs5es4ozeydzfjmjnkqpqtia.ap-southeast-1.es.amazonaws.com
*.cf.hana-tooling-validation.ingress.orchestration.19-baa-orc-hc-ci.ci-aws.hanacloud.ondemand.com
*.cf.hana-tooling.ingress.orchestration.19-baa-orc-hc-ci.ci-aws.hanacloud.ondemand.com
*.hana-tooling-validation.ingress.orchestration.19-baa-orc-hc-ci.ci-aws.hanacloud.ondemand.com
*.hana-tooling.ingress.orchestration.19-baa-orc-hc-ci.ci-aws.hanacloud.ondemand.com
alt.canary.s3.ap-east-1.vpce.amazonaws.com
canary.s3.ap-east-1.vpce.amazonaws.com
production-sf-wadideglae-s4-wap-lzds1rch.it-cpi023.cpi.eu20-001.hana.ondemand.com
*.ap-southeast-2.es.amazonaws.com
imivkzmw2t4szvus3tbovgimza.ap-southeast-2.es.amazonaws.com
*.us-west-1.es.amazonaws.com
dzaf7jbmggxpdz7m4knjjkccly.us-west-1.es.amazonaws.com
*.accesspoint.vpce-08065050822ec4311-h4rxk2og-af-south-1a.s3.af-south-1.vpce.amazonaws.com
*.accesspoint.vpce-08065050822ec4311-h4rxk2og-af-south-1b.s3.af-south-1.vpce.amazonaws.com
*.accesspoint.vpce-08065050822ec4311-h4rxk2og-af-south-1c.s3.af-south-1.vpce.amazonaws.com
*.accesspoint.vpce-08065050822ec4311-h4rxk2og.s3.af-south-1.vpce.amazonaws.com
*.bucket.vpce-08065050822ec4311-h4rxk2og-af-south-1a.s3.af-south-1.vpce.amazonaws.com
*.bucket.vpce-08065050822ec4311-h4rxk2og-af-south-1b.s3.af-south-1.vpce.amazonaws.com
*.bucket.vpce-08065050822ec4311-h4rxk2og-af-south-1c.s3.af-south-1.vpce.amazonaws.com
*.bucket.vpce-08065050822ec4311-h4rxk2og.s3.af-south-1.vpce.amazonaws.com
*.control.vpce-08065050822ec4311-h4rxk2og-af-south-1a.s3.af-south-1.vpce.amazonaws.com
*.control.vpce-08065050822ec4311-h4rxk2og-af-south-1b.s3.af-south-1.vpce.amazonaws.com
*.control.vpce-08065050822ec4311-h4rxk2og-af-south-1c.s3.af-south-1.vpce.amazonaws.com
*.control.vpce-08065050822ec4311-h4rxk2og.s3.af-south-1.vpce.amazonaws.com
*.s3-accesspoint.af-south-1.amazonaws.com
*.s3-control.af-south-1.amazonaws.com
*.s3.af-south-1.amazonaws.com
bucket.vpce-08065050822ec4311-h4rxk2og-af-south-1a.s3.af-south-1.vpce.amazonaws.com
bucket.vpce-08065050822ec4311-h4rxk2og-af-south-1b.s3.af-south-1.vpce.amazonaws.com
bucket.vpce-08065050822ec4311-h4rxk2og-af-south-1c.s3.af-south-1.vpce.amazonaws.com
bucket.vpce-08065050822ec4311-h4rxk2og.s3.af-south-1.vpce.amazonaws.com
s3.af-south-1.amazonaws.com
*.eu-west-1.es.amazonaws.com
e4b6s6xfp3yagz24g5wig2uu7m.eu-west-1.es.amazonaws.com
ptlugmail.spunforyour.xyz
jenkins.bookings.hoteleastlund.com.test.p3.ie
pre-release.bookings.hoteleastlund.com.test.p3.ie
yandex.sberbank.gold11.com
www.hsnwears.com.dfnhosting.com
beta.tricorder.robotics.amazon.dev
mayesgithubio-ipjga.kinsta.page
*.connectivitytunnel.ingress.dis-vulpb.di-eu10.shoot.live.k8s-hana.ondemand.com
*.ingress.dis-vulpb.di-eu10.shoot.live.k8s-hana.ondemand.com
dis-vulpb.di-eu10.shoot.live.k8s-hana.ondemand.com
ozon.pochta.blablacar.www.cdek.sbermegamarket.sberbank.eset-nod32update.aquadacenturio.com
*.billing-e2e-prober-311-1736152193257267767.us-central1.managedkafka.gmk-bprober-network-prod.cloud.goog
ww25.ww25.ww25.ww25.ww25.ww38.facebook.moodit.com.au
api650.ops.cgw-alex-g-p-c.dev.ugw.cloud.sap
*.lifecycle-prober-prod-2d8cba5d-936a-4ae1-bce0-2b6899da476e.us-west1.managedkafka.gmk-lifecycle-prober-prod-4.cloud.goog
www.ningrl.com.lickspittles.com
www.tolkadrommar.com.lickspittles.com
www.ftxlract.146-190-228-109.116-204-248-167.cprapid.com
www.www.ftxlract.146-190-228-109.116-204-248-167.cprapid.com
test01-8a1c1a41fdabde37fd.fstrz.net.euwest1.fasterized.net
www.notexistsforum.jby.mybluehog.client.turboelectronic.ru
youla.sber.pay.avito.avito.sberbank.wn6ljqld5aeart.wp.tuteeapp.com
staging.neustarsecurityservices.com
certstories.test.netflix.net
www.kcvhosting.com.lickspittles.com
www.moutalk.com.lickspittles.com
wwwwww.pk1eyqlnbp1oc3m.purchases.demo-fs.powr.tv
waws-prod-ln1-acfa9b63.ftp.p.azurewebsites.windows.net
waws-prod-ln1-acfa9b63.publish.p.azurewebsites.windows.net
*.geo.redis.cache.windows.net
*.geo.redis.cache.windows.net
*.geo.redis.cache.windows.net
*.geo.redis.cache.windows.net
*.geo.redis.cache.windows.net
*.zd0.graphql.fabric.microsoft-int.com
*.zd0.w.api.fabric.microsoft-int.com
auto-s871070vi7-pbi-kv-HttpsZoned0.zd0.w.api.fabric.microsoft-int.com
*.geo.redis.cache.windows.net
www.sissythatlala.com.stevenspointpride.com
a.gitlab.gitlab.e1icneqphkdxrsy.purchases.demo-fs.powr.tv
dynamic-configuration-service.use1.test.strudel.lt
outlook.basculapizzeria.it
www.mycoupon24hs.com.meucumpom24hs.com
www.mycoupon24hs.com.meucumpom24hs.com
www.clubholiday.com.byggis.hemsida.eu
www.themagichotels.com.byggis.hemsida.eu
server.whatsappkaro.com
www.www.www.wwwwwwportal.app.234cde3d.nip.io
www.img.m.d3a8xr14b5n26h.ample.www.git.gitlab.headweb.ru
fieldcore.com.my.technoenergy.com.my
www.fieldcore.com.my.technoenergy.com.my
webmail.en.forum.support.aaa.betb8835.com
facebook.wwwkazaa.com
server.whatsappkaro.com
kamilah.agmail.com
www.jordantripbox.com.unlimited88.com
com.angkortuktuk.net.phantomledger.com
ns1.cpanel.dev.www.beautybuye-igry-onlayn-pole-chudes.artmon.ru
www.ns1.cpanel.dev.www.beautybuye-igry-onlayn-pole-chudes.artmon.ru
www.gitlab.git.git.login.fobesko.ru
gitlab.gitlab.gitlab.secure.netalert.ru
www.gitlab.gitlab.gitlab.secure.netalert.ru
*.frlaposte.world
frlaposte.world
www.manatelugumatrimony.com.jjeximindia.in
*.geo.redis.cache.windows.net
*.geo.redis.cache.windows.net
*.geo.redis.cache.windows.net
*.geo.redis.cache.windows.net
*.geo.redis.cache.windows.net
www.gitlab.143-244-152-170.affectionate-sanderson.34-101-150-1.plesk.page
www.nbhwhy.com.lickspittles.com
www.pxkig.com.lickspittles.com
*.z71.graphql.fabric.microsoft-int.com
*.z71.w.api.fabric.microsoft-int.com
auto-s871070vi7-pbi-kv-HttpsZone71.z71.w.api.fabric.microsoft-int.com
*.z31.graphql.fabric.microsoft-int.com
*.z31.w.api.fabric.microsoft-int.com
auto-s871070vi7-pbi-kv-HttpsZone31.z31.w.api.fabric.microsoft-int.com
*.z11.graphql.fabric.microsoft-int.com
*.z11.w.api.fabric.microsoft-int.com
auto-s871070vi7-pbi-kv-HttpsZone11.z11.w.api.fabric.microsoft-int.com
interfaces-shared-apim-int.unique.management.azure-api.net
interfaces-shared-apim-int.unique.portal.azure-api.net
*.geo.redis.cache.windows.net
*.zb1.graphql.fabric.microsoft-int.com
*.zb1.w.api.fabric.microsoft-int.com
auto-s871070vi7-pbi-kv-HttpsZoneb1.zb1.w.api.fabric.microsoft-int.com
*.z91.graphql.fabric.microsoft-int.com
*.z91.w.api.fabric.microsoft-int.com
auto-s871070vi7-pbi-kv-HttpsZone91.z91.w.api.fabric.microsoft-int.com
*.zf1.graphql.fabric.microsoft-int.com
*.zf1.w.api.fabric.microsoft-int.com
auto-s871070vi7-pbi-kv-HttpsZonef1.zf1.w.api.fabric.microsoft-int.com
*.z51.graphql.fabric.microsoft-int.com
*.z51.w.api.fabric.microsoft-int.com
auto-s871070vi7-pbi-kv-HttpsZone51.z51.w.api.fabric.microsoft-int.com
*.microsoft.5bc2ccfd-ec89-43b5-a2b0-f09322341502.com.admin-mcas-df.ms
*.microsoft.5bc2ccfd-ec89-43b5-a2b0-f09322341502.com.admin-mcas.ms
*.microsoft.5bc2ccfd-ec89-43b5-a2b0-f09322341502.com.mcas-df.ms
*.microsoft.5bc2ccfd-ec89-43b5-a2b0-f09322341502.com.mcas.ms
portal.www.app.www.wwwapp.portal.wwwwww.234cde3d.nip.io
9wwwgitlab.gitlab.gitlab.git.client.cloud.nwleto.space
www.9wwwgitlab.gitlab.gitlab.git.client.cloud.nwleto.space
*.geo.redis.cache.windows.net
*.geo.redis.cache.windows.net
*.geo.redis.cache.windows.net
*.geo.redis.cache.windows.net
*.geo.redis.cache.windows.net
*.zd1.graphql.fabric.microsoft-int.com
*.zd1.w.api.fabric.microsoft-int.com
auto-s871070vi7-pbi-kv-HttpsZoned1.zd1.w.api.fabric.microsoft-int.com
*.z32.graphql.fabric.microsoft-int.com
*.z32.w.api.fabric.microsoft-int.com
auto-s871070vi7-pbi-kv-HttpsZone32.z32.w.api.fabric.microsoft-int.com
*.z12.graphql.fabric.microsoft-int.com
*.z12.w.api.fabric.microsoft-int.com
auto-s871070vi7-pbi-kv-HttpsZone12.z12.w.api.fabric.microsoft-int.com
*.z72.graphql.fabric.microsoft-int.com
*.z72.w.api.fabric.microsoft-int.com
auto-s871070vi7-pbi-kv-HttpsZone72.z72.w.api.fabric.microsoft-int.com
*.zb2.graphql.fabric.microsoft-int.com
*.zb2.w.api.fabric.microsoft-int.com
auto-s871070vi7-pbi-kv-HttpsZoneb2.zb2.w.api.fabric.microsoft-int.com
*.geo.redis.cache.windows.net
*.z92.graphql.fabric.microsoft-int.com
*.z92.w.api.fabric.microsoft-int.com
auto-s871070vi7-pbi-kv-HttpsZone92.z92.w.api.fabric.microsoft-int.com
*.geo.redis.cache.windows.net
*.zf2.graphql.fabric.microsoft-int.com
*.zf2.w.api.fabric.microsoft-int.com
auto-s871070vi7-pbi-kv-HttpsZonef2.zf2.w.api.fabric.microsoft-int.com
*.httpd-liquidweb-studentlogin-client-service.workers.dev
httpd-liquidweb-studentlogin-client-service.workers.dev
www.inkflowz.com.robdog.co.uk
www.moneywoney.com.lickspittles.com
www.negrilgetaways.com.lickspittles.com
outlook.greenvale.com.au
en.storefront-styleguide.rv-fwcc-175-orders.ssfwcc.ci.shopsys.cloud
storefront-styleguide.rv-fwcc-175-orders.ssfwcc.ci.shopsys.cloud
www.ibermoney.com.lickspittles.com
www.investinlima.com.lickspittles.com
www.ningrl.com.lickspittles.com
www.tolkadrommar.com.lickspittles.com
jens-s.ui-swav-hpp-us-east1.ui.dev.cellpoint.app
111.notflix.in
www.internationalwebs.com.ggetcentral.com
webmail.phpmyadmin.support.sitemap.git.amironova.com
www.www.support.jenkins.www.tvibswww.wayofus.local.yun.do
*.frlaposte.world
frlaposte.world
smail.reminiscence.it
facebook.wwwkazaa.com
*.autofficemultiservices.com
autofficemultiservices.com
gitlab.gitlab.gitlab.secure.netalert.ru
www.gitlab.gitlab.gitlab.secure.netalert.ru
*.dev.api.copilotforfinance.microsoft.com
dev.api.copilotforfinance.microsoft.com
www.gitlab.git.git.login.fobesko.ru
blablacar.yandex.onlinegamegrandiamod12.com
wwwwww.pk1eyqlnbp1oc3m.purchases.demo-fs.powr.tv
*.accesspoint.vpce-0489ca8b81aceb329-u3romeqe-eu-north-1a.s3.eu-north-1.vpce.amazonaws.com
*.accesspoint.vpce-0489ca8b81aceb329-u3romeqe-eu-north-1b.s3.eu-north-1.vpce.amazonaws.com
*.accesspoint.vpce-0489ca8b81aceb329-u3romeqe-eu-north-1c.s3.eu-north-1.vpce.amazonaws.com
*.accesspoint.vpce-0489ca8b81aceb329-u3romeqe.s3.eu-north-1.vpce.amazonaws.com
*.bucket.vpce-0489ca8b81aceb329-u3romeqe-eu-north-1a.s3.eu-north-1.vpce.amazonaws.com
*.bucket.vpce-0489ca8b81aceb329-u3romeqe-eu-north-1b.s3.eu-north-1.vpce.amazonaws.com
*.bucket.vpce-0489ca8b81aceb329-u3romeqe-eu-north-1c.s3.eu-north-1.vpce.amazonaws.com
*.bucket.vpce-0489ca8b81aceb329-u3romeqe.s3.eu-north-1.vpce.amazonaws.com
*.control.vpce-0489ca8b81aceb329-u3romeqe-eu-north-1a.s3.eu-north-1.vpce.amazonaws.com
*.control.vpce-0489ca8b81aceb329-u3romeqe-eu-north-1b.s3.eu-north-1.vpce.amazonaws.com
*.control.vpce-0489ca8b81aceb329-u3romeqe-eu-north-1c.s3.eu-north-1.vpce.amazonaws.com
*.control.vpce-0489ca8b81aceb329-u3romeqe.s3.eu-north-1.vpce.amazonaws.com
*.s3-accesspoint.eu-north-1.amazonaws.com
*.s3-control.eu-north-1.amazonaws.com
*.s3.eu-north-1.amazonaws.com
bucket.vpce-0489ca8b81aceb329-u3romeqe-eu-north-1a.s3.eu-north-1.vpce.amazonaws.com
bucket.vpce-0489ca8b81aceb329-u3romeqe-eu-north-1b.s3.eu-north-1.vpce.amazonaws.com
bucket.vpce-0489ca8b81aceb329-u3romeqe-eu-north-1c.s3.eu-north-1.vpce.amazonaws.com
bucket.vpce-0489ca8b81aceb329-u3romeqe.s3.eu-north-1.vpce.amazonaws.com
s3.eu-north-1.amazonaws.com
*.us-gov-west-1.es.amazonaws.com
5j4xr2q5fe7xfkcn4nzn4c466e.us-gov-west-1.es.amazonaws.com
*.us-gov-west-1.es.amazonaws.com
jshm3vywbxszacqiybkasfgrxa.us-gov-west-1.es.amazonaws.com
*.us-gov-west-1.es.amazonaws.com
jnrgithftuf4yixgvhycwxg5fu.us-gov-west-1.es.amazonaws.com
*.us-gov-west-1.es.amazonaws.com
esj54urs2wod2cobzj3ffvp7qu.us-gov-west-1.es.amazonaws.com
alt.canary.s3.us-west-2.vpce.amazonaws.com
canary.s3.us-west-2.vpce.amazonaws.com
www.www.3euqdppdbui16t2j.primecryptowallet.com
portal.jacksonlawoffices.com
www.topdailydeals.com.mardeamor.store
www.ht-70-slot-sim-2.utcfssecurityproducts.eu
www.office365.sportpro.org.ua
sberbank.sber.pay.pay.avito.pay.wn6ljqld5aeart.wp.tuteeapp.com
sbermegamarket.sberbank.pay.vahid777.shopingfa.com
en.mg-fwcc-585-feapi-ba-products.ssfwcc.ci.shopsys.cloud
mg-fwcc-585-feapi-ba-products.ssfwcc.ci.shopsys.cloud
www.deepshinedetailing.com.dealsney.com
yandex.ozon.gitlab.cj6xxkvccn5ld5v.k.smattermost.com
ca79ab7c-769e-4c47-b516-9006dae453d0.bot.vinz.s1.opendns.com
www.images-by-scott.com.imagesbyscott.net
www.images-by-scott.com.imagesbyscott.net
static.56.105.135.78.client.hayalhost.net
a.git.git.akshaypurchases.e1-fs.powr.tv
www.skilliofiy.com.goglserver.com
www.unitedwindowcleaner.com.goglserver.com
www.vibecoreagency.com.goglserver.com
store.en.forum.support.aaa.betb8835.com
*.github-proxy2.gu5ang.workers.dev
dice-app.alpha.mlp-gui.sensortech-oi.ihm.amazon.dev
yahoo2756.zendesk.com
www.www.137-184-24-197.www.103-112-244-88.cprapid.com
*.lifecycle-prober-prod-cc171e6b-727a-4390-9ee4-2ad1d95c61aa.europe-west2.managedkafka.gmk-lifecycle-prober-prod-5.cloud.goog
*.hs1.tr19122.uksouth1-a.worker.database.windows.net
*.hs2.tr19122.uksouth1-a.worker.database.windows.net
*.hs3.tr19122.uksouth1-a.worker.database.windows.net
*.tr19122.uksouth1-a.worker.database.windows.net
tr19122.uksouth1-a.worker.database.windows.net
*.accesspoint.vpce-0f3199e148d03a5ac-sp6h3xio-me-south-1a.s3.me-south-1.vpce.amazonaws.com
*.accesspoint.vpce-0f3199e148d03a5ac-sp6h3xio-me-south-1b.s3.me-south-1.vpce.amazonaws.com
*.accesspoint.vpce-0f3199e148d03a5ac-sp6h3xio-me-south-1c.s3.me-south-1.vpce.amazonaws.com
*.accesspoint.vpce-0f3199e148d03a5ac-sp6h3xio.s3.me-south-1.vpce.amazonaws.com
*.bucket.vpce-0f3199e148d03a5ac-sp6h3xio-me-south-1a.s3.me-south-1.vpce.amazonaws.com
*.bucket.vpce-0f3199e148d03a5ac-sp6h3xio-me-south-1b.s3.me-south-1.vpce.amazonaws.com
*.bucket.vpce-0f3199e148d03a5ac-sp6h3xio-me-south-1c.s3.me-south-1.vpce.amazonaws.com
*.bucket.vpce-0f3199e148d03a5ac-sp6h3xio.s3.me-south-1.vpce.amazonaws.com
*.control.vpce-0f3199e148d03a5ac-sp6h3xio-me-south-1a.s3.me-south-1.vpce.amazonaws.com
*.control.vpce-0f3199e148d03a5ac-sp6h3xio-me-south-1b.s3.me-south-1.vpce.amazonaws.com
*.control.vpce-0f3199e148d03a5ac-sp6h3xio-me-south-1c.s3.me-south-1.vpce.amazonaws.com
*.control.vpce-0f3199e148d03a5ac-sp6h3xio.s3.me-south-1.vpce.amazonaws.com
*.s3-accesspoint.me-south-1.amazonaws.com
*.s3-control.me-south-1.amazonaws.com
*.s3.me-south-1.amazonaws.com
bucket.vpce-0f3199e148d03a5ac-sp6h3xio-me-south-1a.s3.me-south-1.vpce.amazonaws.com
bucket.vpce-0f3199e148d03a5ac-sp6h3xio-me-south-1b.s3.me-south-1.vpce.amazonaws.com
bucket.vpce-0f3199e148d03a5ac-sp6h3xio-me-south-1c.s3.me-south-1.vpce.amazonaws.com
bucket.vpce-0f3199e148d03a5ac-sp6h3xio.s3.me-south-1.vpce.amazonaws.com
s3.me-south-1.amazonaws.com
*.publishers-mgmt.crm.microsoftdynamics.us
publishers-mgmt.crm.microsoftdynamics.us
*.hs1.tr8277.northcentralus1-a.worker.database.windows.net
*.hs2.tr8277.northcentralus1-a.worker.database.windows.net
*.hs3.tr8277.northcentralus1-a.worker.database.windows.net
*.tr8277.northcentralus1-a.worker.database.windows.net
tr8277.northcentralus1-a.worker.database.windows.net
itdevops2896-ritishaggarwal.eca9305035ab.database.windows.net
webxtsvc.microsoft.pe
www.portal.wwwwwwwwwwww.www.a.mx1.h2775398.stratoserver.net
www.portal.wwwwwwwwwwww.www.a.mx1.h2775398.stratoserver.net
services.wr4vyxuq.park.actionpay.net
*.accesspoint.vpce-0ccc9cc7a3712ac08-u78t83ld-cn-northwest-1a.s3.cn-northwest-1.vpce.amazonaws.com.cn
*.accesspoint.vpce-0ccc9cc7a3712ac08-u78t83ld-cn-northwest-1b.s3.cn-northwest-1.vpce.amazonaws.com.cn
*.accesspoint.vpce-0ccc9cc7a3712ac08-u78t83ld-cn-northwest-1c.s3.cn-northwest-1.vpce.amazonaws.com.cn
*.accesspoint.vpce-0ccc9cc7a3712ac08-u78t83ld.s3.cn-northwest-1.vpce.amazonaws.com.cn
*.bucket.vpce-0ccc9cc7a3712ac08-u78t83ld-cn-northwest-1a.s3.cn-northwest-1.vpce.amazonaws.com.cn
*.bucket.vpce-0ccc9cc7a3712ac08-u78t83ld-cn-northwest-1b.s3.cn-northwest-1.vpce.amazonaws.com.cn
*.bucket.vpce-0ccc9cc7a3712ac08-u78t83ld-cn-northwest-1c.s3.cn-northwest-1.vpce.amazonaws.com.cn
*.bucket.vpce-0ccc9cc7a3712ac08-u78t83ld.s3.cn-northwest-1.vpce.amazonaws.com.cn
*.control.vpce-0ccc9cc7a3712ac08-u78t83ld-cn-northwest-1a.s3.cn-northwest-1.vpce.amazonaws.com.cn
*.control.vpce-0ccc9cc7a3712ac08-u78t83ld-cn-northwest-1b.s3.cn-northwest-1.vpce.amazonaws.com.cn
*.control.vpce-0ccc9cc7a3712ac08-u78t83ld-cn-northwest-1c.s3.cn-northwest-1.vpce.amazonaws.com.cn
*.control.vpce-0ccc9cc7a3712ac08-u78t83ld.s3.cn-northwest-1.vpce.amazonaws.com.cn
*.s3-accesspoint.cn-northwest-1.amazonaws.com.cn
*.s3-control.cn-northwest-1.amazonaws.com.cn
*.s3.cn-northwest-1.amazonaws.com.cn
bucket.vpce-0ccc9cc7a3712ac08-u78t83ld-cn-northwest-1a.s3.cn-northwest-1.vpce.amazonaws.com.cn
bucket.vpce-0ccc9cc7a3712ac08-u78t83ld-cn-northwest-1b.s3.cn-northwest-1.vpce.amazonaws.com.cn
bucket.vpce-0ccc9cc7a3712ac08-u78t83ld-cn-northwest-1c.s3.cn-northwest-1.vpce.amazonaws.com.cn
bucket.vpce-0ccc9cc7a3712ac08-u78t83ld.s3.cn-northwest-1.vpce.amazonaws.com.cn
s3.cn-northwest-1.amazonaws.com.cn
vai-0ac20ea696308fe0d.ava.il-central-1.amazonaws.com
vai-0d7668ae56512e540.ava.ap-southeast-3.amazonaws.com
*.ap-southeast-2.es.amazonaws.com
4a332meonobcvokn7qzp24i2tm.ap-southeast-2.es.amazonaws.com
alt.canary.s3.ca-west-1.vpce.amazonaws.com
canary.s3.ca-west-1.vpce.amazonaws.com
*.accesspoint.vpce-0837d5906a27a6904-8gv33kl1-ap-south-1a.s3.ap-south-1.vpce.amazonaws.com
*.accesspoint.vpce-0837d5906a27a6904-8gv33kl1-ap-south-1b.s3.ap-south-1.vpce.amazonaws.com
*.accesspoint.vpce-0837d5906a27a6904-8gv33kl1-ap-south-1c.s3.ap-south-1.vpce.amazonaws.com
*.accesspoint.vpce-0837d5906a27a6904-8gv33kl1.s3.ap-south-1.vpce.amazonaws.com
*.bucket.vpce-0837d5906a27a6904-8gv33kl1-ap-south-1a.s3.ap-south-1.vpce.amazonaws.com
*.bucket.vpce-0837d5906a27a6904-8gv33kl1-ap-south-1b.s3.ap-south-1.vpce.amazonaws.com
*.bucket.vpce-0837d5906a27a6904-8gv33kl1-ap-south-1c.s3.ap-south-1.vpce.amazonaws.com
*.bucket.vpce-0837d5906a27a6904-8gv33kl1.s3.ap-south-1.vpce.amazonaws.com
*.control.vpce-0837d5906a27a6904-8gv33kl1-ap-south-1a.s3.ap-south-1.vpce.amazonaws.com
*.control.vpce-0837d5906a27a6904-8gv33kl1-ap-south-1b.s3.ap-south-1.vpce.amazonaws.com
*.control.vpce-0837d5906a27a6904-8gv33kl1-ap-south-1c.s3.ap-south-1.vpce.amazonaws.com
*.control.vpce-0837d5906a27a6904-8gv33kl1.s3.ap-south-1.vpce.amazonaws.com
*.s3-accesspoint.ap-south-1.amazonaws.com
*.s3-control.ap-south-1.amazonaws.com
*.s3.ap-south-1.amazonaws.com
bucket.vpce-0837d5906a27a6904-8gv33kl1-ap-south-1a.s3.ap-south-1.vpce.amazonaws.com
bucket.vpce-0837d5906a27a6904-8gv33kl1-ap-south-1b.s3.ap-south-1.vpce.amazonaws.com
bucket.vpce-0837d5906a27a6904-8gv33kl1-ap-south-1c.s3.ap-south-1.vpce.amazonaws.com
bucket.vpce-0837d5906a27a6904-8gv33kl1.s3.ap-south-1.vpce.amazonaws.com
s3.ap-south-1.amazonaws.com
*.accesspoint.vpce-053e45f0e6a891109-8deg9lo5-ap-northeast-3a.s3.ap-northeast-3.vpce.amazonaws.com
*.accesspoint.vpce-053e45f0e6a891109-8deg9lo5-ap-northeast-3b.s3.ap-northeast-3.vpce.amazonaws.com
*.accesspoint.vpce-053e45f0e6a891109-8deg9lo5-ap-northeast-3c.s3.ap-northeast-3.vpce.amazonaws.com
*.accesspoint.vpce-053e45f0e6a891109-8deg9lo5.s3.ap-northeast-3.vpce.amazonaws.com
*.bucket.vpce-053e45f0e6a891109-8deg9lo5-ap-northeast-3a.s3.ap-northeast-3.vpce.amazonaws.com
*.bucket.vpce-053e45f0e6a891109-8deg9lo5-ap-northeast-3b.s3.ap-northeast-3.vpce.amazonaws.com
*.bucket.vpce-053e45f0e6a891109-8deg9lo5-ap-northeast-3c.s3.ap-northeast-3.vpce.amazonaws.com
*.bucket.vpce-053e45f0e6a891109-8deg9lo5.s3.ap-northeast-3.vpce.amazonaws.com
*.control.vpce-053e45f0e6a891109-8deg9lo5-ap-northeast-3a.s3.ap-northeast-3.vpce.amazonaws.com
*.control.vpce-053e45f0e6a891109-8deg9lo5-ap-northeast-3b.s3.ap-northeast-3.vpce.amazonaws.com
*.control.vpce-053e45f0e6a891109-8deg9lo5-ap-northeast-3c.s3.ap-northeast-3.vpce.amazonaws.com
*.control.vpce-053e45f0e6a891109-8deg9lo5.s3.ap-northeast-3.vpce.amazonaws.com
*.s3-accesspoint.ap-northeast-3.amazonaws.com
*.s3-control.ap-northeast-3.amazonaws.com
*.s3.ap-northeast-3.amazonaws.com
bucket.vpce-053e45f0e6a891109-8deg9lo5-ap-northeast-3a.s3.ap-northeast-3.vpce.amazonaws.com
bucket.vpce-053e45f0e6a891109-8deg9lo5-ap-northeast-3b.s3.ap-northeast-3.vpce.amazonaws.com
bucket.vpce-053e45f0e6a891109-8deg9lo5-ap-northeast-3c.s3.ap-northeast-3.vpce.amazonaws.com
bucket.vpce-053e45f0e6a891109-8deg9lo5.s3.ap-northeast-3.vpce.amazonaws.com
s3.ap-northeast-3.amazonaws.com
*.canaryd2852a54d2ad.csu92a.c9.kafka.eu-west-1.amazonaws.com
*.iam.canaryd2852a54d2ad.csu92a.c9.kafka.eu-west-1.amazonaws.com
*.iam2.canaryd2852a54d2ad.csu92a.c9.kafka.eu-west-1.amazonaws.com
*.scram.canaryd2852a54d2ad.csu92a.c9.kafka.eu-west-1.amazonaws.com
*.scram2.canaryd2852a54d2ad.csu92a.c9.kafka.eu-west-1.amazonaws.com
*.tls.canaryd2852a54d2ad.csu92a.c9.kafka.eu-west-1.amazonaws.com
*.tls2.canaryd2852a54d2ad.csu92a.c9.kafka.eu-west-1.amazonaws.com
vai-0acdb42d3174ef4be.ava.eu-north-1.amazonaws.com
vai-00ccc03d1c40fed22.ava.sa-east-1.amazonaws.com
vai-054726ac98ee490dd.ava.ap-south-1.amazonaws.com
alt.canary.s3.me-central-1.vpce.amazonaws.com
canary.s3.me-central-1.vpce.amazonaws.com
*.accesspoint.vpce-0d6d157c3e07c20bd-nj839c5n-eu-south-2a.s3.eu-south-2.vpce.amazonaws.com
*.accesspoint.vpce-0d6d157c3e07c20bd-nj839c5n-eu-south-2b.s3.eu-south-2.vpce.amazonaws.com
*.accesspoint.vpce-0d6d157c3e07c20bd-nj839c5n-eu-south-2c.s3.eu-south-2.vpce.amazonaws.com
*.accesspoint.vpce-0d6d157c3e07c20bd-nj839c5n.s3.eu-south-2.vpce.amazonaws.com
*.bucket.vpce-0d6d157c3e07c20bd-nj839c5n-eu-south-2a.s3.eu-south-2.vpce.amazonaws.com
*.bucket.vpce-0d6d157c3e07c20bd-nj839c5n-eu-south-2b.s3.eu-south-2.vpce.amazonaws.com
*.bucket.vpce-0d6d157c3e07c20bd-nj839c5n-eu-south-2c.s3.eu-south-2.vpce.amazonaws.com
*.bucket.vpce-0d6d157c3e07c20bd-nj839c5n.s3.eu-south-2.vpce.amazonaws.com
*.control.vpce-0d6d157c3e07c20bd-nj839c5n-eu-south-2a.s3.eu-south-2.vpce.amazonaws.com
*.control.vpce-0d6d157c3e07c20bd-nj839c5n-eu-south-2b.s3.eu-south-2.vpce.amazonaws.com
*.control.vpce-0d6d157c3e07c20bd-nj839c5n-eu-south-2c.s3.eu-south-2.vpce.amazonaws.com
*.control.vpce-0d6d157c3e07c20bd-nj839c5n.s3.eu-south-2.vpce.amazonaws.com
*.s3-accesspoint.eu-south-2.amazonaws.com
*.s3-control.eu-south-2.amazonaws.com
*.s3.eu-south-2.amazonaws.com
bucket.vpce-0d6d157c3e07c20bd-nj839c5n-eu-south-2a.s3.eu-south-2.vpce.amazonaws.com
bucket.vpce-0d6d157c3e07c20bd-nj839c5n-eu-south-2b.s3.eu-south-2.vpce.amazonaws.com
bucket.vpce-0d6d157c3e07c20bd-nj839c5n-eu-south-2c.s3.eu-south-2.vpce.amazonaws.com
bucket.vpce-0d6d157c3e07c20bd-nj839c5n.s3.eu-south-2.vpce.amazonaws.com
s3.eu-south-2.amazonaws.com
*.gcsr1736153794cel.z83fxo.c1.kafka.ap-southeast-2.amazonaws.com
*.iam.gcsr1736153794cel.z83fxo.c1.kafka.ap-southeast-2.amazonaws.com
*.iam2.gcsr1736153794cel.z83fxo.c1.kafka.ap-southeast-2.amazonaws.com
*.scram.gcsr1736153794cel.z83fxo.c1.kafka.ap-southeast-2.amazonaws.com
*.scram2.gcsr1736153794cel.z83fxo.c1.kafka.ap-southeast-2.amazonaws.com
*.tls.gcsr1736153794cel.z83fxo.c1.kafka.ap-southeast-2.amazonaws.com
*.tls2.gcsr1736153794cel.z83fxo.c1.kafka.ap-southeast-2.amazonaws.com
az-sqlmi-np-uaen-enterprise.79d2ce61015f.database.windows.net
portal.edmodo.fliwizer.172.93.104.11.backname.io
www.www.git.git.blog.zmail.innfinite.co.uk
www.login.new.dashboard.fr.partick.insightandsound.co.uk
www.www.wwwwwwwwwwwwwww.wwwwww.wwwwww.heritagetrustbonline.com.dns.freedyndns.org
app.www.qa.shop.trimble.comapp.wwwpensive-mclaren.49-12-111-90.plesk.page
portal.classroom.noredink.172.93.104.11.backname.io
www.www.www.www.www.www.znbcrgithub.ipv4.com.au
www.www.satwatch.orgwwwwwwwwwwwbstprivate.com.dns.freedyndns.org
www.www.portal.ww.wwwwww.wwwwwwsuspicious-mcnulty.13-68-225-194.plesk.page
m.portal.app.www.ab.festive-torvalds.13-68-225-194.plesk.page
legaladvicechamber.com.gocargodservices.com
www.legaladvicechamber.com.gocargodservices.com
www.pop3.fr.www.erubzutodiscover.vpn.shop.mx.avarkomm21.ru
pr.remote-device-management-rdm-56200.bond
alertmanager.notification.env.mpb.com
www.www.gitlab.git.adminportal.algofaren.ru
www.www.www.gitlab.git.adminportal.algofaren.ru
www.boostnextlevel.com.advertigen.com
*.us-gov-west-1.es.amazonaws.com
4e6es2whr4unbsz5ncvp6mgin4.us-gov-west-1.es.amazonaws.com
drillinginnovationforum.com.archidsupport.com
www.drillinginnovationforum.com.archidsupport.com
www.www.kqgvuzfl.www.www.www.www.cloudapp.slclogin.com
m.portal.www.7www.wwwwwwgitlab.frosty-newton.13-68-225-194.plesk.page
*.accesspoint.vpce-0489ca8b81aceb329-u3romeqe-eu-north-1a.s3.eu-north-1.vpce.amazonaws.com
*.accesspoint.vpce-0489ca8b81aceb329-u3romeqe-eu-north-1b.s3.eu-north-1.vpce.amazonaws.com
*.accesspoint.vpce-0489ca8b81aceb329-u3romeqe-eu-north-1c.s3.eu-north-1.vpce.amazonaws.com
*.accesspoint.vpce-0489ca8b81aceb329-u3romeqe.s3.eu-north-1.vpce.amazonaws.com
*.bucket.vpce-0489ca8b81aceb329-u3romeqe-eu-north-1a.s3.eu-north-1.vpce.amazonaws.com
*.bucket.vpce-0489ca8b81aceb329-u3romeqe-eu-north-1b.s3.eu-north-1.vpce.amazonaws.com
*.bucket.vpce-0489ca8b81aceb329-u3romeqe-eu-north-1c.s3.eu-north-1.vpce.amazonaws.com
*.bucket.vpce-0489ca8b81aceb329-u3romeqe.s3.eu-north-1.vpce.amazonaws.com
*.control.vpce-0489ca8b81aceb329-u3romeqe-eu-north-1a.s3.eu-north-1.vpce.amazonaws.com
*.control.vpce-0489ca8b81aceb329-u3romeqe-eu-north-1b.s3.eu-north-1.vpce.amazonaws.com
*.control.vpce-0489ca8b81aceb329-u3romeqe-eu-north-1c.s3.eu-north-1.vpce.amazonaws.com
*.control.vpce-0489ca8b81aceb329-u3romeqe.s3.eu-north-1.vpce.amazonaws.com
*.s3-accesspoint.eu-north-1.amazonaws.com
*.s3-control.eu-north-1.amazonaws.com
*.s3.eu-north-1.amazonaws.com
bucket.vpce-0489ca8b81aceb329-u3romeqe-eu-north-1a.s3.eu-north-1.vpce.amazonaws.com
bucket.vpce-0489ca8b81aceb329-u3romeqe-eu-north-1b.s3.eu-north-1.vpce.amazonaws.com
bucket.vpce-0489ca8b81aceb329-u3romeqe-eu-north-1c.s3.eu-north-1.vpce.amazonaws.com
bucket.vpce-0489ca8b81aceb329-u3romeqe.s3.eu-north-1.vpce.amazonaws.com
s3.eu-north-1.amazonaws.com
*.cn-north-1.es.amazonaws.com.cn
y53vmdvskczbmf5e3bkerpfytm.cn-north-1.es.amazonaws.com.cn
*.us-gov-west-1.es.amazonaws.com
5j4xr2q5fe7xfkcn4nzn4c466e.us-gov-west-1.es.amazonaws.com
*.us-east-1.es-staging.amazonaws.com
b4dttilajfy2etkaojj5tiwpym.us-east-1.es-staging.amazonaws.com
*.us-gov-west-1.es.amazonaws.com
nvkz2b3zslrogxidnqx3bcqhtm.us-gov-west-1.es.amazonaws.com
alt.canary.s3.us-west-2.vpce.amazonaws.com
canary.s3.us-west-2.vpce.amazonaws.com
pochtabank.sber.pochta.youla.pqid2b.4tkh7gccy7tjtrr.api.dota2t.com
accounting-skills-learning-pro-course.world
c2b45d97-ab34-4fd0-8933-2a615e8d0c79.test.landing.bonjoro.com
a5dcc665-b8b3-45e0-abfe-e359500a30ff.prepaidbanking.de
*.us-gov-west-1.es.amazonaws.com
fwlgit3tyhjjcftk27pk7zvwdm.us-gov-west-1.es.amazonaws.com
portal.www.app.www.bbc.ennlive.org
4home.login.api.auth.fr.partick.insightandsound.co.uk
www.portal.www.app.kwfkwef.ennlive.org
pochtabank.www.cdek.www.nalozhka.cdek.newpassword2016.desireplum.com
www.www.www.com12ptb8qg.ww.barclaysoffshoresservice.com.dns.freedyndns.org
www.www.ww.www.barclaysoffshoreservice.com.dns.freedyndns.org
outlook.basculapizzeria.it
*.gcsr1736153794cel.z83fxo.c1.kafka.ap-southeast-2.amazonaws.com
*.iam.gcsr1736153794cel.z83fxo.c1.kafka.ap-southeast-2.amazonaws.com
*.iam2.gcsr1736153794cel.z83fxo.c1.kafka.ap-southeast-2.amazonaws.com
*.scram.gcsr1736153794cel.z83fxo.c1.kafka.ap-southeast-2.amazonaws.com
*.scram2.gcsr1736153794cel.z83fxo.c1.kafka.ap-southeast-2.amazonaws.com
*.tls.gcsr1736153794cel.z83fxo.c1.kafka.ap-southeast-2.amazonaws.com
*.tls2.gcsr1736153794cel.z83fxo.c1.kafka.ap-southeast-2.amazonaws.com
familyapps.org.in.raintechonline.com
www.familyapps.org.in.raintechonline.com
en.jh-fwcc-867-delivery-address.ssfwcc.ci.shopsys.cloud
jh-fwcc-867-delivery-address.ssfwcc.ci.shopsys.cloud
parvajtyagi0001gmail.com
www.deepshinedetailing.com.dealsney.com
whatsapp.emomatrix.com
skype.sodetic.com
www.ozon.avito.avito.avito.sber.7oi7f1lccqod2x5.fe.mi-xx.ru
www.ozon.avito.avito.avito.sber.7oi7f1lccqod2x5.fe.mi-xx.ru
kcwebbroofingcompany.com.wse.yhw.temporary.site
www.kcwebbroofingcompany.com.wse.yhw.temporary.site
microsoft.public.nl.office.aworsd.shivtr.com
microsoft.public.nl.office.aworsd.shivtr.com
*.github-proxy2.gu5ang.workers.dev
*.us-gov-west-1.es.amazonaws.com
j6pggwpp35jwqxuzixkipiix6e.us-gov-west-1.es.amazonaws.com
*.us-gov-west-1.es.amazonaws.com
d4re7e5lvtfftcmafk7h264gwy.us-gov-west-1.es.amazonaws.com
*.us-gov-west-1.es.amazonaws.com
ztqjvzb3ytnwhpi6ox54mcuhuq.us-gov-west-1.es.amazonaws.com
vai-00ccc03d1c40fed22.ava.sa-east-1.amazonaws.com
vai-054726ac98ee490dd.ava.ap-south-1.amazonaws.com
alt.canary.s3.me-central-1.vpce.amazonaws.com
canary.s3.me-central-1.vpce.amazonaws.com
*.accesspoint.vpce-0d6d157c3e07c20bd-nj839c5n-eu-south-2a.s3.eu-south-2.vpce.amazonaws.com
*.accesspoint.vpce-0d6d157c3e07c20bd-nj839c5n-eu-south-2b.s3.eu-south-2.vpce.amazonaws.com
*.accesspoint.vpce-0d6d157c3e07c20bd-nj839c5n-eu-south-2c.s3.eu-south-2.vpce.amazonaws.com
*.accesspoint.vpce-0d6d157c3e07c20bd-nj839c5n.s3.eu-south-2.vpce.amazonaws.com
*.bucket.vpce-0d6d157c3e07c20bd-nj839c5n-eu-south-2a.s3.eu-south-2.vpce.amazonaws.com
*.bucket.vpce-0d6d157c3e07c20bd-nj839c5n-eu-south-2b.s3.eu-south-2.vpce.amazonaws.com
*.bucket.vpce-0d6d157c3e07c20bd-nj839c5n-eu-south-2c.s3.eu-south-2.vpce.amazonaws.com
*.bucket.vpce-0d6d157c3e07c20bd-nj839c5n.s3.eu-south-2.vpce.amazonaws.com
*.control.vpce-0d6d157c3e07c20bd-nj839c5n-eu-south-2a.s3.eu-south-2.vpce.amazonaws.com
*.control.vpce-0d6d157c3e07c20bd-nj839c5n-eu-south-2b.s3.eu-south-2.vpce.amazonaws.com
*.control.vpce-0d6d157c3e07c20bd-nj839c5n-eu-south-2c.s3.eu-south-2.vpce.amazonaws.com
*.control.vpce-0d6d157c3e07c20bd-nj839c5n.s3.eu-south-2.vpce.amazonaws.com
*.s3-accesspoint.eu-south-2.amazonaws.com
*.s3-control.eu-south-2.amazonaws.com
*.s3.eu-south-2.amazonaws.com
bucket.vpce-0d6d157c3e07c20bd-nj839c5n-eu-south-2a.s3.eu-south-2.vpce.amazonaws.com
bucket.vpce-0d6d157c3e07c20bd-nj839c5n-eu-south-2b.s3.eu-south-2.vpce.amazonaws.com
bucket.vpce-0d6d157c3e07c20bd-nj839c5n-eu-south-2c.s3.eu-south-2.vpce.amazonaws.com
bucket.vpce-0d6d157c3e07c20bd-nj839c5n.s3.eu-south-2.vpce.amazonaws.com
s3.eu-south-2.amazonaws.com
*.gcsr1736153794cel.z83fxo.c1.kafka.ap-southeast-2.amazonaws.com
*.iam.gcsr1736153794cel.z83fxo.c1.kafka.ap-southeast-2.amazonaws.com
*.iam2.gcsr1736153794cel.z83fxo.c1.kafka.ap-southeast-2.amazonaws.com
*.scram.gcsr1736153794cel.z83fxo.c1.kafka.ap-southeast-2.amazonaws.com
*.scram2.gcsr1736153794cel.z83fxo.c1.kafka.ap-southeast-2.amazonaws.com
*.tls.gcsr1736153794cel.z83fxo.c1.kafka.ap-southeast-2.amazonaws.com
*.tls2.gcsr1736153794cel.z83fxo.c1.kafka.ap-southeast-2.amazonaws.com
*.ap-southeast-2.es.amazonaws.com
nzkx33p4aoet3442ntfbh4j6my.ap-southeast-2.es.amazonaws.com
vai-0e88a756dd79dd1b3.ava.ap-southeast-2.amazonaws.com
*.accesspoint.vpce-02cb2760fc8373c77-91zffa39-us-west-1a.s3.us-west-1.vpce.amazonaws.com
*.accesspoint.vpce-02cb2760fc8373c77-91zffa39-us-west-1b.s3.us-west-1.vpce.amazonaws.com
*.accesspoint.vpce-02cb2760fc8373c77-91zffa39.s3.us-west-1.vpce.amazonaws.com
*.bucket.vpce-02cb2760fc8373c77-91zffa39-us-west-1a.s3.us-west-1.vpce.amazonaws.com
*.bucket.vpce-02cb2760fc8373c77-91zffa39-us-west-1b.s3.us-west-1.vpce.amazonaws.com
*.bucket.vpce-02cb2760fc8373c77-91zffa39.s3.us-west-1.vpce.amazonaws.com
*.control.vpce-02cb2760fc8373c77-91zffa39-us-west-1a.s3.us-west-1.vpce.amazonaws.com
*.control.vpce-02cb2760fc8373c77-91zffa39-us-west-1b.s3.us-west-1.vpce.amazonaws.com
*.control.vpce-02cb2760fc8373c77-91zffa39.s3.us-west-1.vpce.amazonaws.com
*.s3-accesspoint.us-west-1.amazonaws.com
*.s3-control.us-west-1.amazonaws.com
*.s3.us-west-1.amazonaws.com
bucket.vpce-02cb2760fc8373c77-91zffa39-us-west-1a.s3.us-west-1.vpce.amazonaws.com
bucket.vpce-02cb2760fc8373c77-91zffa39-us-west-1b.s3.us-west-1.vpce.amazonaws.com
bucket.vpce-02cb2760fc8373c77-91zffa39.s3.us-west-1.vpce.amazonaws.com
s3.us-west-1.amazonaws.com
*.ap-northeast-1.es.amazonaws.com
fo62ajlbqqmd5moelupt74r6si.ap-northeast-1.es.amazonaws.com
*.ap-northeast-1.es.amazonaws.com
q2fvks26qefcjb7kiggtubmg6i.ap-northeast-1.es.amazonaws.com
sw.m21.c01.ias.nrt.prod.aoss.searchservices.aws.dev
*.canary8043be2edf.je0dbw.c2.kafka-gamma.us-west-2.amazonaws.com
*.iam.canary8043be2edf.je0dbw.c2.kafka-gamma.us-west-2.amazonaws.com
*.iam2.canary8043be2edf.je0dbw.c2.kafka-gamma.us-west-2.amazonaws.com
*.scram.canary8043be2edf.je0dbw.c2.kafka-gamma.us-west-2.amazonaws.com
*.scram2.canary8043be2edf.je0dbw.c2.kafka-gamma.us-west-2.amazonaws.com
*.tls.canary8043be2edf.je0dbw.c2.kafka-gamma.us-west-2.amazonaws.com
*.tls2.canary8043be2edf.je0dbw.c2.kafka-gamma.us-west-2.amazonaws.com
*.ca-central-1.es.amazonaws.com
pqbyea4oqqgh6rsqckrq6yg5va.ca-central-1.es.amazonaws.com
*.ca-central-1.es.amazonaws.com
yji34pqlsdtfpdnsw52gv52cuq.ca-central-1.es.amazonaws.com
vai-04e1a732a425a0c7b.ava.ap-southeast-1.amazonaws.com
vai-04329fbb4651c313a.ava.eu-central-1.amazonaws.com
www.aislwsuperset.netflixconfirmation.net
a.ab.git.acqrb5wdena8kvd.neqphkdxrsy.purchases.demo-fs.powr.tv
www.znvfymeu.gitlab.tpoykreq.aicc.theplace.com.mold.cs-on.ru
znvfymeu.gitlab.tpoykreq.aicc.theplace.com.mold.cs-on.ru
www.pg333walletlogin.com
vai-046715662de628f6a.ava.eu-west-1.amazonaws.com
*.ap-southeast-2.es.amazonaws.com
iir46g7o5ldlgmvvzz2gwrrsf4.ap-southeast-2.es.amazonaws.com
*.ca-central-1.es.amazonaws.com
bb4oahp652wm4ylanzefz6jg6e.ca-central-1.es.amazonaws.com
*.ca-central-1.es.amazonaws.com
az2wnfvtzufjwrtk4egk5472yu.ca-central-1.es.amazonaws.com
*.me-south-1.es.amazonaws.com
ldvnu2nmwsntghw4px646greti.me-south-1.es.amazonaws.com
*.ca-central-1.es.amazonaws.com
l4pglxnf7mxjacthxcxpn6muoi.ca-central-1.es.amazonaws.com
alt.canary.s3.ap-south-1.vpce.amazonaws.com
canary.s3.ap-south-1.vpce.amazonaws.com
*.canarya6ef2098a8.1520uz.c1.kafka-gamma.us-west-2.amazonaws.com
*.iam.canarya6ef2098a8.1520uz.c1.kafka-gamma.us-west-2.amazonaws.com
*.iam2.canarya6ef2098a8.1520uz.c1.kafka-gamma.us-west-2.amazonaws.com
*.scram.canarya6ef2098a8.1520uz.c1.kafka-gamma.us-west-2.amazonaws.com
*.scram2.canarya6ef2098a8.1520uz.c1.kafka-gamma.us-west-2.amazonaws.com
*.tls.canarya6ef2098a8.1520uz.c1.kafka-gamma.us-west-2.amazonaws.com
*.tls2.canarya6ef2098a8.1520uz.c1.kafka-gamma.us-west-2.amazonaws.com
ww25.icloudems.rbunagpur.com
clickprogoogleads.com
www.clickprogoogleads.com
www.nature-roo.com.dinorenna.com
v4-review-feature-tmcy89-admin.51.159.11.37.nip.prediggo.ovh
windows11prosatinal.com.tr
outlook.hojini.com
www.inelam.org.topnepal.xyz
webxtsvc.microsoft.pe
a.gitlab.gitlab.e1icneqphkdxrsy.purchases.demo-fs.powr.tv
api.notary.stage.update.connect.axis.com
www.servicequadrat24.at.feature-usercentrics-bccwpka-qr5wls4pnrzd2.fr-4.platformsh.site
app.www.wwwwww.en.support.fr.l2saw.ru
www.app.www.wwwwww.en.support.fr.l2saw.ru
ws.refactoring-moleculer-services.new-bnmap.bndev.it
*.z6f.graphql.fabric.microsoft-int.com
*.z6f.w.api.fabric.microsoft-int.com
auto-s870927vi2-pbi-kv-HttpsZone6f.z6f.w.api.fabric.microsoft-int.com
*.z0f.graphql.fabric.microsoft-int.com
*.z0f.w.api.fabric.microsoft-int.com
auto-s870927vi2-pbi-kv-HttpsZone0f.z0f.w.api.fabric.microsoft-int.com
public.app-api-graphql.app-api-2403-2024-01-18.dev.aws.mybirdbuddy.com
www.chandahope.com.jeffamills.com
www.intuitivepanda.com.jeffamills.com
www.northstarsupport.com.jeffamills.com
outlook.abcmefswfkjvaerfewrdsdical-hosnmbciewiuwepisdvdfacellc.shop
attariqnews.net.exportalley.xyz
www.attariqnews.net.exportalley.xyz
ecs-124-71-99-60.compute.hwclouds-dns.com.1218.com
www.znvfymeu.gitlab.tpoykreq.aicc.theplace.com.mold.cs-on.ru
znvfymeu.gitlab.tpoykreq.aicc.theplace.com.mold.cs-on.ru
api.notary.stage.update.connect.axis.com
www.aazad.com.np.aarushcreation.com
www.dadadara.com.np.aarushcreation.com
en.jh-fwcc-816-ios-remove-button.ssfwcc.ci.shopsys.cloud
jh-fwcc-816-ios-remove-button.ssfwcc.ci.shopsys.cloud
blockchainhawaii.xyz
www.blockchainhawaii.xyz
www.airforcerunmalang.com.elangmasmedia.com
*.informationsecurity-b5b.workers.dev
informationsecurity-b5b.workers.dev
dakhila.ldtax.gov.bdii.cc
mail.dakhila.ldtax.gov.bdii.cc
www.dakhila.ldtax.gov.bdii.cc
169-254-126-120.9deij95090k.ddns.manage.alta.inc
5pzlt72zph7uv3j2iuujd.lendo-pre.lendo-no-pre-1.eks.schibsted.io
lendosantandercreditcard.lendo-pre.lendo-no-pre-1.eks.schibsted.io
wwwwww.wwwwww.pk1eyqlnbp1oc3m.purchases.demo-fs.powr.tv
sberbank.sber.www.sber.sberbank.5bnyyid1qjjmhov.root.privods.com
www.sberbank.sber.www.sber.sberbank.5bnyyid1qjjmhov.root.privods.com
cdek.sberbank.sbermegamarket.world1bin.instimatch.com
a.git.git.git.124.cname.support.cc
pochta.sbermarket.sber.sberbank.covid19.hydro-doctor.com
wfqsywww.localhost.old.login.eclectick.ovh
cast.netflix.com
cast.netflix.com
*.prod.ftl.netflix.com
*.staging.ftl.netflix.com
anycast.ftl.netflix.com
ftl.netflix.com
iconica.com.ec.banasurfruit.com
www.iconica.com.ec.banasurfruit.com
iconica.com.ec.banasurfruit.com
www.iconica.com.ec.banasurfruit.com
*.ancient-sky-870e.jpamazon.workers.dev
jpamazon.workers.dev
migmail.me
migmail.me
servicecatalog-appregistry.sa-east-1.amazonaws.com
143-review-update-sym-t4ft9y.primary.gke.s.meinauto.de
wwwwwwwww.a.a.e1icneqphkdxrsy.purchases.demo-fs.powr.tv
ws.refactoring-moleculer-services.new-bnmap.bndev.it
en.jh-fwcc-880-prefill-default-address.ssfwcc.ci.shopsys.cloud
jh-fwcc-880-prefill-default-address.ssfwcc.ci.shopsys.cloud
a.dev.akshaypurchases.e1-fs.powr.tv
sp1.airvoiceindia.com.prod.hosts.ooklaserver.net
portal.www.ozon.avito.www.id6ggbsrdyabqc8.viraladvertisinganbweb.lg-host.ru
www.portal.www.ozon.avito.www.id6ggbsrdyabqc8.viraladvertisinganbweb.lg-host.ru
www.0wwwwww.qohuhstag.airflow.66-42-62-203.affectionate-dubinsky.103-82-242-18.plesk.page
143-review-update-sym-t4ft9y.primary.gke.s.meinauto.de
*.zcf.graphql.fabric.microsoft-int.com
*.zcf.w.api.fabric.microsoft-int.com
auto-s870927vi2-pbi-kv-HttpsZonecf.zcf.w.api.fabric.microsoft-int.com
www.ykllctechnologies.com.tvcableinternetphone.com
www.ykllctechnologies.com.tvcableinternetphone.com
sber.youla.cdek.youla.youla.pqid2b.4tkh7gccy7tjtrr.api.dota2t.com
qloysfcw.dkbayolw.support.primary.paypal.cim.in
portal.jacksonlawoffices.com
*.prod.ftl.netflix.com
*.staging.ftl.netflix.com
anycast.ftl.netflix.com
ftl.netflix.com
api.iad.gamma.golden-eagle.alexa.amazon.dev
*.ag-5b76bb2.goats.shoot.live.k8s-hana.ondemand.com
intranet.amazonlovers.com
amazon.kedarsmathclasses.com
a.akshaypurchases.e1-fs.powr.tv
www.princetonvan.com.princetonmoving.com
www.princetonvanservice.com.princetonmoving.com
*.instituteforblockchaininnovation.org
instituteforblockchaininnovation.org
portal.caestateaccounting.app
eld-4pcem-apim-nonprod.unique.management.azure-api.net
eld-4pcem-apim-nonprod.unique.portal.azure-api.net
wwwwww.wwwwww.pk1eyqlnbp1oc3m.purchases.demo-fs.powr.tv
supportanwendung.click-learn-dev.info
zmail.inuman.com
blockchainsupportcentre.com
blockchainsupportcentre.cw
webmail.blockchainsupportcentre.com
www.blockchainsupportcentre.com
www.blockchainsupportcentre.cw
en.sh-fwcc-1374-gtm-2-0.ssfwcc.ci.shopsys.cloud
*.europe-southwest1-runtime-connectors-google.com
portal.gotz-service.de
*.westchester-siding-windows-roofing.com
westchester-siding-windows-roofing.com
sber.sbermegamarket.pochta.youla.avito.1m1wafqc5iid2trn.vip.derinport.com
www.sber.sbermegamarket.pochta.youla.avito.1m1wafqc5iid2trn.vip.derinport.com
yandex.sbermegamarket.fod4lesskrogerbipasettlement.com
git.gitlab.gitlab.backoffice.vr47.ru
www.git.gitlab.gitlab.backoffice.vr47.ru
ani-lorak-soset-porno-fot.teamoffice-crm.ru
www.techgreenpower.com.iluminacionevergreen.com
certstories.test.netflix.net
certstories.test.netflix.net
*.remediator-test-iks-02-f9f6c195465e0b0fcac01274faf6129a-0007.eu-de.containers.appdomain.cloud
remediator-test-iks-02-f9f6c195465e0b0fcac01274faf6129a-0007.eu-de.containers.appdomain.cloud
*.canarye1de2d79b2e.4b0b8t.c1.kafka.ap-southeast-2.amazonaws.com
*.iam.canarye1de2d79b2e.4b0b8t.c1.kafka.ap-southeast-2.amazonaws.com
*.iam2.canarye1de2d79b2e.4b0b8t.c1.kafka.ap-southeast-2.amazonaws.com
*.scram.canarye1de2d79b2e.4b0b8t.c1.kafka.ap-southeast-2.amazonaws.com
*.scram2.canarye1de2d79b2e.4b0b8t.c1.kafka.ap-southeast-2.amazonaws.com
*.tls.canarye1de2d79b2e.4b0b8t.c1.kafka.ap-southeast-2.amazonaws.com
*.tls2.canarye1de2d79b2e.4b0b8t.c1.kafka.ap-southeast-2.amazonaws.com
*.accesspoint.vpce-0837d5906a27a6904-8gv33kl1-ap-south-1a.s3.ap-south-1.vpce.amazonaws.com
*.accesspoint.vpce-0837d5906a27a6904-8gv33kl1-ap-south-1b.s3.ap-south-1.vpce.amazonaws.com
*.accesspoint.vpce-0837d5906a27a6904-8gv33kl1-ap-south-1c.s3.ap-south-1.vpce.amazonaws.com
*.accesspoint.vpce-0837d5906a27a6904-8gv33kl1.s3.ap-south-1.vpce.amazonaws.com
*.bucket.vpce-0837d5906a27a6904-8gv33kl1-ap-south-1a.s3.ap-south-1.vpce.amazonaws.com
*.bucket.vpce-0837d5906a27a6904-8gv33kl1-ap-south-1b.s3.ap-south-1.vpce.amazonaws.com
*.bucket.vpce-0837d5906a27a6904-8gv33kl1-ap-south-1c.s3.ap-south-1.vpce.amazonaws.com
*.bucket.vpce-0837d5906a27a6904-8gv33kl1.s3.ap-south-1.vpce.amazonaws.com
*.control.vpce-0837d5906a27a6904-8gv33kl1-ap-south-1a.s3.ap-south-1.vpce.amazonaws.com
*.control.vpce-0837d5906a27a6904-8gv33kl1-ap-south-1b.s3.ap-south-1.vpce.amazonaws.com
*.control.vpce-0837d5906a27a6904-8gv33kl1-ap-south-1c.s3.ap-south-1.vpce.amazonaws.com
*.control.vpce-0837d5906a27a6904-8gv33kl1.s3.ap-south-1.vpce.amazonaws.com
*.s3-accesspoint.ap-south-1.amazonaws.com
*.s3-control.ap-south-1.amazonaws.com
*.s3.ap-south-1.amazonaws.com
bucket.vpce-0837d5906a27a6904-8gv33kl1-ap-south-1a.s3.ap-south-1.vpce.amazonaws.com
bucket.vpce-0837d5906a27a6904-8gv33kl1-ap-south-1b.s3.ap-south-1.vpce.amazonaws.com
bucket.vpce-0837d5906a27a6904-8gv33kl1-ap-south-1c.s3.ap-south-1.vpce.amazonaws.com
bucket.vpce-0837d5906a27a6904-8gv33kl1.s3.ap-south-1.vpce.amazonaws.com
s3.ap-south-1.amazonaws.com
vai-0c1842a03dbaf23e9.ava.ap-northeast-2.amazonaws.com
*.ap-northeast-1.es.amazonaws.com
fo62ajlbqqmd5moelupt74r6si.ap-northeast-1.es.amazonaws.com
*.us-west-1.es.amazonaws.com
2wgi72ngw7egmctcpz3e6yj6ta.us-west-1.es.amazonaws.com
*.accesspoint.vpce-0f22518a90120ea0a-zumrw9u4-cn-northwest-1a.s3.cn-northwest-1.vpce.amazonaws.com.cn
*.accesspoint.vpce-0f22518a90120ea0a-zumrw9u4-cn-northwest-1b.s3.cn-northwest-1.vpce.amazonaws.com.cn
*.accesspoint.vpce-0f22518a90120ea0a-zumrw9u4-cn-northwest-1c.s3.cn-northwest-1.vpce.amazonaws.com.cn
*.accesspoint.vpce-0f22518a90120ea0a-zumrw9u4.s3.cn-northwest-1.vpce.amazonaws.com.cn
*.bucket.vpce-0f22518a90120ea0a-zumrw9u4-cn-northwest-1a.s3.cn-northwest-1.vpce.amazonaws.com.cn
*.bucket.vpce-0f22518a90120ea0a-zumrw9u4-cn-northwest-1b.s3.cn-northwest-1.vpce.amazonaws.com.cn
*.bucket.vpce-0f22518a90120ea0a-zumrw9u4-cn-northwest-1c.s3.cn-northwest-1.vpce.amazonaws.com.cn
*.bucket.vpce-0f22518a90120ea0a-zumrw9u4.s3.cn-northwest-1.vpce.amazonaws.com.cn
*.control.vpce-0f22518a90120ea0a-zumrw9u4-cn-northwest-1a.s3.cn-northwest-1.vpce.amazonaws.com.cn
*.control.vpce-0f22518a90120ea0a-zumrw9u4-cn-northwest-1b.s3.cn-northwest-1.vpce.amazonaws.com.cn
*.control.vpce-0f22518a90120ea0a-zumrw9u4-cn-northwest-1c.s3.cn-northwest-1.vpce.amazonaws.com.cn
*.control.vpce-0f22518a90120ea0a-zumrw9u4.s3.cn-northwest-1.vpce.amazonaws.com.cn
*.s3-accesspoint.cn-northwest-1.amazonaws.com.cn
*.s3-control.cn-northwest-1.amazonaws.com.cn
*.s3.cn-northwest-1.amazonaws.com.cn
bucket.vpce-0f22518a90120ea0a-zumrw9u4-cn-northwest-1a.s3.cn-northwest-1.vpce.amazonaws.com.cn
bucket.vpce-0f22518a90120ea0a-zumrw9u4-cn-northwest-1b.s3.cn-northwest-1.vpce.amazonaws.com.cn
bucket.vpce-0f22518a90120ea0a-zumrw9u4-cn-northwest-1c.s3.cn-northwest-1.vpce.amazonaws.com.cn
bucket.vpce-0f22518a90120ea0a-zumrw9u4.s3.cn-northwest-1.vpce.amazonaws.com.cn
s3.cn-northwest-1.amazonaws.com.cn
*.servicecatalog-appregistry.ap-northeast-1.vpce.amazonaws.com
servicecatalog-appregistry.ap-northeast-1.amazonaws.com
servicecatalog-appregistry.ap-northeast-1.vpce.amazonaws.com
*.servicecatalog-appregistry.us-east-2.vpce.amazonaws.com
servicecatalog-appregistry.us-east-2.amazonaws.com
servicecatalog-appregistry.us-east-2.vpce.amazonaws.com
*.ap-southeast-1.es.amazonaws.com
vcnmfzmdm2al2myj5j3n3kqpme.ap-southeast-1.es.amazonaws.com
keficloud.com
*.lifecycle-prober-autopush-e3df92f2-215f-44a6-80cc-7805aed0a183.us-central1.managedkafka-autopush.gmk-lifecycle-prober-ap-2.cloud-test.goog
comohub.com.tka.heavenskitchenmarion.com
www.comohub.com.tka.heavenskitchenmarion.com
sberbank.www.pay.www.ozon.mid7.nadigerber.com
amazonasarts.org.uk
www.amazonasarts.org.uk
*.servicecatalog-appregistry.us-east-1.vpce.amazonaws.com
servicecatalog-appregistry.us-east-1.vpce.amazonaws.com
*.gcsr1736153872.18a6nk.c1.kafka.cn-northwest-1.amazonaws.com.cn
*.iam.gcsr1736153872.18a6nk.c1.kafka.cn-northwest-1.amazonaws.com.cn
*.iam2.gcsr1736153872.18a6nk.c1.kafka.cn-northwest-1.amazonaws.com.cn
*.scram.gcsr1736153872.18a6nk.c1.kafka.cn-northwest-1.amazonaws.com.cn
*.scram2.gcsr1736153872.18a6nk.c1.kafka.cn-northwest-1.amazonaws.com.cn
*.tls.gcsr1736153872.18a6nk.c1.kafka.cn-northwest-1.amazonaws.com.cn
*.tls2.gcsr1736153872.18a6nk.c1.kafka.cn-northwest-1.amazonaws.com.cn
*.accesspoint.vpce-01bc6a8845949fc07-kz2q6tze-ca-central-1a.s3.ca-central-1.vpce.amazonaws.com
*.accesspoint.vpce-01bc6a8845949fc07-kz2q6tze-ca-central-1b.s3.ca-central-1.vpce.amazonaws.com
*.accesspoint.vpce-01bc6a8845949fc07-kz2q6tze-ca-central-1c.s3.ca-central-1.vpce.amazonaws.com
*.accesspoint.vpce-01bc6a8845949fc07-kz2q6tze-ca-central-1d.s3.ca-central-1.vpce.amazonaws.com
*.accesspoint.vpce-01bc6a8845949fc07-kz2q6tze.s3.ca-central-1.vpce.amazonaws.com
*.bucket.vpce-01bc6a8845949fc07-kz2q6tze-ca-central-1a.s3.ca-central-1.vpce.amazonaws.com
*.bucket.vpce-01bc6a8845949fc07-kz2q6tze-ca-central-1b.s3.ca-central-1.vpce.amazonaws.com
*.bucket.vpce-01bc6a8845949fc07-kz2q6tze-ca-central-1c.s3.ca-central-1.vpce.amazonaws.com
*.bucket.vpce-01bc6a8845949fc07-kz2q6tze-ca-central-1d.s3.ca-central-1.vpce.amazonaws.com
*.bucket.vpce-01bc6a8845949fc07-kz2q6tze.s3.ca-central-1.vpce.amazonaws.com
*.control.vpce-01bc6a8845949fc07-kz2q6tze-ca-central-1a.s3.ca-central-1.vpce.amazonaws.com
*.control.vpce-01bc6a8845949fc07-kz2q6tze-ca-central-1b.s3.ca-central-1.vpce.amazonaws.com
*.control.vpce-01bc6a8845949fc07-kz2q6tze-ca-central-1c.s3.ca-central-1.vpce.amazonaws.com
*.control.vpce-01bc6a8845949fc07-kz2q6tze-ca-central-1d.s3.ca-central-1.vpce.amazonaws.com
*.control.vpce-01bc6a8845949fc07-kz2q6tze.s3.ca-central-1.vpce.amazonaws.com
*.s3-accesspoint.ca-central-1.amazonaws.com
*.s3-control.ca-central-1.amazonaws.com
*.s3.ca-central-1.amazonaws.com
bucket.vpce-01bc6a8845949fc07-kz2q6tze-ca-central-1a.s3.ca-central-1.vpce.amazonaws.com
bucket.vpce-01bc6a8845949fc07-kz2q6tze-ca-central-1b.s3.ca-central-1.vpce.amazonaws.com
bucket.vpce-01bc6a8845949fc07-kz2q6tze-ca-central-1c.s3.ca-central-1.vpce.amazonaws.com
bucket.vpce-01bc6a8845949fc07-kz2q6tze-ca-central-1d.s3.ca-central-1.vpce.amazonaws.com
bucket.vpce-01bc6a8845949fc07-kz2q6tze.s3.ca-central-1.vpce.amazonaws.com
s3.ca-central-1.amazonaws.com
*.accesspoint.vpce-0ba1f89b27a9ed9ac-3y992opc-ap-east-1a.s3.ap-east-1.vpce.amazonaws.com
*.accesspoint.vpce-0ba1f89b27a9ed9ac-3y992opc-ap-east-1b.s3.ap-east-1.vpce.amazonaws.com
*.accesspoint.vpce-0ba1f89b27a9ed9ac-3y992opc-ap-east-1c.s3.ap-east-1.vpce.amazonaws.com
*.accesspoint.vpce-0ba1f89b27a9ed9ac-3y992opc.s3.ap-east-1.vpce.amazonaws.com
*.bucket.vpce-0ba1f89b27a9ed9ac-3y992opc-ap-east-1a.s3.ap-east-1.vpce.amazonaws.com
*.bucket.vpce-0ba1f89b27a9ed9ac-3y992opc-ap-east-1b.s3.ap-east-1.vpce.amazonaws.com
*.bucket.vpce-0ba1f89b27a9ed9ac-3y992opc-ap-east-1c.s3.ap-east-1.vpce.amazonaws.com
*.bucket.vpce-0ba1f89b27a9ed9ac-3y992opc.s3.ap-east-1.vpce.amazonaws.com
*.control.vpce-0ba1f89b27a9ed9ac-3y992opc-ap-east-1a.s3.ap-east-1.vpce.amazonaws.com
*.control.vpce-0ba1f89b27a9ed9ac-3y992opc-ap-east-1b.s3.ap-east-1.vpce.amazonaws.com
*.control.vpce-0ba1f89b27a9ed9ac-3y992opc-ap-east-1c.s3.ap-east-1.vpce.amazonaws.com
*.control.vpce-0ba1f89b27a9ed9ac-3y992opc.s3.ap-east-1.vpce.amazonaws.com
*.s3-accesspoint.ap-east-1.amazonaws.com
*.s3-control.ap-east-1.amazonaws.com
*.s3.ap-east-1.amazonaws.com
bucket.vpce-0ba1f89b27a9ed9ac-3y992opc-ap-east-1a.s3.ap-east-1.vpce.amazonaws.com
bucket.vpce-0ba1f89b27a9ed9ac-3y992opc-ap-east-1b.s3.ap-east-1.vpce.amazonaws.com
bucket.vpce-0ba1f89b27a9ed9ac-3y992opc-ap-east-1c.s3.ap-east-1.vpce.amazonaws.com
bucket.vpce-0ba1f89b27a9ed9ac-3y992opc.s3.ap-east-1.vpce.amazonaws.com
s3.ap-east-1.amazonaws.com
*.canary9064dd1d.6ms7da.c1.kafka.cn-northwest-1.amazonaws.com.cn
*.iam.canary9064dd1d.6ms7da.c1.kafka.cn-northwest-1.amazonaws.com.cn
*.iam2.canary9064dd1d.6ms7da.c1.kafka.cn-northwest-1.amazonaws.com.cn
*.scram.canary9064dd1d.6ms7da.c1.kafka.cn-northwest-1.amazonaws.com.cn
*.scram2.canary9064dd1d.6ms7da.c1.kafka.cn-northwest-1.amazonaws.com.cn
*.tls.canary9064dd1d.6ms7da.c1.kafka.cn-northwest-1.amazonaws.com.cn
*.tls2.canary9064dd1d.6ms7da.c1.kafka.cn-northwest-1.amazonaws.com.cn
*.accesspoint.vpce-09425251b34d455f7-snwoax2u-us-gov-west-1a.s3.us-gov-west-1.vpce.amazonaws.com
*.accesspoint.vpce-09425251b34d455f7-snwoax2u-us-gov-west-1b.s3.us-gov-west-1.vpce.amazonaws.com
*.accesspoint.vpce-09425251b34d455f7-snwoax2u-us-gov-west-1c.s3.us-gov-west-1.vpce.amazonaws.com
*.accesspoint.vpce-09425251b34d455f7-snwoax2u.s3.us-gov-west-1.vpce.amazonaws.com
*.bucket.vpce-09425251b34d455f7-snwoax2u-us-gov-west-1a.s3.us-gov-west-1.vpce.amazonaws.com
*.bucket.vpce-09425251b34d455f7-snwoax2u-us-gov-west-1b.s3.us-gov-west-1.vpce.amazonaws.com
*.bucket.vpce-09425251b34d455f7-snwoax2u-us-gov-west-1c.s3.us-gov-west-1.vpce.amazonaws.com
*.bucket.vpce-09425251b34d455f7-snwoax2u.s3.us-gov-west-1.vpce.amazonaws.com
*.control.vpce-09425251b34d455f7-snwoax2u-us-gov-west-1a.s3.us-gov-west-1.vpce.amazonaws.com
*.control.vpce-09425251b34d455f7-snwoax2u-us-gov-west-1b.s3.us-gov-west-1.vpce.amazonaws.com
*.control.vpce-09425251b34d455f7-snwoax2u-us-gov-west-1c.s3.us-gov-west-1.vpce.amazonaws.com
*.control.vpce-09425251b34d455f7-snwoax2u.s3.us-gov-west-1.vpce.amazonaws.com
*.s3-accesspoint.us-gov-west-1.amazonaws.com
*.s3-control.us-gov-west-1.amazonaws.com
*.s3.us-gov-west-1.amazonaws.com
bucket.vpce-09425251b34d455f7-snwoax2u-us-gov-west-1a.s3.us-gov-west-1.vpce.amazonaws.com
bucket.vpce-09425251b34d455f7-snwoax2u-us-gov-west-1b.s3.us-gov-west-1.vpce.amazonaws.com
bucket.vpce-09425251b34d455f7-snwoax2u-us-gov-west-1c.s3.us-gov-west-1.vpce.amazonaws.com
bucket.vpce-09425251b34d455f7-snwoax2u.s3.us-gov-west-1.vpce.amazonaws.com
s3.us-gov-west-1.amazonaws.com
getyoutubethumbnailideas.com
getyoutubethumbnailideas.com
*.facebookk.fr
facebookk.fr
*.us-east-1.es.amazonaws.com
6j2a62ky5phzuqjvn7b3mflocq.us-east-1.es.amazonaws.com
*.us-west-2.es.amazonaws.com
kvwver2qrtjnfiawehqz7gzcia.us-west-2.es.amazonaws.com
*.us-west-2.es.amazonaws.com
mdffwzs6fwaiiq32jgcz2phdp4.us-west-2.es.amazonaws.com
*.us-west-2.es.amazonaws.com
uovhzegjrawejoaufhhqi36fo4.us-west-2.es.amazonaws.com
alt.canary.s3.us-northeast-1.vpce.amazonaws.com
canary.s3.us-northeast-1.vpce.amazonaws.com
vai-051ec581cd0e1e725.ava.eu-west-2.amazonaws.com
deploy-delete-app-us-east-1-5.deploy-delete-test-us-east-1-2wkkc9r.forgeapps.ec2.aws.dev
deploy-delete-app-us-east-1-5.deploy-delete-test-us-east-1-2wkkc9r.us-east-1.forgeapps.ec2.aws.dev
r53lbr.deploy-delete-app-us-east-1-5.deploy-delete-test-us-east-1-2wkkc9r.forgeapps.ec2.aws.dev
www.medibloom.net.wizpack.net
*.9to5blockchain.com
9to5blockchain.com
*.lifecycle-prober-prod-28ba9378-c406-4088-a620-75fa6ea6e490.europe-west4.managedkafka.gmk-lifecycle-prober-prod-2.cloud.goog
zmail.inuman.com
t-skagenweb1.vm.test-mservice.wolf.storebrand.no
t-skagenweb2.vm.test-mservice.wolf.storebrand.no
t-skagenweb3.vm.test-mservice.wolf.storebrand.no
*.manage.inst1.apps.11da9febcd6.ocp.techzone.ibm.com
www.coasterholders.com.easelmoments.com
github.gu5ang.cc
www.dopaminomusic.com.bardiaghd.com
www.google.gemini.mx
www.sissythatlala.com.stevenspointpride.com
login.fs.accountmanagementjobs.ca
*.ap-south-2.es.amazonaws.com
nhhdrg65ghvkhydt23i2hfkrtq.ap-south-2.es.amazonaws.com
www.amazonlistingoptimizer.com
portal.purchases.e1-fs.powr.tv
dev.trustedaccount.licensing-service.boschrexroth.com
blockchainsupportcentre.com
blockchainsupportcentre.cw
webmail.blockchainsupportcentre.com
www.blockchainsupportcentre.com
www.blockchainsupportcentre.cw
www.google.gemini.mx
supportassets.prd-web.americantitleandloan.com
supportassets.prd-web.americantitleandloan.com
services.wr4vyxuq.park.actionpay.net
*.ap-south-2.es.amazonaws.com
nhhdrg65ghvkhydt23i2hfkrtq.ap-south-2.es.amazonaws.com
*.canarya481f58d63b.u22eri.c2.kafka.ap-southeast-2.amazonaws.com
*.iam.canarya481f58d63b.u22eri.c2.kafka.ap-southeast-2.amazonaws.com
*.iam2.canarya481f58d63b.u22eri.c2.kafka.ap-southeast-2.amazonaws.com
*.scram.canarya481f58d63b.u22eri.c2.kafka.ap-southeast-2.amazonaws.com
*.scram2.canarya481f58d63b.u22eri.c2.kafka.ap-southeast-2.amazonaws.com
*.tls.canarya481f58d63b.u22eri.c2.kafka.ap-southeast-2.amazonaws.com
*.tls2.canarya481f58d63b.u22eri.c2.kafka.ap-southeast-2.amazonaws.com
*.canary110d6dc2.385soh.c3.kafka.cn-northwest-1.amazonaws.com.cn
*.iam.canary110d6dc2.385soh.c3.kafka.cn-northwest-1.amazonaws.com.cn
*.iam2.canary110d6dc2.385soh.c3.kafka.cn-northwest-1.amazonaws.com.cn
*.scram.canary110d6dc2.385soh.c3.kafka.cn-northwest-1.amazonaws.com.cn
*.scram2.canary110d6dc2.385soh.c3.kafka.cn-northwest-1.amazonaws.com.cn
*.tls.canary110d6dc2.385soh.c3.kafka.cn-northwest-1.amazonaws.com.cn
*.tls2.canary110d6dc2.385soh.c3.kafka.cn-northwest-1.amazonaws.com.cn
*.ap-south-1.es.amazonaws.com
2wiursvmh7dtx6bohpx3u253ni.ap-south-1.es.amazonaws.com
*.iam.registerandderegister.79atbt.c3.kafka.eu-north-1.amazonaws.com
*.iam2.registerandderegister.79atbt.c3.kafka.eu-north-1.amazonaws.com
*.registerandderegister.79atbt.c3.kafka.eu-north-1.amazonaws.com
*.scram.registerandderegister.79atbt.c3.kafka.eu-north-1.amazonaws.com
*.scram2.registerandderegister.79atbt.c3.kafka.eu-north-1.amazonaws.com
*.tls.registerandderegister.79atbt.c3.kafka.eu-north-1.amazonaws.com
*.tls2.registerandderegister.79atbt.c3.kafka.eu-north-1.amazonaws.com
*.canary1c7a25fdf8.s1151z.c2.kafka-gamma.us-west-2.amazonaws.com
*.iam.canary1c7a25fdf8.s1151z.c2.kafka-gamma.us-west-2.amazonaws.com
*.iam2.canary1c7a25fdf8.s1151z.c2.kafka-gamma.us-west-2.amazonaws.com
*.scram.canary1c7a25fdf8.s1151z.c2.kafka-gamma.us-west-2.amazonaws.com
*.scram2.canary1c7a25fdf8.s1151z.c2.kafka-gamma.us-west-2.amazonaws.com
*.tls.canary1c7a25fdf8.s1151z.c2.kafka-gamma.us-west-2.amazonaws.com
*.tls2.canary1c7a25fdf8.s1151z.c2.kafka-gamma.us-west-2.amazonaws.com
*.accesspoint.vpce-08609fde22fba0797-345jqg4v-eu-south-2a.s3.eu-south-2.vpce.amazonaws.com
*.accesspoint.vpce-08609fde22fba0797-345jqg4v-eu-south-2b.s3.eu-south-2.vpce.amazonaws.com
*.accesspoint.vpce-08609fde22fba0797-345jqg4v-eu-south-2c.s3.eu-south-2.vpce.amazonaws.com
*.accesspoint.vpce-08609fde22fba0797-345jqg4v.s3.eu-south-2.vpce.amazonaws.com
*.bucket.vpce-08609fde22fba0797-345jqg4v-eu-south-2a.s3.eu-south-2.vpce.amazonaws.com
*.bucket.vpce-08609fde22fba0797-345jqg4v-eu-south-2b.s3.eu-south-2.vpce.amazonaws.com
*.bucket.vpce-08609fde22fba0797-345jqg4v-eu-south-2c.s3.eu-south-2.vpce.amazonaws.com
*.bucket.vpce-08609fde22fba0797-345jqg4v.s3.eu-south-2.vpce.amazonaws.com
*.control.vpce-08609fde22fba0797-345jqg4v-eu-south-2a.s3.eu-south-2.vpce.amazonaws.com
*.control.vpce-08609fde22fba0797-345jqg4v-eu-south-2b.s3.eu-south-2.vpce.amazonaws.com
*.control.vpce-08609fde22fba0797-345jqg4v-eu-south-2c.s3.eu-south-2.vpce.amazonaws.com
*.control.vpce-08609fde22fba0797-345jqg4v.s3.eu-south-2.vpce.amazonaws.com
*.s3-accesspoint.eu-south-2.amazonaws.com
*.s3-control.eu-south-2.amazonaws.com
*.s3.eu-south-2.amazonaws.com
bucket.vpce-08609fde22fba0797-345jqg4v-eu-south-2a.s3.eu-south-2.vpce.amazonaws.com
bucket.vpce-08609fde22fba0797-345jqg4v-eu-south-2b.s3.eu-south-2.vpce.amazonaws.com
bucket.vpce-08609fde22fba0797-345jqg4v-eu-south-2c.s3.eu-south-2.vpce.amazonaws.com
bucket.vpce-08609fde22fba0797-345jqg4v.s3.eu-south-2.vpce.amazonaws.com
s3.eu-south-2.amazonaws.com
*.ap-northeast-3.es.amazonaws.com
iyvevs5kon6maon4qhsy6ma2jm.ap-northeast-3.es.amazonaws.com
*.canaryb88d3dc9dae8.dkwi5d.c3.kafka.eu-north-1.amazonaws.com
*.iam.canaryb88d3dc9dae8.dkwi5d.c3.kafka.eu-north-1.amazonaws.com
*.iam2.canaryb88d3dc9dae8.dkwi5d.c3.kafka.eu-north-1.amazonaws.com
*.scram.canaryb88d3dc9dae8.dkwi5d.c3.kafka.eu-north-1.amazonaws.com
*.scram2.canaryb88d3dc9dae8.dkwi5d.c3.kafka.eu-north-1.amazonaws.com
*.tls.canaryb88d3dc9dae8.dkwi5d.c3.kafka.eu-north-1.amazonaws.com
*.tls2.canaryb88d3dc9dae8.dkwi5d.c3.kafka.eu-north-1.amazonaws.com
ic.m18.c00.ias.fra.prod.aoss.searchservices.aws.dev
*.us-west-1.es.amazonaws.com
676ldybke6dufozm3b7tvparzy.us-west-1.es.amazonaws.com
*.sa-east-1.es.amazonaws.com
ycjavymxurhrymgwfypn4xuai4.sa-east-1.es.amazonaws.com
vmail.sabias.lyellows.com
en.jh-fwcc-816-ios-remove-button.ssfwcc.ci.shopsys.cloud
jh-fwcc-816-ios-remove-button.ssfwcc.ci.shopsys.cloud
www.img.demo.smtp.primary.paypal.com.in
*.servicecatalog-appregistry.ap-northeast-1.vpce.amazonaws.com
servicecatalog-appregistry.ap-northeast-1.amazonaws.com
servicecatalog-appregistry.ap-northeast-1.vpce.amazonaws.com
*.accesspoint.vpce-0f22518a90120ea0a-zumrw9u4-cn-northwest-1a.s3.cn-northwest-1.vpce.amazonaws.com.cn
*.accesspoint.vpce-0f22518a90120ea0a-zumrw9u4-cn-northwest-1b.s3.cn-northwest-1.vpce.amazonaws.com.cn
*.accesspoint.vpce-0f22518a90120ea0a-zumrw9u4-cn-northwest-1c.s3.cn-northwest-1.vpce.amazonaws.com.cn
*.accesspoint.vpce-0f22518a90120ea0a-zumrw9u4.s3.cn-northwest-1.vpce.amazonaws.com.cn
*.bucket.vpce-0f22518a90120ea0a-zumrw9u4-cn-northwest-1a.s3.cn-northwest-1.vpce.amazonaws.com.cn
*.bucket.vpce-0f22518a90120ea0a-zumrw9u4-cn-northwest-1b.s3.cn-northwest-1.vpce.amazonaws.com.cn
*.bucket.vpce-0f22518a90120ea0a-zumrw9u4-cn-northwest-1c.s3.cn-northwest-1.vpce.amazonaws.com.cn
*.bucket.vpce-0f22518a90120ea0a-zumrw9u4.s3.cn-northwest-1.vpce.amazonaws.com.cn
*.control.vpce-0f22518a90120ea0a-zumrw9u4-cn-northwest-1a.s3.cn-northwest-1.vpce.amazonaws.com.cn
*.control.vpce-0f22518a90120ea0a-zumrw9u4-cn-northwest-1b.s3.cn-northwest-1.vpce.amazonaws.com.cn
*.control.vpce-0f22518a90120ea0a-zumrw9u4-cn-northwest-1c.s3.cn-northwest-1.vpce.amazonaws.com.cn
*.control.vpce-0f22518a90120ea0a-zumrw9u4.s3.cn-northwest-1.vpce.amazonaws.com.cn
*.s3-accesspoint.cn-northwest-1.amazonaws.com.cn
*.s3-control.cn-northwest-1.amazonaws.com.cn
*.s3.cn-northwest-1.amazonaws.com.cn
bucket.vpce-0f22518a90120ea0a-zumrw9u4-cn-northwest-1a.s3.cn-northwest-1.vpce.amazonaws.com.cn
bucket.vpce-0f22518a90120ea0a-zumrw9u4-cn-northwest-1b.s3.cn-northwest-1.vpce.amazonaws.com.cn
bucket.vpce-0f22518a90120ea0a-zumrw9u4-cn-northwest-1c.s3.cn-northwest-1.vpce.amazonaws.com.cn
bucket.vpce-0f22518a90120ea0a-zumrw9u4.s3.cn-northwest-1.vpce.amazonaws.com.cn
s3.cn-northwest-1.amazonaws.com.cn
*.accesspoint.vpce-0ba1f89b27a9ed9ac-3y992opc-ap-east-1a.s3.ap-east-1.vpce.amazonaws.com
*.accesspoint.vpce-0ba1f89b27a9ed9ac-3y992opc-ap-east-1b.s3.ap-east-1.vpce.amazonaws.com
*.accesspoint.vpce-0ba1f89b27a9ed9ac-3y992opc-ap-east-1c.s3.ap-east-1.vpce.amazonaws.com
*.accesspoint.vpce-0ba1f89b27a9ed9ac-3y992opc.s3.ap-east-1.vpce.amazonaws.com
*.bucket.vpce-0ba1f89b27a9ed9ac-3y992opc-ap-east-1a.s3.ap-east-1.vpce.amazonaws.com
*.bucket.vpce-0ba1f89b27a9ed9ac-3y992opc-ap-east-1b.s3.ap-east-1.vpce.amazonaws.com
*.bucket.vpce-0ba1f89b27a9ed9ac-3y992opc-ap-east-1c.s3.ap-east-1.vpce.amazonaws.com
*.bucket.vpce-0ba1f89b27a9ed9ac-3y992opc.s3.ap-east-1.vpce.amazonaws.com
*.control.vpce-0ba1f89b27a9ed9ac-3y992opc-ap-east-1a.s3.ap-east-1.vpce.amazonaws.com
*.control.vpce-0ba1f89b27a9ed9ac-3y992opc-ap-east-1b.s3.ap-east-1.vpce.amazonaws.com
*.control.vpce-0ba1f89b27a9ed9ac-3y992opc-ap-east-1c.s3.ap-east-1.vpce.amazonaws.com
*.control.vpce-0ba1f89b27a9ed9ac-3y992opc.s3.ap-east-1.vpce.amazonaws.com
*.s3-accesspoint.ap-east-1.amazonaws.com
*.s3-control.ap-east-1.amazonaws.com
*.s3.ap-east-1.amazonaws.com
bucket.vpce-0ba1f89b27a9ed9ac-3y992opc-ap-east-1a.s3.ap-east-1.vpce.amazonaws.com
bucket.vpce-0ba1f89b27a9ed9ac-3y992opc-ap-east-1b.s3.ap-east-1.vpce.amazonaws.com
bucket.vpce-0ba1f89b27a9ed9ac-3y992opc-ap-east-1c.s3.ap-east-1.vpce.amazonaws.com
bucket.vpce-0ba1f89b27a9ed9ac-3y992opc.s3.ap-east-1.vpce.amazonaws.com
s3.ap-east-1.amazonaws.com
*.accesspoint.vpce-04bc06ab6cb908c17-kjrwx07v-sa-east-1a.s3.sa-east-1.vpce.amazonaws.com
*.accesspoint.vpce-04bc06ab6cb908c17-kjrwx07v-sa-east-1b.s3.sa-east-1.vpce.amazonaws.com
*.accesspoint.vpce-04bc06ab6cb908c17-kjrwx07v-sa-east-1c.s3.sa-east-1.vpce.amazonaws.com
*.accesspoint.vpce-04bc06ab6cb908c17-kjrwx07v.s3.sa-east-1.vpce.amazonaws.com
*.bucket.vpce-04bc06ab6cb908c17-kjrwx07v-sa-east-1a.s3.sa-east-1.vpce.amazonaws.com
*.bucket.vpce-04bc06ab6cb908c17-kjrwx07v-sa-east-1b.s3.sa-east-1.vpce.amazonaws.com
*.bucket.vpce-04bc06ab6cb908c17-kjrwx07v-sa-east-1c.s3.sa-east-1.vpce.amazonaws.com
*.bucket.vpce-04bc06ab6cb908c17-kjrwx07v.s3.sa-east-1.vpce.amazonaws.com
*.control.vpce-04bc06ab6cb908c17-kjrwx07v-sa-east-1a.s3.sa-east-1.vpce.amazonaws.com
*.control.vpce-04bc06ab6cb908c17-kjrwx07v-sa-east-1b.s3.sa-east-1.vpce.amazonaws.com
*.control.vpce-04bc06ab6cb908c17-kjrwx07v-sa-east-1c.s3.sa-east-1.vpce.amazonaws.com
*.control.vpce-04bc06ab6cb908c17-kjrwx07v.s3.sa-east-1.vpce.amazonaws.com
*.s3-accesspoint.sa-east-1.amazonaws.com
*.s3-control.sa-east-1.amazonaws.com
*.s3.sa-east-1.amazonaws.com
bucket.vpce-04bc06ab6cb908c17-kjrwx07v-sa-east-1a.s3.sa-east-1.vpce.amazonaws.com
bucket.vpce-04bc06ab6cb908c17-kjrwx07v-sa-east-1b.s3.sa-east-1.vpce.amazonaws.com
bucket.vpce-04bc06ab6cb908c17-kjrwx07v-sa-east-1c.s3.sa-east-1.vpce.amazonaws.com
bucket.vpce-04bc06ab6cb908c17-kjrwx07v.s3.sa-east-1.vpce.amazonaws.com
s3.sa-east-1.amazonaws.com
*.gcsr1736153872.18a6nk.c1.kafka.cn-northwest-1.amazonaws.com.cn
*.iam.gcsr1736153872.18a6nk.c1.kafka.cn-northwest-1.amazonaws.com.cn
*.iam2.gcsr1736153872.18a6nk.c1.kafka.cn-northwest-1.amazonaws.com.cn
*.scram.gcsr1736153872.18a6nk.c1.kafka.cn-northwest-1.amazonaws.com.cn
*.scram2.gcsr1736153872.18a6nk.c1.kafka.cn-northwest-1.amazonaws.com.cn
*.tls.gcsr1736153872.18a6nk.c1.kafka.cn-northwest-1.amazonaws.com.cn
*.tls2.gcsr1736153872.18a6nk.c1.kafka.cn-northwest-1.amazonaws.com.cn
*.us-west-2.es.amazonaws.com
mvuxiy7rzproo6fg7qvkryalg4.us-west-2.es.amazonaws.com
sw.m20.c00.ias.nrt.prod.aoss.searchservices.aws.dev
*.servicecatalog-appregistry.us-east-2.vpce.amazonaws.com
servicecatalog-appregistry.us-east-2.amazonaws.com
servicecatalog-appregistry.us-east-2.vpce.amazonaws.com
*.accesspoint.vpce-01bc6a8845949fc07-kz2q6tze-ca-central-1a.s3.ca-central-1.vpce.amazonaws.com
*.accesspoint.vpce-01bc6a8845949fc07-kz2q6tze-ca-central-1b.s3.ca-central-1.vpce.amazonaws.com
*.accesspoint.vpce-01bc6a8845949fc07-kz2q6tze-ca-central-1c.s3.ca-central-1.vpce.amazonaws.com
*.accesspoint.vpce-01bc6a8845949fc07-kz2q6tze-ca-central-1d.s3.ca-central-1.vpce.amazonaws.com
*.accesspoint.vpce-01bc6a8845949fc07-kz2q6tze.s3.ca-central-1.vpce.amazonaws.com
*.bucket.vpce-01bc6a8845949fc07-kz2q6tze-ca-central-1a.s3.ca-central-1.vpce.amazonaws.com
*.bucket.vpce-01bc6a8845949fc07-kz2q6tze-ca-central-1b.s3.ca-central-1.vpce.amazonaws.com
*.bucket.vpce-01bc6a8845949fc07-kz2q6tze-ca-central-1c.s3.ca-central-1.vpce.amazonaws.com
*.bucket.vpce-01bc6a8845949fc07-kz2q6tze-ca-central-1d.s3.ca-central-1.vpce.amazonaws.com
*.bucket.vpce-01bc6a8845949fc07-kz2q6tze.s3.ca-central-1.vpce.amazonaws.com
*.control.vpce-01bc6a8845949fc07-kz2q6tze-ca-central-1a.s3.ca-central-1.vpce.amazonaws.com
*.control.vpce-01bc6a8845949fc07-kz2q6tze-ca-central-1b.s3.ca-central-1.vpce.amazonaws.com
*.control.vpce-01bc6a8845949fc07-kz2q6tze-ca-central-1c.s3.ca-central-1.vpce.amazonaws.com
*.control.vpce-01bc6a8845949fc07-kz2q6tze-ca-central-1d.s3.ca-central-1.vpce.amazonaws.com
*.control.vpce-01bc6a8845949fc07-kz2q6tze.s3.ca-central-1.vpce.amazonaws.com
*.s3-accesspoint.ca-central-1.amazonaws.com
*.s3-control.ca-central-1.amazonaws.com
*.s3.ca-central-1.amazonaws.com
bucket.vpce-01bc6a8845949fc07-kz2q6tze-ca-central-1a.s3.ca-central-1.vpce.amazonaws.com
bucket.vpce-01bc6a8845949fc07-kz2q6tze-ca-central-1b.s3.ca-central-1.vpce.amazonaws.com
bucket.vpce-01bc6a8845949fc07-kz2q6tze-ca-central-1c.s3.ca-central-1.vpce.amazonaws.com
bucket.vpce-01bc6a8845949fc07-kz2q6tze-ca-central-1d.s3.ca-central-1.vpce.amazonaws.com
bucket.vpce-01bc6a8845949fc07-kz2q6tze.s3.ca-central-1.vpce.amazonaws.com
s3.ca-central-1.amazonaws.com
*.accesspoint.vpce-09425251b34d455f7-snwoax2u-us-gov-west-1a.s3.us-gov-west-1.vpce.amazonaws.com
*.accesspoint.vpce-09425251b34d455f7-snwoax2u-us-gov-west-1b.s3.us-gov-west-1.vpce.amazonaws.com
*.accesspoint.vpce-09425251b34d455f7-snwoax2u-us-gov-west-1c.s3.us-gov-west-1.vpce.amazonaws.com
*.accesspoint.vpce-09425251b34d455f7-snwoax2u.s3.us-gov-west-1.vpce.amazonaws.com
*.bucket.vpce-09425251b34d455f7-snwoax2u-us-gov-west-1a.s3.us-gov-west-1.vpce.amazonaws.com
*.bucket.vpce-09425251b34d455f7-snwoax2u-us-gov-west-1b.s3.us-gov-west-1.vpce.amazonaws.com
*.bucket.vpce-09425251b34d455f7-snwoax2u-us-gov-west-1c.s3.us-gov-west-1.vpce.amazonaws.com
*.bucket.vpce-09425251b34d455f7-snwoax2u.s3.us-gov-west-1.vpce.amazonaws.com
*.control.vpce-09425251b34d455f7-snwoax2u-us-gov-west-1a.s3.us-gov-west-1.vpce.amazonaws.com
*.control.vpce-09425251b34d455f7-snwoax2u-us-gov-west-1b.s3.us-gov-west-1.vpce.amazonaws.com
*.control.vpce-09425251b34d455f7-snwoax2u-us-gov-west-1c.s3.us-gov-west-1.vpce.amazonaws.com
*.control.vpce-09425251b34d455f7-snwoax2u.s3.us-gov-west-1.vpce.amazonaws.com
*.s3-accesspoint.us-gov-west-1.amazonaws.com
*.s3-control.us-gov-west-1.amazonaws.com
*.s3.us-gov-west-1.amazonaws.com
bucket.vpce-09425251b34d455f7-snwoax2u-us-gov-west-1a.s3.us-gov-west-1.vpce.amazonaws.com
bucket.vpce-09425251b34d455f7-snwoax2u-us-gov-west-1b.s3.us-gov-west-1.vpce.amazonaws.com
bucket.vpce-09425251b34d455f7-snwoax2u-us-gov-west-1c.s3.us-gov-west-1.vpce.amazonaws.com
bucket.vpce-09425251b34d455f7-snwoax2u.s3.us-gov-west-1.vpce.amazonaws.com
s3.us-gov-west-1.amazonaws.com
*.us-east-1.es.amazonaws.com
6j2a62ky5phzuqjvn7b3mflocq.us-east-1.es.amazonaws.com
*.us-west-2.es.amazonaws.com
kvwver2qrtjnfiawehqz7gzcia.us-west-2.es.amazonaws.com
pr.cyber-security-jobs-30774.bond
www.edgehomerenovations.com.esoftwarelicense.com
*.geo.redis.cache.windows.net
wap.blockchainstatus.com
wap.blockchainstatus.com
*.dfharrioutlook.direct.quickconnect.to
dfharrioutlook.direct.quickconnect.to
capelaniarestauracao.com.br.marceloinfotec.com.br
www.capelaniarestauracao.com.br.marceloinfotec.com.br
www.app.portal.portal.portal.eployments.miniloop-01.cynova.dev
autoconfig.google-watch.de
junior-marketing-manager.keen-goodall.85-214-17-136.plesk.page
*.ingress.vault.611-2a-vlt-hc-vault.vault-dev-gcp.hanacloud.ondemand.com
www.portal.app.portal.forms.archersettlement.com
mail.applewerbung.de
www.mail.applewerbung.de
www.www.www.wbarclaysoffshoresservice.com.dns.freedyndns.org
www.wwwwwwcqtbp8gkhltn12ptb820.heritagetrustbonline.com.dns.freedyndns.org
www.www.www.app.portal.portal.portal.essure.archersettlement.com
portal.www.www.app.wwwwwwwww.www.secure.sowio.cz
www.www.www.ww.wwcoinagecb.com.dns.freedyndns.org
app.portal.app.ortal.w.deployments.miniloop-01.cynova.dev
portal.www.portal.portal.app.forms.archersettlement.com
*.real-iks-churn-12182-e260fda166ec9d0a5ffc9eca938425a9-0000.us-south.stg.kube.appdomain.cloud
real-iks-churn-12182-e260fda166ec9d0a5ffc9eca938425a9-0000.us-south.stg.kube.appdomain.cloud
*.professional-medical-beauty-services-124321.xyz
professional-medical-beauty-services-124321.xyz
*.gcsr1736153861.wfix76.c4.kafka.cn-northwest-1.amazonaws.com.cn
*.iam.gcsr1736153861.wfix76.c4.kafka.cn-northwest-1.amazonaws.com.cn
*.iam2.gcsr1736153861.wfix76.c4.kafka.cn-northwest-1.amazonaws.com.cn
*.scram.gcsr1736153861.wfix76.c4.kafka.cn-northwest-1.amazonaws.com.cn
*.scram2.gcsr1736153861.wfix76.c4.kafka.cn-northwest-1.amazonaws.com.cn
*.tls.gcsr1736153861.wfix76.c4.kafka.cn-northwest-1.amazonaws.com.cn
*.tls2.gcsr1736153861.wfix76.c4.kafka.cn-northwest-1.amazonaws.com.cn
*.accesspoint.vpce-03507603b5b7fcfe5-b69zbhhj-ca-central-1a.s3.ca-central-1.vpce.amazonaws.com
*.accesspoint.vpce-03507603b5b7fcfe5-b69zbhhj-ca-central-1b.s3.ca-central-1.vpce.amazonaws.com
*.accesspoint.vpce-03507603b5b7fcfe5-b69zbhhj-ca-central-1c.s3.ca-central-1.vpce.amazonaws.com
*.accesspoint.vpce-03507603b5b7fcfe5-b69zbhhj-ca-central-1d.s3.ca-central-1.vpce.amazonaws.com
*.accesspoint.vpce-03507603b5b7fcfe5-b69zbhhj.s3.ca-central-1.vpce.amazonaws.com
*.bucket.vpce-03507603b5b7fcfe5-b69zbhhj-ca-central-1a.s3.ca-central-1.vpce.amazonaws.com
*.bucket.vpce-03507603b5b7fcfe5-b69zbhhj-ca-central-1b.s3.ca-central-1.vpce.amazonaws.com
*.bucket.vpce-03507603b5b7fcfe5-b69zbhhj-ca-central-1c.s3.ca-central-1.vpce.amazonaws.com
*.bucket.vpce-03507603b5b7fcfe5-b69zbhhj-ca-central-1d.s3.ca-central-1.vpce.amazonaws.com
*.bucket.vpce-03507603b5b7fcfe5-b69zbhhj.s3.ca-central-1.vpce.amazonaws.com
*.control.vpce-03507603b5b7fcfe5-b69zbhhj-ca-central-1a.s3.ca-central-1.vpce.amazonaws.com
*.control.vpce-03507603b5b7fcfe5-b69zbhhj-ca-central-1b.s3.ca-central-1.vpce.amazonaws.com
*.control.vpce-03507603b5b7fcfe5-b69zbhhj-ca-central-1c.s3.ca-central-1.vpce.amazonaws.com
*.control.vpce-03507603b5b7fcfe5-b69zbhhj-ca-central-1d.s3.ca-central-1.vpce.amazonaws.com
*.control.vpce-03507603b5b7fcfe5-b69zbhhj.s3.ca-central-1.vpce.amazonaws.com
*.s3-accesspoint.ca-central-1.amazonaws.com
*.s3-control.ca-central-1.amazonaws.com
*.s3.ca-central-1.amazonaws.com
bucket.vpce-03507603b5b7fcfe5-b69zbhhj-ca-central-1a.s3.ca-central-1.vpce.amazonaws.com
bucket.vpce-03507603b5b7fcfe5-b69zbhhj-ca-central-1b.s3.ca-central-1.vpce.amazonaws.com
bucket.vpce-03507603b5b7fcfe5-b69zbhhj-ca-central-1c.s3.ca-central-1.vpce.amazonaws.com
bucket.vpce-03507603b5b7fcfe5-b69zbhhj-ca-central-1d.s3.ca-central-1.vpce.amazonaws.com
bucket.vpce-03507603b5b7fcfe5-b69zbhhj.s3.ca-central-1.vpce.amazonaws.com
s3.ca-central-1.amazonaws.com
*.cfnlaunchpadcanarytest.uhq8ae.c3.kafka.eu-west-3.amazonaws.com
*.iam.cfnlaunchpadcanarytest.uhq8ae.c3.kafka.eu-west-3.amazonaws.com
*.iam2.cfnlaunchpadcanarytest.uhq8ae.c3.kafka.eu-west-3.amazonaws.com
*.scram.cfnlaunchpadcanarytest.uhq8ae.c3.kafka.eu-west-3.amazonaws.com
*.scram2.cfnlaunchpadcanarytest.uhq8ae.c3.kafka.eu-west-3.amazonaws.com
*.tls.cfnlaunchpadcanarytest.uhq8ae.c3.kafka.eu-west-3.amazonaws.com
*.tls2.cfnlaunchpadcanarytest.uhq8ae.c3.kafka.eu-west-3.amazonaws.com
*.eu-north-1.es.amazonaws.com
ojs7xz4263wnt7bxdaaywmpzxu.eu-north-1.es.amazonaws.com
*.ap-northeast-1.es.amazonaws.com
yfbbplykcy24rjdopcz4so4aqi.ap-northeast-1.es.amazonaws.com
alt.canary.s3.us-east-1.vpce.amazonaws.com
canary.s3.us-east-1.vpce.amazonaws.com
*.accesspoint.vpce-0cfc628206f673016-vt69n7p4-eu-south-1a.s3.eu-south-1.vpce.amazonaws.com
*.accesspoint.vpce-0cfc628206f673016-vt69n7p4-eu-south-1b.s3.eu-south-1.vpce.amazonaws.com
*.accesspoint.vpce-0cfc628206f673016-vt69n7p4-eu-south-1c.s3.eu-south-1.vpce.amazonaws.com
*.accesspoint.vpce-0cfc628206f673016-vt69n7p4.s3.eu-south-1.vpce.amazonaws.com
*.bucket.vpce-0cfc628206f673016-vt69n7p4-eu-south-1a.s3.eu-south-1.vpce.amazonaws.com
*.bucket.vpce-0cfc628206f673016-vt69n7p4-eu-south-1b.s3.eu-south-1.vpce.amazonaws.com
*.bucket.vpce-0cfc628206f673016-vt69n7p4-eu-south-1c.s3.eu-south-1.vpce.amazonaws.com
*.bucket.vpce-0cfc628206f673016-vt69n7p4.s3.eu-south-1.vpce.amazonaws.com
*.control.vpce-0cfc628206f673016-vt69n7p4-eu-south-1a.s3.eu-south-1.vpce.amazonaws.com
*.control.vpce-0cfc628206f673016-vt69n7p4-eu-south-1b.s3.eu-south-1.vpce.amazonaws.com
*.control.vpce-0cfc628206f673016-vt69n7p4-eu-south-1c.s3.eu-south-1.vpce.amazonaws.com
*.control.vpce-0cfc628206f673016-vt69n7p4.s3.eu-south-1.vpce.amazonaws.com
*.s3-accesspoint.eu-south-1.amazonaws.com
*.s3-control.eu-south-1.amazonaws.com
*.s3.eu-south-1.amazonaws.com
bucket.vpce-0cfc628206f673016-vt69n7p4-eu-south-1a.s3.eu-south-1.vpce.amazonaws.com
bucket.vpce-0cfc628206f673016-vt69n7p4-eu-south-1b.s3.eu-south-1.vpce.amazonaws.com
bucket.vpce-0cfc628206f673016-vt69n7p4-eu-south-1c.s3.eu-south-1.vpce.amazonaws.com
bucket.vpce-0cfc628206f673016-vt69n7p4.s3.eu-south-1.vpce.amazonaws.com
s3.eu-south-1.amazonaws.com
*.eu-west-2.es.amazonaws.com
nmpxahzfo5bblmat546fplibey.eu-west-2.es.amazonaws.com
*.ywpdkxrqbi515omkcnokjtwm95o.ap-northeast-1.amazongamelift.com
*.ywpdkxrqbi515omkcnokjtwm95o.ap-northeast-1.amazongamelift.com
*.gcsr1736153873.bwj37e.c2.kafka.cn-northwest-1.amazonaws.com.cn
*.iam.gcsr1736153873.bwj37e.c2.kafka.cn-northwest-1.amazonaws.com.cn
*.iam2.gcsr1736153873.bwj37e.c2.kafka.cn-northwest-1.amazonaws.com.cn
*.scram.gcsr1736153873.bwj37e.c2.kafka.cn-northwest-1.amazonaws.com.cn
*.scram2.gcsr1736153873.bwj37e.c2.kafka.cn-northwest-1.amazonaws.com.cn
*.tls.gcsr1736153873.bwj37e.c2.kafka.cn-northwest-1.amazonaws.com.cn
*.tls2.gcsr1736153873.bwj37e.c2.kafka.cn-northwest-1.amazonaws.com.cn
*.eu-west-3.es.amazonaws.com
jn3hlipv4mi7havdvxusy4goe4.eu-west-3.es.amazonaws.com
wap.blockchainstatus.com
*.canaryd1e2807480f5.sj64d9.c2.kafka.me-south-1.amazonaws.com
*.iam.canaryd1e2807480f5.sj64d9.c2.kafka.me-south-1.amazonaws.com
*.iam2.canaryd1e2807480f5.sj64d9.c2.kafka.me-south-1.amazonaws.com
*.scram.canaryd1e2807480f5.sj64d9.c2.kafka.me-south-1.amazonaws.com
*.scram2.canaryd1e2807480f5.sj64d9.c2.kafka.me-south-1.amazonaws.com
*.tls.canaryd1e2807480f5.sj64d9.c2.kafka.me-south-1.amazonaws.com
*.tls2.canaryd1e2807480f5.sj64d9.c2.kafka.me-south-1.amazonaws.com
*.ap-northeast-1.es.amazonaws.com
yfbbplykcy24rjdopcz4so4aqi.ap-northeast-1.es.amazonaws.com
*.eu-north-1.es.amazonaws.com
ojs7xz4263wnt7bxdaaywmpzxu.eu-north-1.es.amazonaws.com
*.us-east-1.es-staging.amazonaws.com
mwfmuooypxk3uovifr4h5vnzym.us-east-1.es-staging.amazonaws.com
*.accesspoint.vpce-00dcd47fb628b5918-y5knv2kh-eu-central-2a.s3.eu-central-2.vpce.amazonaws.com
*.accesspoint.vpce-00dcd47fb628b5918-y5knv2kh-eu-central-2b.s3.eu-central-2.vpce.amazonaws.com
*.accesspoint.vpce-00dcd47fb628b5918-y5knv2kh-eu-central-2c.s3.eu-central-2.vpce.amazonaws.com
*.accesspoint.vpce-00dcd47fb628b5918-y5knv2kh.s3.eu-central-2.vpce.amazonaws.com
*.bucket.vpce-00dcd47fb628b5918-y5knv2kh-eu-central-2a.s3.eu-central-2.vpce.amazonaws.com
*.bucket.vpce-00dcd47fb628b5918-y5knv2kh-eu-central-2b.s3.eu-central-2.vpce.amazonaws.com
*.bucket.vpce-00dcd47fb628b5918-y5knv2kh-eu-central-2c.s3.eu-central-2.vpce.amazonaws.com
*.bucket.vpce-00dcd47fb628b5918-y5knv2kh.s3.eu-central-2.vpce.amazonaws.com
*.control.vpce-00dcd47fb628b5918-y5knv2kh-eu-central-2a.s3.eu-central-2.vpce.amazonaws.com
*.control.vpce-00dcd47fb628b5918-y5knv2kh-eu-central-2b.s3.eu-central-2.vpce.amazonaws.com
*.control.vpce-00dcd47fb628b5918-y5knv2kh-eu-central-2c.s3.eu-central-2.vpce.amazonaws.com
*.control.vpce-00dcd47fb628b5918-y5knv2kh.s3.eu-central-2.vpce.amazonaws.com
*.s3-accesspoint.eu-central-2.amazonaws.com
*.s3-control.eu-central-2.amazonaws.com
*.s3.eu-central-2.amazonaws.com
bucket.vpce-00dcd47fb628b5918-y5knv2kh-eu-central-2a.s3.eu-central-2.vpce.amazonaws.com
bucket.vpce-00dcd47fb628b5918-y5knv2kh-eu-central-2b.s3.eu-central-2.vpce.amazonaws.com
bucket.vpce-00dcd47fb628b5918-y5knv2kh-eu-central-2c.s3.eu-central-2.vpce.amazonaws.com
bucket.vpce-00dcd47fb628b5918-y5knv2kh.s3.eu-central-2.vpce.amazonaws.com
s3.eu-central-2.amazonaws.com
*.accesspoint.vpce-032dfc2f11eddbeb1-ungkgvu5-us-west-1a.s3.us-west-1.vpce.amazonaws.com
*.accesspoint.vpce-032dfc2f11eddbeb1-ungkgvu5-us-west-1b.s3.us-west-1.vpce.amazonaws.com
*.accesspoint.vpce-032dfc2f11eddbeb1-ungkgvu5.s3.us-west-1.vpce.amazonaws.com
*.bucket.vpce-032dfc2f11eddbeb1-ungkgvu5-us-west-1a.s3.us-west-1.vpce.amazonaws.com
*.bucket.vpce-032dfc2f11eddbeb1-ungkgvu5-us-west-1b.s3.us-west-1.vpce.amazonaws.com
*.bucket.vpce-032dfc2f11eddbeb1-ungkgvu5.s3.us-west-1.vpce.amazonaws.com
*.control.vpce-032dfc2f11eddbeb1-ungkgvu5-us-west-1a.s3.us-west-1.vpce.amazonaws.com
*.control.vpce-032dfc2f11eddbeb1-ungkgvu5-us-west-1b.s3.us-west-1.vpce.amazonaws.com
*.control.vpce-032dfc2f11eddbeb1-ungkgvu5.s3.us-west-1.vpce.amazonaws.com
*.s3-accesspoint.us-west-1.amazonaws.com
*.s3-control.us-west-1.amazonaws.com
*.s3.us-west-1.amazonaws.com
bucket.vpce-032dfc2f11eddbeb1-ungkgvu5-us-west-1a.s3.us-west-1.vpce.amazonaws.com
bucket.vpce-032dfc2f11eddbeb1-ungkgvu5-us-west-1b.s3.us-west-1.vpce.amazonaws.com
bucket.vpce-032dfc2f11eddbeb1-ungkgvu5.s3.us-west-1.vpce.amazonaws.com
s3.us-west-1.amazonaws.com
*.hs1.tr8277.northcentralus1-a.worker.database.windows.net
*.hs2.tr8277.northcentralus1-a.worker.database.windows.net
*.hs3.tr8277.northcentralus1-a.worker.database.windows.net
*.tr8277.northcentralus1-a.worker.database.windows.net
tr8277.northcentralus1-a.worker.database.windows.net
*.eu-west-3.es.amazonaws.com
jn3hlipv4mi7havdvxusy4goe4.eu-west-3.es.amazonaws.com
waws-prod-db3-71430668.ftp.p.azurewebsites.windows.net
waws-prod-db3-71430668.publish.p.azurewebsites.windows.net
*.bvd.infra.teams.microsoftonline.cn
bvd.infra.teams.microsoftonline.cn
wpad.blockchainshack.com
*.accesspoint.vpce-0e58e1306e8edd6d8-nkltwrat-me-central-1a.s3.me-central-1.vpce.amazonaws.com
*.accesspoint.vpce-0e58e1306e8edd6d8-nkltwrat-me-central-1b.s3.me-central-1.vpce.amazonaws.com
*.accesspoint.vpce-0e58e1306e8edd6d8-nkltwrat-me-central-1c.s3.me-central-1.vpce.amazonaws.com
*.accesspoint.vpce-0e58e1306e8edd6d8-nkltwrat.s3.me-central-1.vpce.amazonaws.com
*.bucket.vpce-0e58e1306e8edd6d8-nkltwrat-me-central-1a.s3.me-central-1.vpce.amazonaws.com
*.bucket.vpce-0e58e1306e8edd6d8-nkltwrat-me-central-1b.s3.me-central-1.vpce.amazonaws.com
*.bucket.vpce-0e58e1306e8edd6d8-nkltwrat-me-central-1c.s3.me-central-1.vpce.amazonaws.com
*.bucket.vpce-0e58e1306e8edd6d8-nkltwrat.s3.me-central-1.vpce.amazonaws.com
*.control.vpce-0e58e1306e8edd6d8-nkltwrat-me-central-1a.s3.me-central-1.vpce.amazonaws.com
*.control.vpce-0e58e1306e8edd6d8-nkltwrat-me-central-1b.s3.me-central-1.vpce.amazonaws.com
*.control.vpce-0e58e1306e8edd6d8-nkltwrat-me-central-1c.s3.me-central-1.vpce.amazonaws.com
*.control.vpce-0e58e1306e8edd6d8-nkltwrat.s3.me-central-1.vpce.amazonaws.com
*.s3-accesspoint.me-central-1.amazonaws.com
*.s3-control.me-central-1.amazonaws.com
*.s3.me-central-1.amazonaws.com
bucket.vpce-0e58e1306e8edd6d8-nkltwrat-me-central-1a.s3.me-central-1.vpce.amazonaws.com
bucket.vpce-0e58e1306e8edd6d8-nkltwrat-me-central-1b.s3.me-central-1.vpce.amazonaws.com
bucket.vpce-0e58e1306e8edd6d8-nkltwrat-me-central-1c.s3.me-central-1.vpce.amazonaws.com
bucket.vpce-0e58e1306e8edd6d8-nkltwrat.s3.me-central-1.vpce.amazonaws.com
s3.me-central-1.amazonaws.com
*.cfnlaunchpadcanarytest.uhq8ae.c3.kafka.eu-west-3.amazonaws.com
*.iam.cfnlaunchpadcanarytest.uhq8ae.c3.kafka.eu-west-3.amazonaws.com
*.iam2.cfnlaunchpadcanarytest.uhq8ae.c3.kafka.eu-west-3.amazonaws.com
*.scram.cfnlaunchpadcanarytest.uhq8ae.c3.kafka.eu-west-3.amazonaws.com
*.scram2.cfnlaunchpadcanarytest.uhq8ae.c3.kafka.eu-west-3.amazonaws.com
*.tls.cfnlaunchpadcanarytest.uhq8ae.c3.kafka.eu-west-3.amazonaws.com
*.tls2.cfnlaunchpadcanarytest.uhq8ae.c3.kafka.eu-west-3.amazonaws.com
www.sunshop.250-login.simplii.net
www.www.www.www.www.bgptools-wildcard-confirmed.ballscontest.com
*.one-note.microsofts-onenote9373.workers.dev
microsofts-onenote9373.workers.dev
www.sunshop.250-login.simplii.net
pochtabank.nalozhka.cdek.sber.wild4smjle.smattermost.com
www.sber.ozon.yandex.avito.avito.avito.grid7propertie.smattermost.com
search.yahoo.com.cm
*.psychly-valid-claim-trigger-update-memberstack-with-airtable.tobcsmith.workers.dev
originalkid.gshop.com.engagechilliwack.com
www.146-190-36-149.104-146-202-45.cprapid.com
api.front-mr1986-wel-2802-feat-broker-update-notif.e.welfaire.dev
one-connect-amazon-locker.b2x.com
*.jgmail.com
jgmail.com
delivery-14-eu-west-1.dwp.co.in
dev.front-mr1986-wel-2802-feat-broker-update-notif.e.welfaire.dev
one-connect-amazon-locker.b2x.com
www.edgehomerenovations.com.esoftwarelicense.com
junior-marketing-manager.keen-goodall.85-214-17-136.plesk.page
junior-marketing-manager.keen-goodall.85-214-17-136.plesk.page
*.lifecycle-prober-prod-5e1b37b2-5882-4084-b040-db412ee4cfe6.australia-southeast1.managedkafka.gmk-lifecycle-prober-prod-6.cloud.goog
sirc.com.np.khabarbajar.com
www.sirc.com.np.khabarbajar.com
waws-prod-blu-04fb88c0.api.p.azurewebsites.windows.net
*.jgmail.com
jgmail.com
*.jgmail.com
jgmail.com
delivery-14-eu-west-1.dwp.co.in
delivery-14-eu-west-1.dwp.co.in
waws-prod-ln1-15097525.ftp.p.azurewebsites.windows.net
waws-prod-ln1-15097525.publish.p.azurewebsites.windows.net
12.mailgoogle.site
*.profile.rol.mesh.microsoft.com
profile.rol.mesh.microsoft.com
360baidu.comdocument-payment.authenticate.clouddrive.photos
ww38.tmail.now.im
*.configcanary5cbb786b78.2abxom.c1.kafka.us-west-2.amazonaws.com
*.iam.configcanary5cbb786b78.2abxom.c1.kafka.us-west-2.amazonaws.com
*.iam2.configcanary5cbb786b78.2abxom.c1.kafka.us-west-2.amazonaws.com
*.scram.configcanary5cbb786b78.2abxom.c1.kafka.us-west-2.amazonaws.com
*.scram2.configcanary5cbb786b78.2abxom.c1.kafka.us-west-2.amazonaws.com
*.tls.configcanary5cbb786b78.2abxom.c1.kafka.us-west-2.amazonaws.com
*.tls2.configcanary5cbb786b78.2abxom.c1.kafka.us-west-2.amazonaws.com
*.accesspoint.vpce-0b35bd981ac5a1497-287u4zcj-ap-southeast-1a.s3.ap-southeast-1.vpce.amazonaws.com
*.accesspoint.vpce-0b35bd981ac5a1497-287u4zcj-ap-southeast-1b.s3.ap-southeast-1.vpce.amazonaws.com
*.accesspoint.vpce-0b35bd981ac5a1497-287u4zcj-ap-southeast-1c.s3.ap-southeast-1.vpce.amazonaws.com
*.accesspoint.vpce-0b35bd981ac5a1497-287u4zcj.s3.ap-southeast-1.vpce.amazonaws.com
*.bucket.vpce-0b35bd981ac5a1497-287u4zcj-ap-southeast-1a.s3.ap-southeast-1.vpce.amazonaws.com
*.bucket.vpce-0b35bd981ac5a1497-287u4zcj-ap-southeast-1b.s3.ap-southeast-1.vpce.amazonaws.com
*.bucket.vpce-0b35bd981ac5a1497-287u4zcj-ap-southeast-1c.s3.ap-southeast-1.vpce.amazonaws.com
*.bucket.vpce-0b35bd981ac5a1497-287u4zcj.s3.ap-southeast-1.vpce.amazonaws.com
*.control.vpce-0b35bd981ac5a1497-287u4zcj-ap-southeast-1a.s3.ap-southeast-1.vpce.amazonaws.com
*.control.vpce-0b35bd981ac5a1497-287u4zcj-ap-southeast-1b.s3.ap-southeast-1.vpce.amazonaws.com
*.control.vpce-0b35bd981ac5a1497-287u4zcj-ap-southeast-1c.s3.ap-southeast-1.vpce.amazonaws.com
*.control.vpce-0b35bd981ac5a1497-287u4zcj.s3.ap-southeast-1.vpce.amazonaws.com
*.s3-accesspoint.ap-southeast-1.amazonaws.com
*.s3-control.ap-southeast-1.amazonaws.com
*.s3.ap-southeast-1.amazonaws.com
bucket.vpce-0b35bd981ac5a1497-287u4zcj-ap-southeast-1a.s3.ap-southeast-1.vpce.amazonaws.com
bucket.vpce-0b35bd981ac5a1497-287u4zcj-ap-southeast-1b.s3.ap-southeast-1.vpce.amazonaws.com
bucket.vpce-0b35bd981ac5a1497-287u4zcj-ap-southeast-1c.s3.ap-southeast-1.vpce.amazonaws.com
bucket.vpce-0b35bd981ac5a1497-287u4zcj.s3.ap-southeast-1.vpce.amazonaws.com
s3.ap-southeast-1.amazonaws.com
*.accesspoint.vpce-00b78f012530d6c8c-fvmvgeqf-cn-north-1a.s3.cn-north-1.vpce.amazonaws.com.cn
*.accesspoint.vpce-00b78f012530d6c8c-fvmvgeqf-cn-north-1b.s3.cn-north-1.vpce.amazonaws.com.cn
*.accesspoint.vpce-00b78f012530d6c8c-fvmvgeqf-cn-north-1c.s3.cn-north-1.vpce.amazonaws.com.cn
*.accesspoint.vpce-00b78f012530d6c8c-fvmvgeqf-cn-north-1d.s3.cn-north-1.vpce.amazonaws.com.cn
*.accesspoint.vpce-00b78f012530d6c8c-fvmvgeqf.s3.cn-north-1.vpce.amazonaws.com.cn
*.bucket.vpce-00b78f012530d6c8c-fvmvgeqf-cn-north-1a.s3.cn-north-1.vpce.amazonaws.com.cn
*.bucket.vpce-00b78f012530d6c8c-fvmvgeqf-cn-north-1b.s3.cn-north-1.vpce.amazonaws.com.cn
*.bucket.vpce-00b78f012530d6c8c-fvmvgeqf-cn-north-1c.s3.cn-north-1.vpce.amazonaws.com.cn
*.bucket.vpce-00b78f012530d6c8c-fvmvgeqf-cn-north-1d.s3.cn-north-1.vpce.amazonaws.com.cn
*.bucket.vpce-00b78f012530d6c8c-fvmvgeqf.s3.cn-north-1.vpce.amazonaws.com.cn
*.control.vpce-00b78f012530d6c8c-fvmvgeqf-cn-north-1a.s3.cn-north-1.vpce.amazonaws.com.cn
*.control.vpce-00b78f012530d6c8c-fvmvgeqf-cn-north-1b.s3.cn-north-1.vpce.amazonaws.com.cn
*.control.vpce-00b78f012530d6c8c-fvmvgeqf-cn-north-1c.s3.cn-north-1.vpce.amazonaws.com.cn
*.control.vpce-00b78f012530d6c8c-fvmvgeqf-cn-north-1d.s3.cn-north-1.vpce.amazonaws.com.cn
*.control.vpce-00b78f012530d6c8c-fvmvgeqf.s3.cn-north-1.vpce.amazonaws.com.cn
*.s3-accesspoint.cn-north-1.amazonaws.com.cn
*.s3-control.cn-north-1.amazonaws.com.cn
*.s3.cn-north-1.amazonaws.com.cn
bucket.vpce-00b78f012530d6c8c-fvmvgeqf-cn-north-1a.s3.cn-north-1.vpce.amazonaws.com.cn
bucket.vpce-00b78f012530d6c8c-fvmvgeqf-cn-north-1b.s3.cn-north-1.vpce.amazonaws.com.cn
bucket.vpce-00b78f012530d6c8c-fvmvgeqf-cn-north-1c.s3.cn-north-1.vpce.amazonaws.com.cn
bucket.vpce-00b78f012530d6c8c-fvmvgeqf-cn-north-1d.s3.cn-north-1.vpce.amazonaws.com.cn
bucket.vpce-00b78f012530d6c8c-fvmvgeqf.s3.cn-north-1.vpce.amazonaws.com.cn
s3.cn-north-1.amazonaws.com.cn
alt.canary.s3.eu-south-2.vpce.amazonaws.com
canary.s3.eu-south-2.vpce.amazonaws.com
*.ap-northeast-1.es.amazonaws.com
4l3kb5xfljma4puydoyajssn4i.ap-northeast-1.es.amazonaws.com
alt.canary.s3.me-south-1.vpce.amazonaws.com
canary.s3.me-south-1.vpce.amazonaws.com
*.eu-central-2.es.amazonaws.com
cjq5n7m65jpbcw7pcssm26pl2q.eu-central-2.es.amazonaws.com
*.us-east-2.es.amazonaws.com
tes7lesqzksxzryc7wfanxkk5u.us-east-2.es.amazonaws.com
retina-gamma.psauto.ihm.amazon.dev
alt.canary.s3.il-central-1.vpce.amazonaws.com
canary.s3.il-central-1.vpce.amazonaws.com
*.eu-west-2.es.amazonaws.com
duf4mzzymhlpiijh44ajl334iq.eu-west-2.es.amazonaws.com
*.eu-west-2.es.amazonaws.com
o6ud2yixbwyy7y5e7d5scnhany.eu-west-2.es.amazonaws.com
*.eu-west-2.es.amazonaws.com
dr2lajzoof4zypyblo4flvzkcm.eu-west-2.es.amazonaws.com
*.eu-west-2.es.amazonaws.com
yhebuarwnfqtrdp5me6lwh7gkm.eu-west-2.es.amazonaws.com
*.eu-west-2.es.amazonaws.com
abv3pcjzja72cymjxue6yj5m7y.eu-west-2.es.amazonaws.com
*.accesspoint.vpce-0c74881249aea4afd-18nhziom-eu-central-1a.s3.eu-central-1.vpce.amazonaws.com
*.accesspoint.vpce-0c74881249aea4afd-18nhziom-eu-central-1b.s3.eu-central-1.vpce.amazonaws.com
*.accesspoint.vpce-0c74881249aea4afd-18nhziom-eu-central-1c.s3.eu-central-1.vpce.amazonaws.com
*.accesspoint.vpce-0c74881249aea4afd-18nhziom.s3.eu-central-1.vpce.amazonaws.com
*.bucket.vpce-0c74881249aea4afd-18nhziom-eu-central-1a.s3.eu-central-1.vpce.amazonaws.com
*.bucket.vpce-0c74881249aea4afd-18nhziom-eu-central-1b.s3.eu-central-1.vpce.amazonaws.com
*.bucket.vpce-0c74881249aea4afd-18nhziom-eu-central-1c.s3.eu-central-1.vpce.amazonaws.com
*.bucket.vpce-0c74881249aea4afd-18nhziom.s3.eu-central-1.vpce.amazonaws.com
*.control.vpce-0c74881249aea4afd-18nhziom-eu-central-1a.s3.eu-central-1.vpce.amazonaws.com
*.control.vpce-0c74881249aea4afd-18nhziom-eu-central-1b.s3.eu-central-1.vpce.amazonaws.com
*.control.vpce-0c74881249aea4afd-18nhziom-eu-central-1c.s3.eu-central-1.vpce.amazonaws.com
*.control.vpce-0c74881249aea4afd-18nhziom.s3.eu-central-1.vpce.amazonaws.com
*.s3-accesspoint.eu-central-1.amazonaws.com
*.s3-control.eu-central-1.amazonaws.com
*.s3.eu-central-1.amazonaws.com
bucket.vpce-0c74881249aea4afd-18nhziom-eu-central-1a.s3.eu-central-1.vpce.amazonaws.com
bucket.vpce-0c74881249aea4afd-18nhziom-eu-central-1b.s3.eu-central-1.vpce.amazonaws.com
bucket.vpce-0c74881249aea4afd-18nhziom-eu-central-1c.s3.eu-central-1.vpce.amazonaws.com
bucket.vpce-0c74881249aea4afd-18nhziom.s3.eu-central-1.vpce.amazonaws.com
s3.eu-central-1.amazonaws.com
alt.canary.s3.ap-northeast-1.vpce.amazonaws.com
canary.s3.ap-northeast-1.vpce.amazonaws.com
*.eu-west-2.es.amazonaws.com
tmun2ni5xufhltuav3n7wqjlzm.eu-west-2.es.amazonaws.com
*.eu-west-2.es.amazonaws.com
dfsqomvvchihif2xdnzhfrjwma.eu-west-2.es.amazonaws.com
*.eu-west-2.es.amazonaws.com
xclwlbxh2nyd33y4y43rmbvdq4.eu-west-2.es.amazonaws.com
*.us-west-2.es.amazonaws.com
vczaawmkicjenhp3hawcuode4e.us-west-2.es.amazonaws.com
*.eu-west-2.es.amazonaws.com
y2bbaoasrarseeba2crsqdnrxy.eu-west-2.es.amazonaws.com
*.eu-west-2.es.amazonaws.com
svsxplhr3a6mt2xy6cu4ji7kae.eu-west-2.es.amazonaws.com
*.geo.redis.cache.windows.net
*.eu-west-2.es.amazonaws.com
yhebuarwnfqtrdp5me6lwh7gkm.eu-west-2.es.amazonaws.com
www.clairvoyantnearme.com.digitaladworks.com
mobizzapp.myinstagram.com
www.blockchaingigs.com
warburgpincus-login.us.nexthink.cloud
adobe-login.us.nexthink.cloud
status.services.woradelivery.com
eu-west-2-main-mon-login.eu.nexthink.cloud
dev-adobe-login.us.nexthink.cloud
acnwpslab-login.eu.nexthink.cloud
laposte-login.eu.nexthink.cloud
specsavers-login.eu.nexthink.cloud
*.iam.prometheuslongrunningc.55o601.c1.kafka.us-west-2.amazonaws.com
*.iam2.prometheuslongrunningc.55o601.c1.kafka.us-west-2.amazonaws.com
*.prometheuslongrunningc.55o601.c1.kafka.us-west-2.amazonaws.com
*.scram.prometheuslongrunningc.55o601.c1.kafka.us-west-2.amazonaws.com
*.scram2.prometheuslongrunningc.55o601.c1.kafka.us-west-2.amazonaws.com
*.tls.prometheuslongrunningc.55o601.c1.kafka.us-west-2.amazonaws.com
*.tls2.prometheuslongrunningc.55o601.c1.kafka.us-west-2.amazonaws.com
*.ap-northeast-1.es.amazonaws.com
laigwhyueaz62n32mjzqya5ahq.ap-northeast-1.es.amazonaws.com
www.fdblockchain.com
*.configcanary5cbb786b78.2abxom.c1.kafka.us-west-2.amazonaws.com
*.iam.configcanary5cbb786b78.2abxom.c1.kafka.us-west-2.amazonaws.com
*.iam2.configcanary5cbb786b78.2abxom.c1.kafka.us-west-2.amazonaws.com
*.scram.configcanary5cbb786b78.2abxom.c1.kafka.us-west-2.amazonaws.com
*.scram2.configcanary5cbb786b78.2abxom.c1.kafka.us-west-2.amazonaws.com
*.tls.configcanary5cbb786b78.2abxom.c1.kafka.us-west-2.amazonaws.com
*.tls2.configcanary5cbb786b78.2abxom.c1.kafka.us-west-2.amazonaws.com
*.accesspoint.vpce-0b35bd981ac5a1497-287u4zcj-ap-southeast-1a.s3.ap-southeast-1.vpce.amazonaws.com
*.accesspoint.vpce-0b35bd981ac5a1497-287u4zcj-ap-southeast-1b.s3.ap-southeast-1.vpce.amazonaws.com
*.accesspoint.vpce-0b35bd981ac5a1497-287u4zcj-ap-southeast-1c.s3.ap-southeast-1.vpce.amazonaws.com
*.accesspoint.vpce-0b35bd981ac5a1497-287u4zcj.s3.ap-southeast-1.vpce.amazonaws.com
*.bucket.vpce-0b35bd981ac5a1497-287u4zcj-ap-southeast-1a.s3.ap-southeast-1.vpce.amazonaws.com
*.bucket.vpce-0b35bd981ac5a1497-287u4zcj-ap-southeast-1b.s3.ap-southeast-1.vpce.amazonaws.com
*.bucket.vpce-0b35bd981ac5a1497-287u4zcj-ap-southeast-1c.s3.ap-southeast-1.vpce.amazonaws.com
*.bucket.vpce-0b35bd981ac5a1497-287u4zcj.s3.ap-southeast-1.vpce.amazonaws.com
*.control.vpce-0b35bd981ac5a1497-287u4zcj-ap-southeast-1a.s3.ap-southeast-1.vpce.amazonaws.com
*.control.vpce-0b35bd981ac5a1497-287u4zcj-ap-southeast-1b.s3.ap-southeast-1.vpce.amazonaws.com
*.control.vpce-0b35bd981ac5a1497-287u4zcj-ap-southeast-1c.s3.ap-southeast-1.vpce.amazonaws.com
*.control.vpce-0b35bd981ac5a1497-287u4zcj.s3.ap-southeast-1.vpce.amazonaws.com
*.s3-accesspoint.ap-southeast-1.amazonaws.com
*.s3-control.ap-southeast-1.amazonaws.com
*.s3.ap-southeast-1.amazonaws.com
bucket.vpce-0b35bd981ac5a1497-287u4zcj-ap-southeast-1a.s3.ap-southeast-1.vpce.amazonaws.com
bucket.vpce-0b35bd981ac5a1497-287u4zcj-ap-southeast-1b.s3.ap-southeast-1.vpce.amazonaws.com
bucket.vpce-0b35bd981ac5a1497-287u4zcj-ap-southeast-1c.s3.ap-southeast-1.vpce.amazonaws.com
bucket.vpce-0b35bd981ac5a1497-287u4zcj.s3.ap-southeast-1.vpce.amazonaws.com
s3.ap-southeast-1.amazonaws.com
*.accesspoint.vpce-00b78f012530d6c8c-fvmvgeqf-cn-north-1a.s3.cn-north-1.vpce.amazonaws.com.cn
*.accesspoint.vpce-00b78f012530d6c8c-fvmvgeqf-cn-north-1b.s3.cn-north-1.vpce.amazonaws.com.cn
*.accesspoint.vpce-00b78f012530d6c8c-fvmvgeqf-cn-north-1c.s3.cn-north-1.vpce.amazonaws.com.cn
*.accesspoint.vpce-00b78f012530d6c8c-fvmvgeqf-cn-north-1d.s3.cn-north-1.vpce.amazonaws.com.cn
*.accesspoint.vpce-00b78f012530d6c8c-fvmvgeqf.s3.cn-north-1.vpce.amazonaws.com.cn
*.bucket.vpce-00b78f012530d6c8c-fvmvgeqf-cn-north-1a.s3.cn-north-1.vpce.amazonaws.com.cn
*.bucket.vpce-00b78f012530d6c8c-fvmvgeqf-cn-north-1b.s3.cn-north-1.vpce.amazonaws.com.cn
*.bucket.vpce-00b78f012530d6c8c-fvmvgeqf-cn-north-1c.s3.cn-north-1.vpce.amazonaws.com.cn
*.bucket.vpce-00b78f012530d6c8c-fvmvgeqf-cn-north-1d.s3.cn-north-1.vpce.amazonaws.com.cn
*.bucket.vpce-00b78f012530d6c8c-fvmvgeqf.s3.cn-north-1.vpce.amazonaws.com.cn
*.control.vpce-00b78f012530d6c8c-fvmvgeqf-cn-north-1a.s3.cn-north-1.vpce.amazonaws.com.cn
*.control.vpce-00b78f012530d6c8c-fvmvgeqf-cn-north-1b.s3.cn-north-1.vpce.amazonaws.com.cn
*.control.vpce-00b78f012530d6c8c-fvmvgeqf-cn-north-1c.s3.cn-north-1.vpce.amazonaws.com.cn
*.control.vpce-00b78f012530d6c8c-fvmvgeqf-cn-north-1d.s3.cn-north-1.vpce.amazonaws.com.cn
*.control.vpce-00b78f012530d6c8c-fvmvgeqf.s3.cn-north-1.vpce.amazonaws.com.cn
*.s3-accesspoint.cn-north-1.amazonaws.com.cn
*.s3-control.cn-north-1.amazonaws.com.cn
*.s3.cn-north-1.amazonaws.com.cn
bucket.vpce-00b78f012530d6c8c-fvmvgeqf-cn-north-1a.s3.cn-north-1.vpce.amazonaws.com.cn
bucket.vpce-00b78f012530d6c8c-fvmvgeqf-cn-north-1b.s3.cn-north-1.vpce.amazonaws.com.cn
bucket.vpce-00b78f012530d6c8c-fvmvgeqf-cn-north-1c.s3.cn-north-1.vpce.amazonaws.com.cn
bucket.vpce-00b78f012530d6c8c-fvmvgeqf-cn-north-1d.s3.cn-north-1.vpce.amazonaws.com.cn
bucket.vpce-00b78f012530d6c8c-fvmvgeqf.s3.cn-north-1.vpce.amazonaws.com.cn
s3.cn-north-1.amazonaws.com.cn
alt.canary.s3.eu-south-2.vpce.amazonaws.com
canary.s3.eu-south-2.vpce.amazonaws.com
*.ap-northeast-1.es.amazonaws.com
4l3kb5xfljma4puydoyajssn4i.ap-northeast-1.es.amazonaws.com
alt.canary.s3.me-south-1.vpce.amazonaws.com
canary.s3.me-south-1.vpce.amazonaws.com
*.eu-central-2.es.amazonaws.com
cjq5n7m65jpbcw7pcssm26pl2q.eu-central-2.es.amazonaws.com
*.ingress.vault.611-2a-vlt-hc-vault.vault-dev-gcp.hanacloud.ondemand.com
*.us-east-2.es.amazonaws.com
tes7lesqzksxzryc7wfanxkk5u.us-east-2.es.amazonaws.com
retina-gamma.psauto.ihm.amazon.dev
alt.canary.s3.il-central-1.vpce.amazonaws.com
canary.s3.il-central-1.vpce.amazonaws.com
*.eu-west-2.es.amazonaws.com
duf4mzzymhlpiijh44ajl334iq.eu-west-2.es.amazonaws.com
*.eu-west-2.es.amazonaws.com
o6ud2yixbwyy7y5e7d5scnhany.eu-west-2.es.amazonaws.com
*.eu-west-2.es.amazonaws.com
dr2lajzoof4zypyblo4flvzkcm.eu-west-2.es.amazonaws.com
*.eu-west-2.es.amazonaws.com
yhebuarwnfqtrdp5me6lwh7gkm.eu-west-2.es.amazonaws.com
*.eu-west-2.es.amazonaws.com
abv3pcjzja72cymjxue6yj5m7y.eu-west-2.es.amazonaws.com
*.accesspoint.vpce-0c74881249aea4afd-18nhziom-eu-central-1a.s3.eu-central-1.vpce.amazonaws.com
*.accesspoint.vpce-0c74881249aea4afd-18nhziom-eu-central-1b.s3.eu-central-1.vpce.amazonaws.com
*.accesspoint.vpce-0c74881249aea4afd-18nhziom-eu-central-1c.s3.eu-central-1.vpce.amazonaws.com
*.accesspoint.vpce-0c74881249aea4afd-18nhziom.s3.eu-central-1.vpce.amazonaws.com
*.bucket.vpce-0c74881249aea4afd-18nhziom-eu-central-1a.s3.eu-central-1.vpce.amazonaws.com
*.bucket.vpce-0c74881249aea4afd-18nhziom-eu-central-1b.s3.eu-central-1.vpce.amazonaws.com
*.bucket.vpce-0c74881249aea4afd-18nhziom-eu-central-1c.s3.eu-central-1.vpce.amazonaws.com
*.bucket.vpce-0c74881249aea4afd-18nhziom.s3.eu-central-1.vpce.amazonaws.com
*.control.vpce-0c74881249aea4afd-18nhziom-eu-central-1a.s3.eu-central-1.vpce.amazonaws.com
*.control.vpce-0c74881249aea4afd-18nhziom-eu-central-1b.s3.eu-central-1.vpce.amazonaws.com
*.control.vpce-0c74881249aea4afd-18nhziom-eu-central-1c.s3.eu-central-1.vpce.amazonaws.com
*.control.vpce-0c74881249aea4afd-18nhziom.s3.eu-central-1.vpce.amazonaws.com
*.s3-accesspoint.eu-central-1.amazonaws.com
*.s3-control.eu-central-1.amazonaws.com
*.s3.eu-central-1.amazonaws.com
bucket.vpce-0c74881249aea4afd-18nhziom-eu-central-1a.s3.eu-central-1.vpce.amazonaws.com
bucket.vpce-0c74881249aea4afd-18nhziom-eu-central-1b.s3.eu-central-1.vpce.amazonaws.com
bucket.vpce-0c74881249aea4afd-18nhziom-eu-central-1c.s3.eu-central-1.vpce.amazonaws.com
bucket.vpce-0c74881249aea4afd-18nhziom.s3.eu-central-1.vpce.amazonaws.com
s3.eu-central-1.amazonaws.com
alt.canary.s3.ap-northeast-1.vpce.amazonaws.com
canary.s3.ap-northeast-1.vpce.amazonaws.com
*.eu-west-2.es.amazonaws.com
tmun2ni5xufhltuav3n7wqjlzm.eu-west-2.es.amazonaws.com
*.eu-west-2.es.amazonaws.com
dfsqomvvchihif2xdnzhfrjwma.eu-west-2.es.amazonaws.com
*.eu-west-2.es.amazonaws.com
xclwlbxh2nyd33y4y43rmbvdq4.eu-west-2.es.amazonaws.com
*.us-west-2.es.amazonaws.com
vczaawmkicjenhp3hawcuode4e.us-west-2.es.amazonaws.com
*.eu-west-2.es.amazonaws.com
y2bbaoasrarseeba2crsqdnrxy.eu-west-2.es.amazonaws.com
*.eu-west-2.es.amazonaws.com
svsxplhr3a6mt2xy6cu4ji7kae.eu-west-2.es.amazonaws.com
api.front-mr1986-wel-2802-feat-broker-update-notif.e.welfaire.dev
www.links.transactions.soundcloud.com
*.us-central1-runtime-connectors-google.com
*.lifecycle-prober-prod-49e45fd8-995d-407b-aafc-584e88d1d23c.europe-west8.managedkafka.gmk-lifecycle-prober-prod-4.cloud.goog
preprod-blue-kr-vag-hcp3.acs.services.tomtom.com
www.0jenkins.51-254-125-38.cranky-ride.103-82-243-56.plesk.page
remote.ns.login.sitemap.gandal.insightandsound.co.uk
ww38.tmail.now.im
ww38.tmail.now.im
*.ingress.vault.611-2a-vlt-hc-vault.vault-dev-gcp.hanacloud.ondemand.com
*.z15.graphql.fabric.microsoft-int.com
*.z15.w.api.fabric.microsoft-int.com
auto-s871070vi7-pbi-kv-HttpsZone15.z15.w.api.fabric.microsoft-int.com
*.zd4.graphql.fabric.microsoft-int.com
*.zd4.w.api.fabric.microsoft-int.com
auto-s871070vi7-pbi-kv-HttpsZoned4.zd4.w.api.fabric.microsoft-int.com
*.geo.redis.cache.windows.net
*.geo.redis.cache.windows.net
certstories.test.netflix.net
www.blockchaingigs.com
www.blockchaingigs.com
warburgpincus-login.us.nexthink.cloud
waws-prod-yt1-29f984c8.ftp.p.azurewebsites.windows.net
waws-prod-yt1-29f984c8.publish.p.azurewebsites.windows.net
adobe-login.us.nexthink.cloud
adobe-login.us.nexthink.cloud
status.services.woradelivery.com
status.services.woradelivery.com
powerplus.storen.login.mail1.shopistry.com
acnwpslab-login.eu.nexthink.cloud
acnwpslab-login.eu.nexthink.cloud
laposte-login.eu.nexthink.cloud
eu-west-2-main-mon-login.eu.nexthink.cloud
laposte-login.eu.nexthink.cloud
specsavers-login.eu.nexthink.cloud
dev-adobe-login.us.nexthink.cloud
wonwon.com.br.actus360.com.br
www.wonwon.com.br.actus360.com.br
verify-graphics2.globalvision.co
jacobsdouweegberts-login.eu.nexthink.cloud
www.twmfilms.com.anandbehera.com
www.noche-rosa.com.kidzzzzz.com
bc-mc.4sal03d2g77bue9kyherfmk6h.blockchainnodeengine.com
beacon.4sal03d2g77bue9kyherfmk6h.blockchainnodeengine.com
ec-mc.4sal03d2g77bue9kyherfmk6h.blockchainnodeengine.com
json-rpc.4sal03d2g77bue9kyherfmk6h.blockchainnodeengine.com
ws.4sal03d2g77bue9kyherfmk6h.blockchainnodeengine.com
mobizzapp.myinstagram.com
www.portal.portal.portal.app.w.165-22-88-203.sslip.io
sirc.com.np.khabarbajar.com
www.sirc.com.np.khabarbajar.com
360baidu.comdocument-payment.authenticate.clouddrive.photos
www.oulkruse.org.kalinamalina.eu
www.www.www.www.www.bgptools-wildcard-confirmed.ballscontest.com
dev.blockchainstatus.com
session-service-pre.uui-pre-1.eks.schibsted.io
mtp.www.uperset.live.secure0bcitizen089.duckdns.org
www.mtp.www.uperset.live.secure0bcitizen089.duckdns.org
www.www.portal.www.wwwwwwwww.159-65-21-211.cprapid.com
portal.www.wwwapp.app.www.wwwwww.234cde3d.nip.io
*.mail-asdcommon-v-kfk-usea5-load-fqm-asd-p.us-east5.managedkafka.ymail-asdcommonppd-p.cloud.goog
www.youla.yandex.avito.sberbank.avito.qild9ko15m9ro0r.mx.vm-boost.ru
youla.yandex.avito.sberbank.avito.qild9ko15m9ro0r.mx.vm-boost.ru
www.youla.yandex.avito.sberbank.avito.qild9ko15m9ro0r.mx.vm-boost.ru
youla.yandex.avito.sberbank.avito.qild9ko15m9ro0r.mx.vm-boost.ru
www.www.137-184-24-197.202-83-121-164.cprapid.com
*.accesspoint.vpce-0fcb526764b736d30-wqmw1eqs-us-east-2a.s3.us-east-2.vpce.amazonaws.com
*.accesspoint.vpce-0fcb526764b736d30-wqmw1eqs-us-east-2b.s3.us-east-2.vpce.amazonaws.com
*.accesspoint.vpce-0fcb526764b736d30-wqmw1eqs-us-east-2c.s3.us-east-2.vpce.amazonaws.com
*.accesspoint.vpce-0fcb526764b736d30-wqmw1eqs.s3.us-east-2.vpce.amazonaws.com
*.bucket.vpce-0fcb526764b736d30-wqmw1eqs-us-east-2a.s3.us-east-2.vpce.amazonaws.com
*.bucket.vpce-0fcb526764b736d30-wqmw1eqs-us-east-2b.s3.us-east-2.vpce.amazonaws.com
*.bucket.vpce-0fcb526764b736d30-wqmw1eqs-us-east-2c.s3.us-east-2.vpce.amazonaws.com
*.bucket.vpce-0fcb526764b736d30-wqmw1eqs.s3.us-east-2.vpce.amazonaws.com
*.control.vpce-0fcb526764b736d30-wqmw1eqs-us-east-2a.s3.us-east-2.vpce.amazonaws.com
*.control.vpce-0fcb526764b736d30-wqmw1eqs-us-east-2b.s3.us-east-2.vpce.amazonaws.com
*.control.vpce-0fcb526764b736d30-wqmw1eqs-us-east-2c.s3.us-east-2.vpce.amazonaws.com
*.control.vpce-0fcb526764b736d30-wqmw1eqs.s3.us-east-2.vpce.amazonaws.com
*.s3-accesspoint.us-east-2.amazonaws.com
*.s3-control.us-east-2.amazonaws.com
*.s3.us-east-2.amazonaws.com
bucket.vpce-0fcb526764b736d30-wqmw1eqs-us-east-2a.s3.us-east-2.vpce.amazonaws.com
bucket.vpce-0fcb526764b736d30-wqmw1eqs-us-east-2b.s3.us-east-2.vpce.amazonaws.com
bucket.vpce-0fcb526764b736d30-wqmw1eqs-us-east-2c.s3.us-east-2.vpce.amazonaws.com
bucket.vpce-0fcb526764b736d30-wqmw1eqs.s3.us-east-2.vpce.amazonaws.com
s3.us-east-2.amazonaws.com
*.car-accident-law-office-near-me-1446.live
car-accident-law-office-near-me-1446.live
*.hs1.tr34.indonesiacentral1-a.worker.database.windows.net
*.hs2.tr34.indonesiacentral1-a.worker.database.windows.net
*.hs3.tr34.indonesiacentral1-a.worker.database.windows.net
*.tr34.indonesiacentral1-a.worker.database.windows.net
tr34.indonesiacentral1-a.worker.database.windows.net
*.accesspoint.vpce-017f45e03121d01d8-x5zwik4z-us-gov-east-1a.s3.us-gov-east-1.vpce.amazonaws.com
*.accesspoint.vpce-017f45e03121d01d8-x5zwik4z-us-gov-east-1b.s3.us-gov-east-1.vpce.amazonaws.com
*.accesspoint.vpce-017f45e03121d01d8-x5zwik4z-us-gov-east-1c.s3.us-gov-east-1.vpce.amazonaws.com
*.accesspoint.vpce-017f45e03121d01d8-x5zwik4z.s3.us-gov-east-1.vpce.amazonaws.com
*.bucket.vpce-017f45e03121d01d8-x5zwik4z-us-gov-east-1a.s3.us-gov-east-1.vpce.amazonaws.com
*.bucket.vpce-017f45e03121d01d8-x5zwik4z-us-gov-east-1b.s3.us-gov-east-1.vpce.amazonaws.com
*.bucket.vpce-017f45e03121d01d8-x5zwik4z-us-gov-east-1c.s3.us-gov-east-1.vpce.amazonaws.com
*.bucket.vpce-017f45e03121d01d8-x5zwik4z.s3.us-gov-east-1.vpce.amazonaws.com
*.control.vpce-017f45e03121d01d8-x5zwik4z-us-gov-east-1a.s3.us-gov-east-1.vpce.amazonaws.com
*.control.vpce-017f45e03121d01d8-x5zwik4z-us-gov-east-1b.s3.us-gov-east-1.vpce.amazonaws.com
*.control.vpce-017f45e03121d01d8-x5zwik4z-us-gov-east-1c.s3.us-gov-east-1.vpce.amazonaws.com
*.control.vpce-017f45e03121d01d8-x5zwik4z.s3.us-gov-east-1.vpce.amazonaws.com
*.s3-accesspoint.us-gov-east-1.amazonaws.com
*.s3-control.us-gov-east-1.amazonaws.com
*.s3.us-gov-east-1.amazonaws.com
bucket.vpce-017f45e03121d01d8-x5zwik4z-us-gov-east-1a.s3.us-gov-east-1.vpce.amazonaws.com
bucket.vpce-017f45e03121d01d8-x5zwik4z-us-gov-east-1b.s3.us-gov-east-1.vpce.amazonaws.com
bucket.vpce-017f45e03121d01d8-x5zwik4z-us-gov-east-1c.s3.us-gov-east-1.vpce.amazonaws.com
bucket.vpce-017f45e03121d01d8-x5zwik4z.s3.us-gov-east-1.vpce.amazonaws.com
s3.us-gov-east-1.amazonaws.com
*.ap-southeast-1.es.amazonaws.com
k2w3enky4b37annbr5afhjn2ja.ap-southeast-1.es.amazonaws.com
alt.canary.s3.ap-southeast-4.vpce.amazonaws.com
canary.s3.ap-southeast-4.vpce.amazonaws.com
*.canary9fe0473fe502.hx5ads.c13.kafka.us-west-2.amazonaws.com
*.iam.canary9fe0473fe502.hx5ads.c13.kafka.us-west-2.amazonaws.com
*.iam2.canary9fe0473fe502.hx5ads.c13.kafka.us-west-2.amazonaws.com
*.scram.canary9fe0473fe502.hx5ads.c13.kafka.us-west-2.amazonaws.com
*.scram2.canary9fe0473fe502.hx5ads.c13.kafka.us-west-2.amazonaws.com
*.tls.canary9fe0473fe502.hx5ads.c13.kafka.us-west-2.amazonaws.com
*.tls2.canary9fe0473fe502.hx5ads.c13.kafka.us-west-2.amazonaws.com
*.blockchaingroup.live
blockchaingroup.live
*.5522-air-conditioning-services-21.shop
5522-air-conditioning-services-21.shop
*.mr-m-onedrive.eu.org
mr-m-onedrive.eu.org
*.us-east-1.es.amazonaws.com
4njadsw5phqave34mzl3vwkhdy.us-east-1.es.amazonaws.com
*.canary5012702ab560.s8ipsh.c12.kafka.us-west-2.amazonaws.com
*.iam.canary5012702ab560.s8ipsh.c12.kafka.us-west-2.amazonaws.com
*.iam2.canary5012702ab560.s8ipsh.c12.kafka.us-west-2.amazonaws.com
*.scram.canary5012702ab560.s8ipsh.c12.kafka.us-west-2.amazonaws.com
*.scram2.canary5012702ab560.s8ipsh.c12.kafka.us-west-2.amazonaws.com
*.tls.canary5012702ab560.s8ipsh.c12.kafka.us-west-2.amazonaws.com
*.tls2.canary5012702ab560.s8ipsh.c12.kafka.us-west-2.amazonaws.com
*.lifecycle-prober-prod-cf43571b-712d-4ed0-a95a-47bc819cb014.us-west1.managedkafka.gmk-lifecycle-prober-prod-3.cloud.goog
*.lifecycle-prober-prod-860e9333-873e-4740-80a2-d2596904a986.europe-north1.managedkafka.gmk-lifecycle-prober-prod-4.cloud.goog
www.0jenkins.51-254-125-38.cranky-ride.103-82-243-56.plesk.page
avito.sber.ozon.ozon.blablacar.i8yv02id7au93v2t.wwwwww.104-248-114-136.cprapid.com
*.eu-west-2.es.amazonaws.com
nmpxahzfo5bblmat546fplibey.eu-west-2.es.amazonaws.com
*.hs1.tr8277.northcentralus1-a.worker.database.windows.net
*.hs2.tr8277.northcentralus1-a.worker.database.windows.net
*.hs3.tr8277.northcentralus1-a.worker.database.windows.net
*.tr8277.northcentralus1-a.worker.database.windows.net
tr8277.northcentralus1-a.worker.database.windows.net
*.eu-west-3.es.amazonaws.com
jn3hlipv4mi7havdvxusy4goe4.eu-west-3.es.amazonaws.com
*.accesspoint.vpce-032dfc2f11eddbeb1-ungkgvu5-us-west-1a.s3.us-west-1.vpce.amazonaws.com
*.accesspoint.vpce-032dfc2f11eddbeb1-ungkgvu5-us-west-1b.s3.us-west-1.vpce.amazonaws.com
*.accesspoint.vpce-032dfc2f11eddbeb1-ungkgvu5.s3.us-west-1.vpce.amazonaws.com
*.bucket.vpce-032dfc2f11eddbeb1-ungkgvu5-us-west-1a.s3.us-west-1.vpce.amazonaws.com
*.bucket.vpce-032dfc2f11eddbeb1-ungkgvu5-us-west-1b.s3.us-west-1.vpce.amazonaws.com
*.bucket.vpce-032dfc2f11eddbeb1-ungkgvu5.s3.us-west-1.vpce.amazonaws.com
*.control.vpce-032dfc2f11eddbeb1-ungkgvu5-us-west-1a.s3.us-west-1.vpce.amazonaws.com
*.control.vpce-032dfc2f11eddbeb1-ungkgvu5-us-west-1b.s3.us-west-1.vpce.amazonaws.com
*.control.vpce-032dfc2f11eddbeb1-ungkgvu5.s3.us-west-1.vpce.amazonaws.com
*.s3-accesspoint.us-west-1.amazonaws.com
*.s3-control.us-west-1.amazonaws.com
*.s3.us-west-1.amazonaws.com
bucket.vpce-032dfc2f11eddbeb1-ungkgvu5-us-west-1a.s3.us-west-1.vpce.amazonaws.com
bucket.vpce-032dfc2f11eddbeb1-ungkgvu5-us-west-1b.s3.us-west-1.vpce.amazonaws.com
bucket.vpce-032dfc2f11eddbeb1-ungkgvu5.s3.us-west-1.vpce.amazonaws.com
s3.us-west-1.amazonaws.com
*.hs1.tr34.indonesiacentral1-a.worker.database.windows.net
*.hs2.tr34.indonesiacentral1-a.worker.database.windows.net
*.hs3.tr34.indonesiacentral1-a.worker.database.windows.net
*.tr34.indonesiacentral1-a.worker.database.windows.net
tr34.indonesiacentral1-a.worker.database.windows.net
preprod-blue-kr-vag-hcp3.acs.services.tomtom.com
*.investment-management-software-for-real-estate-0201.online
investment-management-software-for-real-estate-0201.online
certstories.test.netflix.net
*.z11.graphql.fabric.microsoft-int.com
*.z11.w.api.fabric.microsoft-int.com
auto-s870927vi2-pbi-kv-HttpsZone11.z11.w.api.fabric.microsoft-int.com
*.zd1.graphql.fabric.microsoft-int.com
*.zd1.w.api.fabric.microsoft-int.com
auto-s870927vi2-pbi-kv-HttpsZoned1.zd1.w.api.fabric.microsoft-int.com
www.verification-bankofamerica.veloxsol.com
*.geo.redis.cache.windows.net
jawijawiguguk-slk.desa.id.103-225-242-123.cprapid.com
mail.jawijawiguguk-slk.desa.id.103-225-242-123.cprapid.com
www.jawijawiguguk-slk.desa.id.103-225-242-123.cprapid.com
*.geo.redis.cache.windows.net
www.corporatematters.com.analyticfinancial.com
*.geo.redis.cache.windows.net
waws-prod-ch1-5e7617f5.ftp.p.azurewebsites.windows.net
waws-prod-ch1-5e7617f5.publish.p.azurewebsites.windows.net
waws-prod-jinc-003.ftp.azurewebsites.windows.net
waws-prod-jinc-003.publish.azurewebsites.windows.net
waws-prod-pn1-037.ftp.azurewebsites.windows.net
waws-prod-pn1-037.publish.azurewebsites.windows.net
*.z71.graphql.fabric.microsoft-int.com
*.z71.w.api.fabric.microsoft-int.com
auto-s870927vi2-pbi-kv-HttpsZone71.z71.w.api.fabric.microsoft-int.com
www.portal.www.www.portal.frogiee1stoolbox.eu.org
www.digitalplusbd.com.usmmplus.com
originalkid.gshop.com.engagechilliwack.com
black.zambeze.com.br.templokongoji.com
www.black.zambeze.com.br.templokongoji.com
*.lifecycle-prober-prod-110edb95-0af3-4583-93cc-2e20aa033af0.asia-northeast2.managedkafka.gmk-lifecycle-prober-prod-4.cloud.goog
cms.login.socialsecurity.de
pr.security-jobs-68106.bond
www.villadoraresort.com.welhavenhomecare.com
*.office-cleaning-company-near-0601.click
office-cleaning-company-near-0601.click
21984.7159.dev.secrets-manager.test.appdomain.cloud
82972.7159.dev.secrets-manager.test.appdomain.cloud
*.investment-management-software-for-real-estate-0201.online
investment-management-software-for-real-estate-0201.online
www.keralaayurvedatours.com.maltagro.com
*.office-cleaning-company-near-0601.click
office-cleaning-company-near-0601.click
jawijawiguguk-slk.desa.id.103-225-242-123.cprapid.com
mail.jawijawiguguk-slk.desa.id.103-225-242-123.cprapid.com
www.jawijawiguguk-slk.desa.id.103-225-242-123.cprapid.com
www.keralaayurvedatours.com.maltagro.com
mail.techno-ref.com.5-9-155-187.cprapid.com
techno-ref.com.5-9-155-187.cprapid.com
www.techno-ref.com.5-9-155-187.cprapid.com
pochtabank.www.pochtabank.ozon.rothschild49.com
www.mebeljepara.net.woodliving.id
www.vianjati.com.woodliving.id
blockchainhawaii.xyz
www.blockchainhawaii.xyz
www.verification-bankofamerica.veloxsol.com
apseafreightapplicationsupport.zendesk.com
www.www.www.wwwgoogle.domainanalytics.com
www.7www.wwwdev.b.vpn.de.aujjpzmm.95-216-199-103.cprapid.com
www.app.portal.portal.app.ww.ww.165-22-88-203.sslip.io
*.z91.graphql.fabric.microsoft-int.com
*.z91.w.api.fabric.microsoft-int.com
auto-s870927vi2-pbi-kv-HttpsZone91.z91.w.api.fabric.microsoft-int.com
*.canary2c9ea26914f9.fo7v1a.c2.kafka.us-gov-east-1.amazonaws.com
*.iam.canary2c9ea26914f9.fo7v1a.c2.kafka.us-gov-east-1.amazonaws.com
*.iam2.canary2c9ea26914f9.fo7v1a.c2.kafka.us-gov-east-1.amazonaws.com
*.scram.canary2c9ea26914f9.fo7v1a.c2.kafka.us-gov-east-1.amazonaws.com
*.scram2.canary2c9ea26914f9.fo7v1a.c2.kafka.us-gov-east-1.amazonaws.com
*.tls.canary2c9ea26914f9.fo7v1a.c2.kafka.us-gov-east-1.amazonaws.com
*.tls2.canary2c9ea26914f9.fo7v1a.c2.kafka.us-gov-east-1.amazonaws.com
*.canaryebef32b6facd.pjjkil.c2.kafka.us-gov-east-1.amazonaws.com
*.iam.canaryebef32b6facd.pjjkil.c2.kafka.us-gov-east-1.amazonaws.com
*.iam2.canaryebef32b6facd.pjjkil.c2.kafka.us-gov-east-1.amazonaws.com
*.scram.canaryebef32b6facd.pjjkil.c2.kafka.us-gov-east-1.amazonaws.com
*.scram2.canaryebef32b6facd.pjjkil.c2.kafka.us-gov-east-1.amazonaws.com
*.tls.canaryebef32b6facd.pjjkil.c2.kafka.us-gov-east-1.amazonaws.com
*.tls2.canaryebef32b6facd.pjjkil.c2.kafka.us-gov-east-1.amazonaws.com
vai-05b2b201281f4883a.ava.eu-north-1.amazonaws.com
alt.canary.s3.ap-east-1.vpce.amazonaws.com
canary.s3.ap-east-1.vpce.amazonaws.com
alt.canary.s3.eu-west-3.vpce.amazonaws.com
canary.s3.eu-west-3.vpce.amazonaws.com
vai-04a61b64556bdd68c.ava.ap-southeast-1.amazonaws.com
vai-097db5b3b14ed0db3.ava.sa-east-1.amazonaws.com
vai-0809613de138a7420.ava.ap-northeast-1.amazonaws.com
vai-056e4b01470a07459.ava.ap-south-1.amazonaws.com
alt.canary.s3.ap-southeast-3.vpce.amazonaws.com
canary.s3.ap-southeast-3.vpce.amazonaws.com
*.accesspoint.vpce-0c37f72dd42786254-6kzlvrdv-us-east-1a.s3.us-east-1.vpce.amazonaws.com
*.accesspoint.vpce-0c37f72dd42786254-6kzlvrdv-us-east-1b.s3.us-east-1.vpce.amazonaws.com
*.accesspoint.vpce-0c37f72dd42786254-6kzlvrdv-us-east-1c.s3.us-east-1.vpce.amazonaws.com
*.accesspoint.vpce-0c37f72dd42786254-6kzlvrdv-us-east-1d.s3.us-east-1.vpce.amazonaws.com
*.accesspoint.vpce-0c37f72dd42786254-6kzlvrdv-us-east-1e.s3.us-east-1.vpce.amazonaws.com
*.accesspoint.vpce-0c37f72dd42786254-6kzlvrdv-us-east-1f.s3.us-east-1.vpce.amazonaws.com
*.accesspoint.vpce-0c37f72dd42786254-6kzlvrdv.s3.us-east-1.vpce.amazonaws.com
*.bucket.vpce-0c37f72dd42786254-6kzlvrdv-us-east-1a.s3.us-east-1.vpce.amazonaws.com
*.bucket.vpce-0c37f72dd42786254-6kzlvrdv-us-east-1b.s3.us-east-1.vpce.amazonaws.com
*.bucket.vpce-0c37f72dd42786254-6kzlvrdv-us-east-1c.s3.us-east-1.vpce.amazonaws.com
*.bucket.vpce-0c37f72dd42786254-6kzlvrdv-us-east-1d.s3.us-east-1.vpce.amazonaws.com
*.bucket.vpce-0c37f72dd42786254-6kzlvrdv-us-east-1e.s3.us-east-1.vpce.amazonaws.com
*.bucket.vpce-0c37f72dd42786254-6kzlvrdv-us-east-1f.s3.us-east-1.vpce.amazonaws.com
*.bucket.vpce-0c37f72dd42786254-6kzlvrdv.s3.us-east-1.vpce.amazonaws.com
*.control.vpce-0c37f72dd42786254-6kzlvrdv-us-east-1a.s3.us-east-1.vpce.amazonaws.com
*.control.vpce-0c37f72dd42786254-6kzlvrdv-us-east-1b.s3.us-east-1.vpce.amazonaws.com
*.control.vpce-0c37f72dd42786254-6kzlvrdv-us-east-1c.s3.us-east-1.vpce.amazonaws.com
*.control.vpce-0c37f72dd42786254-6kzlvrdv-us-east-1d.s3.us-east-1.vpce.amazonaws.com
*.control.vpce-0c37f72dd42786254-6kzlvrdv-us-east-1e.s3.us-east-1.vpce.amazonaws.com
*.control.vpce-0c37f72dd42786254-6kzlvrdv-us-east-1f.s3.us-east-1.vpce.amazonaws.com
*.control.vpce-0c37f72dd42786254-6kzlvrdv.s3.us-east-1.vpce.amazonaws.com
bucket.vpce-0c37f72dd42786254-6kzlvrdv-us-east-1a.s3.us-east-1.vpce.amazonaws.com
bucket.vpce-0c37f72dd42786254-6kzlvrdv-us-east-1b.s3.us-east-1.vpce.amazonaws.com
bucket.vpce-0c37f72dd42786254-6kzlvrdv-us-east-1c.s3.us-east-1.vpce.amazonaws.com
bucket.vpce-0c37f72dd42786254-6kzlvrdv-us-east-1d.s3.us-east-1.vpce.amazonaws.com
bucket.vpce-0c37f72dd42786254-6kzlvrdv-us-east-1e.s3.us-east-1.vpce.amazonaws.com
bucket.vpce-0c37f72dd42786254-6kzlvrdv-us-east-1f.s3.us-east-1.vpce.amazonaws.com
bucket.vpce-0c37f72dd42786254-6kzlvrdv.s3.us-east-1.vpce.amazonaws.com
*.canarye89845bc659.nnhjwl.c2.kafka.ap-southeast-4.amazonaws.com
*.iam.canarye89845bc659.nnhjwl.c2.kafka.ap-southeast-4.amazonaws.com
*.iam2.canarye89845bc659.nnhjwl.c2.kafka.ap-southeast-4.amazonaws.com
*.scram.canarye89845bc659.nnhjwl.c2.kafka.ap-southeast-4.amazonaws.com
*.scram2.canarye89845bc659.nnhjwl.c2.kafka.ap-southeast-4.amazonaws.com
*.tls.canarye89845bc659.nnhjwl.c2.kafka.ap-southeast-4.amazonaws.com
*.tls2.canarye89845bc659.nnhjwl.c2.kafka.ap-southeast-4.amazonaws.com
*.canary0e9e8913b24.ajqgq1.c2.kafka.ap-southeast-4.amazonaws.com
*.iam.canary0e9e8913b24.ajqgq1.c2.kafka.ap-southeast-4.amazonaws.com
*.iam2.canary0e9e8913b24.ajqgq1.c2.kafka.ap-southeast-4.amazonaws.com
*.scram.canary0e9e8913b24.ajqgq1.c2.kafka.ap-southeast-4.amazonaws.com
*.scram2.canary0e9e8913b24.ajqgq1.c2.kafka.ap-southeast-4.amazonaws.com
*.tls.canary0e9e8913b24.ajqgq1.c2.kafka.ap-southeast-4.amazonaws.com
*.tls2.canary0e9e8913b24.ajqgq1.c2.kafka.ap-southeast-4.amazonaws.com
*.cfnlaunchpadcanarytes.po7cg5.c2.kafka.af-south-1.amazonaws.com
*.iam.cfnlaunchpadcanarytes.po7cg5.c2.kafka.af-south-1.amazonaws.com
*.iam2.cfnlaunchpadcanarytes.po7cg5.c2.kafka.af-south-1.amazonaws.com
*.scram.cfnlaunchpadcanarytes.po7cg5.c2.kafka.af-south-1.amazonaws.com
*.scram2.cfnlaunchpadcanarytes.po7cg5.c2.kafka.af-south-1.amazonaws.com
*.tls.cfnlaunchpadcanarytes.po7cg5.c2.kafka.af-south-1.amazonaws.com
*.tls2.cfnlaunchpadcanarytes.po7cg5.c2.kafka.af-south-1.amazonaws.com
*.cn-northwest-1.es.amazonaws.com.cn
au4bpattti2f7a3wa6uplo7mqy.cn-northwest-1.es.amazonaws.com.cn
vai-00f8e1b0e1cde72c3.ava.ap-southeast-2.amazonaws.com
www.yourlegacygiving.org.stephensaudio.com
virgoodontologia.com.br.thayanamoraes.com.br
www.virgoodontologia.com.br.thayanamoraes.com.br
portal.purchases.e1-fs.powr.tv
4dflavours.com.au.4dglwww.anormal.esquelesquad.rip
www.4dflavours.com.au.4dglwww.anormal.esquelesquad.rip
*.z31.graphql.fabric.microsoft-int.com
*.z31.w.api.fabric.microsoft-int.com
auto-s870927vi2-pbi-kv-HttpsZone31.z31.w.api.fabric.microsoft-int.com
wwwsupport.cloud.dev.fuzo-marketing-buffet.de
wwwsupport.cloud.dev.fuzo-marketing-buffet.de
www.analytics.143-244-152-170.clever-hellman.202-159-30-106.plesk.page
www.milkyheaven.com.primeautohaulers.com
*.lifecycle-prober-prod-59c34f57-0f86-4441-940d-b9376ec5d76a.us-east4.managedkafka.gmk-lifecycle-prober-prod-1.cloud.goog
portal.plumbingsupplyoverstock.com
*.geo.redis.cache.windows.net
authentification.coinbase.access.security.secure.3-141-30-125.cprapid.com
autodiscover.authentification.coinbase.access.security.secure.3-141-30-125.cprapid.com
cpanel.authentification.coinbase.access.security.secure.3-141-30-125.cprapid.com
cpcalendars.authentification.coinbase.access.security.secure.3-141-30-125.cprapid.com
cpcontacts.authentification.coinbase.access.security.secure.3-141-30-125.cprapid.com
mail.authentification.coinbase.access.security.secure.3-141-30-125.cprapid.com
webdisk.authentification.coinbase.access.security.secure.3-141-30-125.cprapid.com
webmail.authentification.coinbase.access.security.secure.3-141-30-125.cprapid.com
www.authentification.coinbase.access.security.secure.3-141-30-125.cprapid.com
portal.plumbingsupplyoverstock.com
pochtabank.www.pochtabank.sber.sbermegamarket.www.sell2dealer.com
www.www.www.bgptools-wildcard-confirmed.guiltygearsweden.com
etcd.accountlineonline.com
*.instagrampro.cc
instagrampro.cc
tumblr.rsslogs.com
0cms.ftxlract.146-190-228-109.13-214-98-41.cprapid.com
www.0cms.ftxlract.146-190-228-109.13-214-98-41.cprapid.com
mmsantander1.3cx.com.mx
services.wr4vyxuq.park.actionpay.net
21984.7159.dev.secrets-manager.test.appdomain.cloud
82972.7159.dev.secrets-manager.test.appdomain.cloud
*.geo.redis.cache.windows.net
*.microsoft.9bfd843d-5469-4d79-9ab0-f764eb1ede25.com.admin-mcas-df.ms
*.microsoft.9bfd843d-5469-4d79-9ab0-f764eb1ede25.com.admin-mcas.ms
*.microsoft.9bfd843d-5469-4d79-9ab0-f764eb1ede25.com.mcas-df.ms
*.microsoft.9bfd843d-5469-4d79-9ab0-f764eb1ede25.com.mcas.ms
www.portal.wwwwwwwww.blog.www.blog.h2775398.stratoserver.net
www.portal.wwwwwwwww.blog.www.blog.h2775398.stratoserver.net
www.rekanatarupamahardika.com.hkykayutangan.org
waws-prod-blu-fe03f307.ftp.p.azurewebsites.windows.net
waws-prod-blu-fe03f307.publish.p.azurewebsites.windows.net
*.z56.graphql.fabric.microsoft-int.com
*.z56.w.api.fabric.microsoft-int.com
auto-s871070vi7-pbi-kv-HttpsZone56.z56.w.api.fabric.microsoft-int.com
br20-l-c.uc-live.shoot.live.k8s-hana.ondemand.com
connectivity-service-broker.br20-l-c.uc-live.shoot.live.k8s-hana.ondemand.com
connectivity-service-broker.mtls.br20-l-c.uc-live.shoot.live.k8s-hana.ondemand.com
connectivity.br20-l-c.uc-live.shoot.live.k8s-hana.ondemand.com
connectivitycertsigning.br20-l-c.uc-live.shoot.live.k8s-hana.ondemand.com
connectivitycertsigning.mtls.br20-l-c.uc-live.shoot.live.k8s-hana.ondemand.com
connectivitynotification.br20-l-c.uc-live.shoot.live.k8s-hana.ondemand.com
connectivitynotification.mtls.br20-l-c.uc-live.shoot.live.k8s-hana.ondemand.com
mx.www.security-jobs-78891.bond
www.store.git.ns2.www.secure.3399ff.de
services.wr4vyxuq.park.actionpay.net
cpcontacts.designszone.net.appsbold.com
*.mr-m-onedrive.eu.org
mr-m-onedrive.eu.org
www.evolvekenya.com.uremboluxe.com
www.corporatematters.com.analyticfinancial.com
youtube0.ru
*.gmailblog.blogspot.eu
*.mc-static-p.youtube0.ru
*.mc-static-xl.youtube0.ru
*.ww25.youtube0.ru
*.youtube0.ru
*.random.youtube0.ru
portal.purchases.e1-fs.powr.tv
wap.account-recover.com
dev.blockchainstatus.com
dev.blockchainstatus.com
canary-s3ccp.mrap.accesspoint.s3-global.amazonaws.com
vai-02e4b5f62343ba8c5.ava.ca-central-1.amazonaws.com
vai-0d8ece3929c139d6c.ava.eu-west-1.amazonaws.com
accountrecovery-test.ms.com.ar
dev.portal.sarthar.people.amazon.dev
www.kazumicreative.com.kazuminakamura.net
www.kazumicreative.com.kazuminakamura.net
im-qa01-br-01-apim-use2.portal-editor.azure-api.net
im-qa01-br-01-apim-use2.unique.management.azure-api.net
im-qa01-br-01-apim-use2.unique.portal.azure-api.net
alt.canary.s3.ap-southeast-2.vpce.amazonaws.com
canary.s3.ap-southeast-2.vpce.amazonaws.com
*.accesspoint.vpce-03ce123eac9ab2cba-2ko8nmm0-ap-southeast-3a.s3.ap-southeast-3.vpce.amazonaws.com
*.accesspoint.vpce-03ce123eac9ab2cba-2ko8nmm0-ap-southeast-3b.s3.ap-southeast-3.vpce.amazonaws.com
*.accesspoint.vpce-03ce123eac9ab2cba-2ko8nmm0-ap-southeast-3c.s3.ap-southeast-3.vpce.amazonaws.com
*.accesspoint.vpce-03ce123eac9ab2cba-2ko8nmm0.s3.ap-southeast-3.vpce.amazonaws.com
*.bucket.vpce-03ce123eac9ab2cba-2ko8nmm0-ap-southeast-3a.s3.ap-southeast-3.vpce.amazonaws.com
*.bucket.vpce-03ce123eac9ab2cba-2ko8nmm0-ap-southeast-3b.s3.ap-southeast-3.vpce.amazonaws.com
*.bucket.vpce-03ce123eac9ab2cba-2ko8nmm0-ap-southeast-3c.s3.ap-southeast-3.vpce.amazonaws.com
*.bucket.vpce-03ce123eac9ab2cba-2ko8nmm0.s3.ap-southeast-3.vpce.amazonaws.com
*.control.vpce-03ce123eac9ab2cba-2ko8nmm0-ap-southeast-3a.s3.ap-southeast-3.vpce.amazonaws.com
*.control.vpce-03ce123eac9ab2cba-2ko8nmm0-ap-southeast-3b.s3.ap-southeast-3.vpce.amazonaws.com
*.control.vpce-03ce123eac9ab2cba-2ko8nmm0-ap-southeast-3c.s3.ap-southeast-3.vpce.amazonaws.com
*.control.vpce-03ce123eac9ab2cba-2ko8nmm0.s3.ap-southeast-3.vpce.amazonaws.com
*.s3-accesspoint.ap-southeast-3.amazonaws.com
*.s3-control.ap-southeast-3.amazonaws.com
*.s3.ap-southeast-3.amazonaws.com
bucket.vpce-03ce123eac9ab2cba-2ko8nmm0-ap-southeast-3a.s3.ap-southeast-3.vpce.amazonaws.com
bucket.vpce-03ce123eac9ab2cba-2ko8nmm0-ap-southeast-3b.s3.ap-southeast-3.vpce.amazonaws.com
bucket.vpce-03ce123eac9ab2cba-2ko8nmm0-ap-southeast-3c.s3.ap-southeast-3.vpce.amazonaws.com
bucket.vpce-03ce123eac9ab2cba-2ko8nmm0.s3.ap-southeast-3.vpce.amazonaws.com
s3.ap-southeast-3.amazonaws.com
vai-0eecb32aab9155c6b.ava.ap-southeast-3.amazonaws.com
vai-018b123efce5472ca.ava.ap-northeast-2.amazonaws.com
*.us-east-1.es.amazonaws.com
itetvv5n47d3deiqqymcewjlw4.us-east-1.es.amazonaws.com
*.canary9bd154cced3e.1jvlun.c2.kafka.af-south-1.amazonaws.com
*.iam.canary9bd154cced3e.1jvlun.c2.kafka.af-south-1.amazonaws.com
*.iam2.canary9bd154cced3e.1jvlun.c2.kafka.af-south-1.amazonaws.com
*.scram.canary9bd154cced3e.1jvlun.c2.kafka.af-south-1.amazonaws.com
*.scram2.canary9bd154cced3e.1jvlun.c2.kafka.af-south-1.amazonaws.com
*.tls.canary9bd154cced3e.1jvlun.c2.kafka.af-south-1.amazonaws.com
*.tls2.canary9bd154cced3e.1jvlun.c2.kafka.af-south-1.amazonaws.com
*.canaryb421b60db93e.tvx5rr.c4.kafka.eu-north-1.amazonaws.com
*.iam.canaryb421b60db93e.tvx5rr.c4.kafka.eu-north-1.amazonaws.com
*.iam2.canaryb421b60db93e.tvx5rr.c4.kafka.eu-north-1.amazonaws.com
*.scram.canaryb421b60db93e.tvx5rr.c4.kafka.eu-north-1.amazonaws.com
*.scram2.canaryb421b60db93e.tvx5rr.c4.kafka.eu-north-1.amazonaws.com
*.tls.canaryb421b60db93e.tvx5rr.c4.kafka.eu-north-1.amazonaws.com
*.tls2.canaryb421b60db93e.tvx5rr.c4.kafka.eu-north-1.amazonaws.com
*.ap-northeast-1.es.amazonaws.com
xwju473sq7xbt6ssaqzufbldvy.ap-northeast-1.es.amazonaws.com
a.ab.git.acqrb5wdena8kvd.neqphkdxrsy.purchases.demo-fs.powr.tv
alpha.us-west-2.pm-internal-api.amazongamelift.com
eu.phaabqsa.64-227-108-172.103-77-105-110.cprapid.com
*.guliveer-github-io.pages.dev
guliveer-github-io.pages.dev
alt.canary.s3.eu-north-1.vpce.amazonaws.com
canary.s3.eu-north-1.vpce.amazonaws.com
*.accesspoint.vpce-0e355b4c52499a260-gc6tq9m2-eu-west-1a.s3.eu-west-1.vpce.amazonaws.com
*.accesspoint.vpce-0e355b4c52499a260-gc6tq9m2-eu-west-1b.s3.eu-west-1.vpce.amazonaws.com
*.accesspoint.vpce-0e355b4c52499a260-gc6tq9m2-eu-west-1c.s3.eu-west-1.vpce.amazonaws.com
*.accesspoint.vpce-0e355b4c52499a260-gc6tq9m2-eu-west-1d.s3.eu-west-1.vpce.amazonaws.com
*.accesspoint.vpce-0e355b4c52499a260-gc6tq9m2.s3.eu-west-1.vpce.amazonaws.com
*.bucket.vpce-0e355b4c52499a260-gc6tq9m2-eu-west-1a.s3.eu-west-1.vpce.amazonaws.com
*.bucket.vpce-0e355b4c52499a260-gc6tq9m2-eu-west-1b.s3.eu-west-1.vpce.amazonaws.com
*.bucket.vpce-0e355b4c52499a260-gc6tq9m2-eu-west-1c.s3.eu-west-1.vpce.amazonaws.com
*.bucket.vpce-0e355b4c52499a260-gc6tq9m2-eu-west-1d.s3.eu-west-1.vpce.amazonaws.com
*.bucket.vpce-0e355b4c52499a260-gc6tq9m2.s3.eu-west-1.vpce.amazonaws.com
*.control.vpce-0e355b4c52499a260-gc6tq9m2-eu-west-1a.s3.eu-west-1.vpce.amazonaws.com
*.control.vpce-0e355b4c52499a260-gc6tq9m2-eu-west-1b.s3.eu-west-1.vpce.amazonaws.com
*.control.vpce-0e355b4c52499a260-gc6tq9m2-eu-west-1c.s3.eu-west-1.vpce.amazonaws.com
*.control.vpce-0e355b4c52499a260-gc6tq9m2-eu-west-1d.s3.eu-west-1.vpce.amazonaws.com
*.control.vpce-0e355b4c52499a260-gc6tq9m2.s3.eu-west-1.vpce.amazonaws.com
*.s3-accesspoint.eu-west-1.amazonaws.com
*.s3-control.eu-west-1.amazonaws.com
*.s3.eu-west-1.amazonaws.com
bucket.vpce-0e355b4c52499a260-gc6tq9m2-eu-west-1a.s3.eu-west-1.vpce.amazonaws.com
bucket.vpce-0e355b4c52499a260-gc6tq9m2-eu-west-1b.s3.eu-west-1.vpce.amazonaws.com
bucket.vpce-0e355b4c52499a260-gc6tq9m2-eu-west-1c.s3.eu-west-1.vpce.amazonaws.com
bucket.vpce-0e355b4c52499a260-gc6tq9m2-eu-west-1d.s3.eu-west-1.vpce.amazonaws.com
bucket.vpce-0e355b4c52499a260-gc6tq9m2.s3.eu-west-1.vpce.amazonaws.com
s3.eu-west-1.amazonaws.com
*.cfnlaunchpadcanarytes.qt4gs5.c4.kafka.eu-north-1.amazonaws.com
*.iam.cfnlaunchpadcanarytes.qt4gs5.c4.kafka.eu-north-1.amazonaws.com
*.iam2.cfnlaunchpadcanarytes.qt4gs5.c4.kafka.eu-north-1.amazonaws.com
*.scram.cfnlaunchpadcanarytes.qt4gs5.c4.kafka.eu-north-1.amazonaws.com
*.scram2.cfnlaunchpadcanarytes.qt4gs5.c4.kafka.eu-north-1.amazonaws.com
*.tls.cfnlaunchpadcanarytes.qt4gs5.c4.kafka.eu-north-1.amazonaws.com
*.tls2.cfnlaunchpadcanarytes.qt4gs5.c4.kafka.eu-north-1.amazonaws.com
*.accesspoint.vpce-0ff6ff981af92dc74-354o1t0v-us-east-1a.s3.us-east-1.vpce.amazonaws.com
*.accesspoint.vpce-0ff6ff981af92dc74-354o1t0v-us-east-1b.s3.us-east-1.vpce.amazonaws.com
*.accesspoint.vpce-0ff6ff981af92dc74-354o1t0v-us-east-1c.s3.us-east-1.vpce.amazonaws.com
*.accesspoint.vpce-0ff6ff981af92dc74-354o1t0v-us-east-1d.s3.us-east-1.vpce.amazonaws.com
*.accesspoint.vpce-0ff6ff981af92dc74-354o1t0v-us-east-1e.s3.us-east-1.vpce.amazonaws.com
*.accesspoint.vpce-0ff6ff981af92dc74-354o1t0v-us-east-1f.s3.us-east-1.vpce.amazonaws.com
*.accesspoint.vpce-0ff6ff981af92dc74-354o1t0v.s3.us-east-1.vpce.amazonaws.com
*.bucket.vpce-0ff6ff981af92dc74-354o1t0v-us-east-1a.s3.us-east-1.vpce.amazonaws.com
*.bucket.vpce-0ff6ff981af92dc74-354o1t0v-us-east-1b.s3.us-east-1.vpce.amazonaws.com
*.bucket.vpce-0ff6ff981af92dc74-354o1t0v-us-east-1c.s3.us-east-1.vpce.amazonaws.com
*.bucket.vpce-0ff6ff981af92dc74-354o1t0v-us-east-1d.s3.us-east-1.vpce.amazonaws.com
*.bucket.vpce-0ff6ff981af92dc74-354o1t0v-us-east-1e.s3.us-east-1.vpce.amazonaws.com
*.bucket.vpce-0ff6ff981af92dc74-354o1t0v-us-east-1f.s3.us-east-1.vpce.amazonaws.com
*.bucket.vpce-0ff6ff981af92dc74-354o1t0v.s3.us-east-1.vpce.amazonaws.com
*.control.vpce-0ff6ff981af92dc74-354o1t0v-us-east-1a.s3.us-east-1.vpce.amazonaws.com
*.control.vpce-0ff6ff981af92dc74-354o1t0v-us-east-1b.s3.us-east-1.vpce.amazonaws.com
*.control.vpce-0ff6ff981af92dc74-354o1t0v-us-east-1c.s3.us-east-1.vpce.amazonaws.com
*.control.vpce-0ff6ff981af92dc74-354o1t0v-us-east-1d.s3.us-east-1.vpce.amazonaws.com
*.control.vpce-0ff6ff981af92dc74-354o1t0v-us-east-1e.s3.us-east-1.vpce.amazonaws.com
*.control.vpce-0ff6ff981af92dc74-354o1t0v-us-east-1f.s3.us-east-1.vpce.amazonaws.com
*.control.vpce-0ff6ff981af92dc74-354o1t0v.s3.us-east-1.vpce.amazonaws.com
bucket.vpce-0ff6ff981af92dc74-354o1t0v-us-east-1a.s3.us-east-1.vpce.amazonaws.com
bucket.vpce-0ff6ff981af92dc74-354o1t0v-us-east-1b.s3.us-east-1.vpce.amazonaws.com
bucket.vpce-0ff6ff981af92dc74-354o1t0v-us-east-1c.s3.us-east-1.vpce.amazonaws.com
bucket.vpce-0ff6ff981af92dc74-354o1t0v-us-east-1d.s3.us-east-1.vpce.amazonaws.com
bucket.vpce-0ff6ff981af92dc74-354o1t0v-us-east-1e.s3.us-east-1.vpce.amazonaws.com
bucket.vpce-0ff6ff981af92dc74-354o1t0v-us-east-1f.s3.us-east-1.vpce.amazonaws.com
bucket.vpce-0ff6ff981af92dc74-354o1t0v.s3.us-east-1.vpce.amazonaws.com
*.canary3a802dc69a06.w362t9.c4.kafka.eu-north-1.amazonaws.com
*.iam.canary3a802dc69a06.w362t9.c4.kafka.eu-north-1.amazonaws.com
*.iam2.canary3a802dc69a06.w362t9.c4.kafka.eu-north-1.amazonaws.com
*.scram.canary3a802dc69a06.w362t9.c4.kafka.eu-north-1.amazonaws.com
*.scram2.canary3a802dc69a06.w362t9.c4.kafka.eu-north-1.amazonaws.com
*.tls.canary3a802dc69a06.w362t9.c4.kafka.eu-north-1.amazonaws.com
*.tls2.canary3a802dc69a06.w362t9.c4.kafka.eu-north-1.amazonaws.com
alt.canary.s3.cn-northwest-1.vpce.amazonaws.com.cn
canary.s3.cn-northwest-1.vpce.amazonaws.com.cn
sberbank.ozon.ozon.sber.sber.jthulus.comkwid9.4800app7.top
*.geo.redis.cache.windows.net
*.geo.redis.cache.windows.net
*.z56.graphql.fabric.microsoft-int.com
*.z56.w.api.fabric.microsoft-int.com
auto-s871070vi7-pbi-kv-HttpsZone56.z56.w.api.fabric.microsoft-int.com
*.com-clients06.id
com-clients06.id
fr.googletranslator.de
*.geo.redis.cache.windows.net
waws-prod-blu-fe03f307.ftp.p.azurewebsites.windows.net
waws-prod-blu-fe03f307.publish.p.azurewebsites.windows.net
*.facebookz-mobile.online
facebookz-mobile.online
pay.sber.pochtabank.wn6ljqld5ajyptm.mheart.wp.tuteeapp.com
webdisk.wpt-0os7.45-156-250-132.cprapid.com
webmail.wpt-0os7.45-156-250-132.cprapid.com
wpt-0os7.45-156-250-132.cprapid.com.fibrocentar.ba
www.wpt-0os7.45-156-250-132.cprapid.com.fibrocentar.ba
ccoe-sub-decom-apim-corp-prod.unique.management.azure-api.net
ccoe-sub-decom-apim-corp-prod.unique.portal.azure-api.net
mtp.www.uperset.live.secure0bcitizen089.duckdns.org
www.mtp.www.uperset.live.secure0bcitizen089.duckdns.org
mtp.www.uperset.live.secure0bcitizen089.duckdns.org
www.mtp.www.uperset.live.secure0bcitizen089.duckdns.org
portal.www.wwwapp.app.www.wwwwww.234cde3d.nip.io
portal.www.wwwapp.app.www.wwwwww.234cde3d.nip.io
wwwwww.wwwwww.pk1eyqlnbp1oc3m.purchases.demo-fs.powr.tv
service-finder-tool-backend-qa.cloud.sartorius.com
pr.cyber-security-jobs-30774.bond
www.www.www.gzudesst.167-172-245-54.103-146-202-45.cprapid.com
www.apartamentosjsecall.com.apartamentoslio.com
*.z72.graphql.fabric.microsoft-int.com
*.z72.w.api.fabric.microsoft-int.com
auto-s870927vi2-pbi-kv-HttpsZone72.z72.w.api.fabric.microsoft-int.com
*.accesspoint.vpce-0369c8e99f1304c4a-vhnrfcqh-ap-northeast-3a.s3.ap-northeast-3.vpce.amazonaws.com
*.accesspoint.vpce-0369c8e99f1304c4a-vhnrfcqh-ap-northeast-3b.s3.ap-northeast-3.vpce.amazonaws.com
*.accesspoint.vpce-0369c8e99f1304c4a-vhnrfcqh-ap-northeast-3c.s3.ap-northeast-3.vpce.amazonaws.com
*.accesspoint.vpce-0369c8e99f1304c4a-vhnrfcqh.s3.ap-northeast-3.vpce.amazonaws.com
*.bucket.vpce-0369c8e99f1304c4a-vhnrfcqh-ap-northeast-3a.s3.ap-northeast-3.vpce.amazonaws.com
*.bucket.vpce-0369c8e99f1304c4a-vhnrfcqh-ap-northeast-3b.s3.ap-northeast-3.vpce.amazonaws.com
*.bucket.vpce-0369c8e99f1304c4a-vhnrfcqh-ap-northeast-3c.s3.ap-northeast-3.vpce.amazonaws.com
*.bucket.vpce-0369c8e99f1304c4a-vhnrfcqh.s3.ap-northeast-3.vpce.amazonaws.com
*.control.vpce-0369c8e99f1304c4a-vhnrfcqh-ap-northeast-3a.s3.ap-northeast-3.vpce.amazonaws.com
*.control.vpce-0369c8e99f1304c4a-vhnrfcqh-ap-northeast-3b.s3.ap-northeast-3.vpce.amazonaws.com
*.control.vpce-0369c8e99f1304c4a-vhnrfcqh-ap-northeast-3c.s3.ap-northeast-3.vpce.amazonaws.com
*.control.vpce-0369c8e99f1304c4a-vhnrfcqh.s3.ap-northeast-3.vpce.amazonaws.com
*.s3-accesspoint.ap-northeast-3.amazonaws.com
*.s3-control.ap-northeast-3.amazonaws.com
*.s3.ap-northeast-3.amazonaws.com
bucket.vpce-0369c8e99f1304c4a-vhnrfcqh-ap-northeast-3a.s3.ap-northeast-3.vpce.amazonaws.com
bucket.vpce-0369c8e99f1304c4a-vhnrfcqh-ap-northeast-3b.s3.ap-northeast-3.vpce.amazonaws.com
bucket.vpce-0369c8e99f1304c4a-vhnrfcqh-ap-northeast-3c.s3.ap-northeast-3.vpce.amazonaws.com
bucket.vpce-0369c8e99f1304c4a-vhnrfcqh.s3.ap-northeast-3.vpce.amazonaws.com
s3.ap-northeast-3.amazonaws.com
*.eu-central-1.es.amazonaws.com
vmd7dxluwthex2uxosc3fdu43y.eu-central-1.es.amazonaws.com
*.ap-south-2.es.amazonaws.com
puhe3dto4ebwaa6abi2gcmas6u.ap-south-2.es.amazonaws.com
*.us-west-2.es.amazonaws.com
64yq6w3z3cvwhzv7rqnomyvgcy.us-west-2.es.amazonaws.com
*.canary2b1785497892.e3w7uf.c2.kafka.sa-east-1.amazonaws.com
*.iam.canary2b1785497892.e3w7uf.c2.kafka.sa-east-1.amazonaws.com
*.iam2.canary2b1785497892.e3w7uf.c2.kafka.sa-east-1.amazonaws.com
*.scram.canary2b1785497892.e3w7uf.c2.kafka.sa-east-1.amazonaws.com
*.scram2.canary2b1785497892.e3w7uf.c2.kafka.sa-east-1.amazonaws.com
*.tls.canary2b1785497892.e3w7uf.c2.kafka.sa-east-1.amazonaws.com
*.tls2.canary2b1785497892.e3w7uf.c2.kafka.sa-east-1.amazonaws.com
*.or.support-tickets-uife-stg.np.digital.business.comcast.com
*.support-tickets-uife-stg.np.digital.business.comcast.com
*.va.support-tickets-uife-stg.np.digital.business.comcast.com
support-tickets-uife-stg.np.digital.business.comcast.com
*.configcanary74d1bce313.uff9le.c1.kafka.eu-west-1.amazonaws.com
*.iam.configcanary74d1bce313.uff9le.c1.kafka.eu-west-1.amazonaws.com
*.iam2.configcanary74d1bce313.uff9le.c1.kafka.eu-west-1.amazonaws.com
*.scram.configcanary74d1bce313.uff9le.c1.kafka.eu-west-1.amazonaws.com
*.scram2.configcanary74d1bce313.uff9le.c1.kafka.eu-west-1.amazonaws.com
*.tls.configcanary74d1bce313.uff9le.c1.kafka.eu-west-1.amazonaws.com
*.tls2.configcanary74d1bce313.uff9le.c1.kafka.eu-west-1.amazonaws.com
*.canary336c80a5706.jcizkd.c1.kafka.ap-southeast-4.amazonaws.com
*.iam.canary336c80a5706.jcizkd.c1.kafka.ap-southeast-4.amazonaws.com
*.iam2.canary336c80a5706.jcizkd.c1.kafka.ap-southeast-4.amazonaws.com
*.scram.canary336c80a5706.jcizkd.c1.kafka.ap-southeast-4.amazonaws.com
*.scram2.canary336c80a5706.jcizkd.c1.kafka.ap-southeast-4.amazonaws.com
*.tls.canary336c80a5706.jcizkd.c1.kafka.ap-southeast-4.amazonaws.com
*.tls2.canary336c80a5706.jcizkd.c1.kafka.ap-southeast-4.amazonaws.com
*.canaryc3c8ca355ac.6a5wss.c1.kafka.ap-southeast-1.amazonaws.com
*.iam.canaryc3c8ca355ac.6a5wss.c1.kafka.ap-southeast-1.amazonaws.com
*.iam2.canaryc3c8ca355ac.6a5wss.c1.kafka.ap-southeast-1.amazonaws.com
*.scram.canaryc3c8ca355ac.6a5wss.c1.kafka.ap-southeast-1.amazonaws.com
*.scram2.canaryc3c8ca355ac.6a5wss.c1.kafka.ap-southeast-1.amazonaws.com
*.tls.canaryc3c8ca355ac.6a5wss.c1.kafka.ap-southeast-1.amazonaws.com
*.tls2.canaryc3c8ca355ac.6a5wss.c1.kafka.ap-southeast-1.amazonaws.com
*.configcanary51b0a.idzkzw.c1.kafka.ap-southeast-1.amazonaws.com
*.iam.configcanary51b0a.idzkzw.c1.kafka.ap-southeast-1.amazonaws.com
*.iam2.configcanary51b0a.idzkzw.c1.kafka.ap-southeast-1.amazonaws.com
*.scram.configcanary51b0a.idzkzw.c1.kafka.ap-southeast-1.amazonaws.com
*.scram2.configcanary51b0a.idzkzw.c1.kafka.ap-southeast-1.amazonaws.com
*.tls.configcanary51b0a.idzkzw.c1.kafka.ap-southeast-1.amazonaws.com
*.tls2.configcanary51b0a.idzkzw.c1.kafka.ap-southeast-1.amazonaws.com
*.canary5bb447eea19.0x8l3c.c1.kafka.ap-northeast-3.amazonaws.com
*.iam.canary5bb447eea19.0x8l3c.c1.kafka.ap-northeast-3.amazonaws.com
*.iam2.canary5bb447eea19.0x8l3c.c1.kafka.ap-northeast-3.amazonaws.com
*.scram.canary5bb447eea19.0x8l3c.c1.kafka.ap-northeast-3.amazonaws.com
*.scram2.canary5bb447eea19.0x8l3c.c1.kafka.ap-northeast-3.amazonaws.com
*.tls.canary5bb447eea19.0x8l3c.c1.kafka.ap-northeast-3.amazonaws.com
*.tls2.canary5bb447eea19.0x8l3c.c1.kafka.ap-northeast-3.amazonaws.com
*.esstagingmskclust.kxqymb.c3.kafka.ap-southeast-1.amazonaws.com
*.iam.esstagingmskclust.kxqymb.c3.kafka.ap-southeast-1.amazonaws.com
*.iam2.esstagingmskclust.kxqymb.c3.kafka.ap-southeast-1.amazonaws.com
*.scram.esstagingmskclust.kxqymb.c3.kafka.ap-southeast-1.amazonaws.com
*.scram2.esstagingmskclust.kxqymb.c3.kafka.ap-southeast-1.amazonaws.com
*.tls.esstagingmskclust.kxqymb.c3.kafka.ap-southeast-1.amazonaws.com
*.tls2.esstagingmskclust.kxqymb.c3.kafka.ap-southeast-1.amazonaws.com
*.canary1665bf57cba4.l5lodj.c1.kafka.eu-west-3.amazonaws.com
*.iam.canary1665bf57cba4.l5lodj.c1.kafka.eu-west-3.amazonaws.com
*.iam2.canary1665bf57cba4.l5lodj.c1.kafka.eu-west-3.amazonaws.com
*.scram.canary1665bf57cba4.l5lodj.c1.kafka.eu-west-3.amazonaws.com
*.scram2.canary1665bf57cba4.l5lodj.c1.kafka.eu-west-3.amazonaws.com
*.tls.canary1665bf57cba4.l5lodj.c1.kafka.eu-west-3.amazonaws.com
*.tls2.canary1665bf57cba4.l5lodj.c1.kafka.eu-west-3.amazonaws.com
*.configcanaryc79f8.kca9zi.c3.kafka.ap-southeast-1.amazonaws.com
*.iam.configcanaryc79f8.kca9zi.c3.kafka.ap-southeast-1.amazonaws.com
*.iam2.configcanaryc79f8.kca9zi.c3.kafka.ap-southeast-1.amazonaws.com
*.scram.configcanaryc79f8.kca9zi.c3.kafka.ap-southeast-1.amazonaws.com
*.scram2.configcanaryc79f8.kca9zi.c3.kafka.ap-southeast-1.amazonaws.com
*.tls.configcanaryc79f8.kca9zi.c3.kafka.ap-southeast-1.amazonaws.com
*.tls2.configcanaryc79f8.kca9zi.c3.kafka.ap-southeast-1.amazonaws.com
*.canarye907c8a4f827.hujn0j.c1.kafka.eu-west-1.amazonaws.com
*.iam.canarye907c8a4f827.hujn0j.c1.kafka.eu-west-1.amazonaws.com
*.iam2.canarye907c8a4f827.hujn0j.c1.kafka.eu-west-1.amazonaws.com
*.scram.canarye907c8a4f827.hujn0j.c1.kafka.eu-west-1.amazonaws.com
*.scram2.canarye907c8a4f827.hujn0j.c1.kafka.eu-west-1.amazonaws.com
*.tls.canarye907c8a4f827.hujn0j.c1.kafka.eu-west-1.amazonaws.com
*.tls2.canarye907c8a4f827.hujn0j.c1.kafka.eu-west-1.amazonaws.com
*.canary7fc83400d37.y5zzh1.c3.kafka.ap-southeast-3.amazonaws.com
*.iam.canary7fc83400d37.y5zzh1.c3.kafka.ap-southeast-3.amazonaws.com
*.iam2.canary7fc83400d37.y5zzh1.c3.kafka.ap-southeast-3.amazonaws.com
*.scram.canary7fc83400d37.y5zzh1.c3.kafka.ap-southeast-3.amazonaws.com
*.scram2.canary7fc83400d37.y5zzh1.c3.kafka.ap-southeast-3.amazonaws.com
*.tls.canary7fc83400d37.y5zzh1.c3.kafka.ap-southeast-3.amazonaws.com
*.tls2.canary7fc83400d37.y5zzh1.c3.kafka.ap-southeast-3.amazonaws.com
api.ecp-5716.site-additions.dev.ebs-portal.aws.edfcloud.io
apps.ecp-5716.site-additions.dev.ebs-portal.aws.edfcloud.io
*.us-east-2.es.amazonaws.com
3mupkvsubgmsqcjsc4k777pfk4.us-east-2.es.amazonaws.com
api.ecp-5716.site-additions.dev.ebs-portal.aws.edfcloud.io
*.iam.marianacanaryn6mj.8xaw58.c1.kafka.ap-southeast-1.amazonaws.com
*.iam2.marianacanaryn6mj.8xaw58.c1.kafka.ap-southeast-1.amazonaws.com
*.marianacanaryn6mj.8xaw58.c1.kafka.ap-southeast-1.amazonaws.com
*.scram.marianacanaryn6mj.8xaw58.c1.kafka.ap-southeast-1.amazonaws.com
*.scram2.marianacanaryn6mj.8xaw58.c1.kafka.ap-southeast-1.amazonaws.com
*.tls.marianacanaryn6mj.8xaw58.c1.kafka.ap-southeast-1.amazonaws.com
*.tls2.marianacanaryn6mj.8xaw58.c1.kafka.ap-southeast-1.amazonaws.com
api-apitcc-hsbc.s2e-net.com
demo-api-apitcc-hsbc.s2e-net.com
*.hs1.tr8278.northcentralus1-a.worker.database.windows.net
*.hs2.tr8278.northcentralus1-a.worker.database.windows.net
*.hs3.tr8278.northcentralus1-a.worker.database.windows.net
*.tr8278.northcentralus1-a.worker.database.windows.net
tr8278.northcentralus1-a.worker.database.windows.net
*.cfnlaunchpadcanarytest.v32l0m.c4.kafka.eu-west-2.amazonaws.com
*.iam.cfnlaunchpadcanarytest.v32l0m.c4.kafka.eu-west-2.amazonaws.com
*.iam2.cfnlaunchpadcanarytest.v32l0m.c4.kafka.eu-west-2.amazonaws.com
*.scram.cfnlaunchpadcanarytest.v32l0m.c4.kafka.eu-west-2.amazonaws.com
*.scram2.cfnlaunchpadcanarytest.v32l0m.c4.kafka.eu-west-2.amazonaws.com
*.tls.cfnlaunchpadcanarytest.v32l0m.c4.kafka.eu-west-2.amazonaws.com
*.tls2.cfnlaunchpadcanarytest.v32l0m.c4.kafka.eu-west-2.amazonaws.com
*.accesspoint.vpce-0551c02a029b19078-qoey4wbq-af-south-1a.s3.af-south-1.vpce.amazonaws.com
*.accesspoint.vpce-0551c02a029b19078-qoey4wbq-af-south-1b.s3.af-south-1.vpce.amazonaws.com
*.accesspoint.vpce-0551c02a029b19078-qoey4wbq-af-south-1c.s3.af-south-1.vpce.amazonaws.com
*.accesspoint.vpce-0551c02a029b19078-qoey4wbq.s3.af-south-1.vpce.amazonaws.com
*.bucket.vpce-0551c02a029b19078-qoey4wbq-af-south-1a.s3.af-south-1.vpce.amazonaws.com
*.bucket.vpce-0551c02a029b19078-qoey4wbq-af-south-1b.s3.af-south-1.vpce.amazonaws.com
*.bucket.vpce-0551c02a029b19078-qoey4wbq-af-south-1c.s3.af-south-1.vpce.amazonaws.com
*.bucket.vpce-0551c02a029b19078-qoey4wbq.s3.af-south-1.vpce.amazonaws.com
*.control.vpce-0551c02a029b19078-qoey4wbq-af-south-1a.s3.af-south-1.vpce.amazonaws.com
*.control.vpce-0551c02a029b19078-qoey4wbq-af-south-1b.s3.af-south-1.vpce.amazonaws.com
*.control.vpce-0551c02a029b19078-qoey4wbq-af-south-1c.s3.af-south-1.vpce.amazonaws.com
*.control.vpce-0551c02a029b19078-qoey4wbq.s3.af-south-1.vpce.amazonaws.com
*.s3-accesspoint.af-south-1.amazonaws.com
*.s3-control.af-south-1.amazonaws.com
*.s3.af-south-1.amazonaws.com
bucket.vpce-0551c02a029b19078-qoey4wbq-af-south-1a.s3.af-south-1.vpce.amazonaws.com
bucket.vpce-0551c02a029b19078-qoey4wbq-af-south-1b.s3.af-south-1.vpce.amazonaws.com
bucket.vpce-0551c02a029b19078-qoey4wbq-af-south-1c.s3.af-south-1.vpce.amazonaws.com
bucket.vpce-0551c02a029b19078-qoey4wbq.s3.af-south-1.vpce.amazonaws.com
s3.af-south-1.amazonaws.com
*.z12.graphql.fabric.microsoft-int.com
*.z12.w.api.fabric.microsoft-int.com
auto-s870927vi2-pbi-kv-HttpsZone12.z12.w.api.fabric.microsoft-int.com
www.portal.portal.portal.app.w.165-22-88-203.sslip.io
pochtabank.www.pochtabank.sber.sbermegamarket.www.sell2dealer.com
www.youla.www.pay.pay.sberbank.jgjlvozon.mvid3eo.bahisnow.info
youla.www.pay.pay.sberbank.jgjlvozon.mvid3eo.bahisnow.info
www.rireadekitan.com.proarkcorp.com
sberbank.sber.youla.ozon.blablacar.i8yv02id7au93v2t.wwwwww.104-248-114-136.cprapid.com
*.zd2.graphql.fabric.microsoft-int.com
*.zd2.w.api.fabric.microsoft-int.com
auto-s870927vi2-pbi-kv-HttpsZoned2.zd2.w.api.fabric.microsoft-int.com
*.staging.devcon.bsvblockchain.org
staging.devcon.bsvblockchain.org
uk-bet-slot-api.services.prod.affiliate.occloud.io
cpanel.zsmmart.com.leadingtradecenter.com
www.larrydunnorchestra.com.tofuisland.com
login.fs.accountmanagementjobs.ca
nalozhka.www.pochtabank.ozon.home.vod3um.online
www.footballplayersexchange.com.zoncolanski.it
*.geo.redis.cache.windows.net
*.geo.redis.cache.windows.net
*.geo.redis.cache.windows.net
*.z77.graphql.fabric.microsoft-int.com
*.z77.w.api.fabric.microsoft-int.com
auto-s871070vi7-pbi-kv-HttpsZone77.z77.w.api.fabric.microsoft-int.com
*.geo.redis.cache.windows.net
*.canary0d88b05aebdb.c5icb5.c1.kafka.us-gov-west-1.amazonaws.com
*.iam.canary0d88b05aebdb.c5icb5.c1.kafka.us-gov-west-1.amazonaws.com
*.iam2.canary0d88b05aebdb.c5icb5.c1.kafka.us-gov-west-1.amazonaws.com
*.scram.canary0d88b05aebdb.c5icb5.c1.kafka.us-gov-west-1.amazonaws.com
*.scram2.canary0d88b05aebdb.c5icb5.c1.kafka.us-gov-west-1.amazonaws.com
*.tls.canary0d88b05aebdb.c5icb5.c1.kafka.us-gov-west-1.amazonaws.com
*.tls2.canary0d88b05aebdb.c5icb5.c1.kafka.us-gov-west-1.amazonaws.com
*.canarya6b824b4549c.3p10y9.c1.kafka.me-south-1.amazonaws.com
*.iam.canarya6b824b4549c.3p10y9.c1.kafka.me-south-1.amazonaws.com
*.iam2.canarya6b824b4549c.3p10y9.c1.kafka.me-south-1.amazonaws.com
*.scram.canarya6b824b4549c.3p10y9.c1.kafka.me-south-1.amazonaws.com
*.scram2.canarya6b824b4549c.3p10y9.c1.kafka.me-south-1.amazonaws.com
*.tls.canarya6b824b4549c.3p10y9.c1.kafka.me-south-1.amazonaws.com
*.tls2.canarya6b824b4549c.3p10y9.c1.kafka.me-south-1.amazonaws.com
*.canaryffde30e56942.322592.c1.kafka.us-east-2.amazonaws.com
*.iam.canaryffde30e56942.322592.c1.kafka.us-east-2.amazonaws.com
*.iam2.canaryffde30e56942.322592.c1.kafka.us-east-2.amazonaws.com
*.scram.canaryffde30e56942.322592.c1.kafka.us-east-2.amazonaws.com
*.scram2.canaryffde30e56942.322592.c1.kafka.us-east-2.amazonaws.com
*.tls.canaryffde30e56942.322592.c1.kafka.us-east-2.amazonaws.com
*.tls2.canaryffde30e56942.322592.c1.kafka.us-east-2.amazonaws.com
rd-verify-deletex.9337851d.prod.forgeinternaldnsapps.ec2.aws.dev
test.us-east-1.rd-verify-deletex.9337851d.prod.forgeinternaldnsapps.ec2.aws.dev
*.canaryab3d60ef0f30.nn5yvs.c2.kafka.eu-west-1.amazonaws.com
*.iam.canaryab3d60ef0f30.nn5yvs.c2.kafka.eu-west-1.amazonaws.com
*.iam2.canaryab3d60ef0f30.nn5yvs.c2.kafka.eu-west-1.amazonaws.com
*.scram.canaryab3d60ef0f30.nn5yvs.c2.kafka.eu-west-1.amazonaws.com
*.scram2.canaryab3d60ef0f30.nn5yvs.c2.kafka.eu-west-1.amazonaws.com
*.tls.canaryab3d60ef0f30.nn5yvs.c2.kafka.eu-west-1.amazonaws.com
*.tls2.canaryab3d60ef0f30.nn5yvs.c2.kafka.eu-west-1.amazonaws.com
*.configcanary66f82f1556.62oyu3.c2.kafka.eu-west-1.amazonaws.com
*.iam.configcanary66f82f1556.62oyu3.c2.kafka.eu-west-1.amazonaws.com
*.iam2.configcanary66f82f1556.62oyu3.c2.kafka.eu-west-1.amazonaws.com
*.scram.configcanary66f82f1556.62oyu3.c2.kafka.eu-west-1.amazonaws.com
*.scram2.configcanary66f82f1556.62oyu3.c2.kafka.eu-west-1.amazonaws.com
*.tls.configcanary66f82f1556.62oyu3.c2.kafka.eu-west-1.amazonaws.com
*.tls2.configcanary66f82f1556.62oyu3.c2.kafka.eu-west-1.amazonaws.com
alt.canary.s3.us-east-2.vpce.amazonaws.com
canary.s3.us-east-2.vpce.amazonaws.com
*.configcanaryfca73c30e6.ajci0p.c1.kafka.us-east-2.amazonaws.com
*.iam.configcanaryfca73c30e6.ajci0p.c1.kafka.us-east-2.amazonaws.com
*.iam2.configcanaryfca73c30e6.ajci0p.c1.kafka.us-east-2.amazonaws.com
*.scram.configcanaryfca73c30e6.ajci0p.c1.kafka.us-east-2.amazonaws.com
*.scram2.configcanaryfca73c30e6.ajci0p.c1.kafka.us-east-2.amazonaws.com
*.tls.configcanaryfca73c30e6.ajci0p.c1.kafka.us-east-2.amazonaws.com
*.tls2.configcanaryfca73c30e6.ajci0p.c1.kafka.us-east-2.amazonaws.com
*.cfnlaunchpadcanarytest.vn48y9.c4.kafka.ap-east-1.amazonaws.com
*.iam.cfnlaunchpadcanarytest.vn48y9.c4.kafka.ap-east-1.amazonaws.com
*.iam2.cfnlaunchpadcanarytest.vn48y9.c4.kafka.ap-east-1.amazonaws.com
*.scram.cfnlaunchpadcanarytest.vn48y9.c4.kafka.ap-east-1.amazonaws.com
*.scram2.cfnlaunchpadcanarytest.vn48y9.c4.kafka.ap-east-1.amazonaws.com
*.tls.cfnlaunchpadcanarytest.vn48y9.c4.kafka.ap-east-1.amazonaws.com
*.tls2.cfnlaunchpadcanarytest.vn48y9.c4.kafka.ap-east-1.amazonaws.com
*.iam.sandboxglobalprivatems.c53e8m.c6.kafka.us-west-2.amazonaws.com
*.iam2.sandboxglobalprivatems.c53e8m.c6.kafka.us-west-2.amazonaws.com
*.sandboxglobalprivatems.c53e8m.c6.kafka.us-west-2.amazonaws.com
*.scram.sandboxglobalprivatems.c53e8m.c6.kafka.us-west-2.amazonaws.com
*.scram2.sandboxglobalprivatems.c53e8m.c6.kafka.us-west-2.amazonaws.com
*.tls.sandboxglobalprivatems.c53e8m.c6.kafka.us-west-2.amazonaws.com
*.tls2.sandboxglobalprivatems.c53e8m.c6.kafka.us-west-2.amazonaws.com
alt.canary.s3.sa-east-1.vpce.amazonaws.com
canary.s3.sa-east-1.vpce.amazonaws.com
*.accesspoint.vpce-0af684cb465f6f061-kwpmey91-us-west-2a.s3.us-west-2.vpce.amazonaws.com
*.accesspoint.vpce-0af684cb465f6f061-kwpmey91-us-west-2b.s3.us-west-2.vpce.amazonaws.com
*.accesspoint.vpce-0af684cb465f6f061-kwpmey91-us-west-2c.s3.us-west-2.vpce.amazonaws.com
*.accesspoint.vpce-0af684cb465f6f061-kwpmey91-us-west-2d.s3.us-west-2.vpce.amazonaws.com
*.accesspoint.vpce-0af684cb465f6f061-kwpmey91.s3.us-west-2.vpce.amazonaws.com
*.bucket.vpce-0af684cb465f6f061-kwpmey91-us-west-2a.s3.us-west-2.vpce.amazonaws.com
*.bucket.vpce-0af684cb465f6f061-kwpmey91-us-west-2b.s3.us-west-2.vpce.amazonaws.com
*.bucket.vpce-0af684cb465f6f061-kwpmey91-us-west-2c.s3.us-west-2.vpce.amazonaws.com
*.bucket.vpce-0af684cb465f6f061-kwpmey91-us-west-2d.s3.us-west-2.vpce.amazonaws.com
*.bucket.vpce-0af684cb465f6f061-kwpmey91.s3.us-west-2.vpce.amazonaws.com
*.control.vpce-0af684cb465f6f061-kwpmey91-us-west-2a.s3.us-west-2.vpce.amazonaws.com
*.control.vpce-0af684cb465f6f061-kwpmey91-us-west-2b.s3.us-west-2.vpce.amazonaws.com
*.control.vpce-0af684cb465f6f061-kwpmey91-us-west-2c.s3.us-west-2.vpce.amazonaws.com
*.control.vpce-0af684cb465f6f061-kwpmey91-us-west-2d.s3.us-west-2.vpce.amazonaws.com
*.control.vpce-0af684cb465f6f061-kwpmey91.s3.us-west-2.vpce.amazonaws.com
*.s3-accesspoint.us-west-2.amazonaws.com
*.s3-control.us-west-2.amazonaws.com
*.s3.us-west-2.amazonaws.com
bucket.vpce-0af684cb465f6f061-kwpmey91-us-west-2a.s3.us-west-2.vpce.amazonaws.com
bucket.vpce-0af684cb465f6f061-kwpmey91-us-west-2b.s3.us-west-2.vpce.amazonaws.com
bucket.vpce-0af684cb465f6f061-kwpmey91-us-west-2c.s3.us-west-2.vpce.amazonaws.com
bucket.vpce-0af684cb465f6f061-kwpmey91-us-west-2d.s3.us-west-2.vpce.amazonaws.com
bucket.vpce-0af684cb465f6f061-kwpmey91.s3.us-west-2.vpce.amazonaws.com
s3.us-west-2.amazonaws.com
*.canaryb208a4dd574.hjxtoc.c2.kafka.ap-southeast-3.amazonaws.com
*.iam.canaryb208a4dd574.hjxtoc.c2.kafka.ap-southeast-3.amazonaws.com
*.iam2.canaryb208a4dd574.hjxtoc.c2.kafka.ap-southeast-3.amazonaws.com
*.scram.canaryb208a4dd574.hjxtoc.c2.kafka.ap-southeast-3.amazonaws.com
*.scram2.canaryb208a4dd574.hjxtoc.c2.kafka.ap-southeast-3.amazonaws.com
*.tls.canaryb208a4dd574.hjxtoc.c2.kafka.ap-southeast-3.amazonaws.com
*.tls2.canaryb208a4dd574.hjxtoc.c2.kafka.ap-southeast-3.amazonaws.com
cc8-client-compliance-core-webservice-prf-external.ecs.us-east-1.retailgeneral1t.c1.vanguard.com
*.canary60080cadb7a5.c7zyci.c6.kafka.us-west-2.amazonaws.com
*.iam.canary60080cadb7a5.c7zyci.c6.kafka.us-west-2.amazonaws.com
*.iam2.canary60080cadb7a5.c7zyci.c6.kafka.us-west-2.amazonaws.com
*.scram.canary60080cadb7a5.c7zyci.c6.kafka.us-west-2.amazonaws.com
*.scram2.canary60080cadb7a5.c7zyci.c6.kafka.us-west-2.amazonaws.com
*.tls.canary60080cadb7a5.c7zyci.c6.kafka.us-west-2.amazonaws.com
*.tls2.canary60080cadb7a5.c7zyci.c6.kafka.us-west-2.amazonaws.com
*.canaryebf093e87124.1qw6uc.c4.kafka.us-west-1.amazonaws.com
*.iam.canaryebf093e87124.1qw6uc.c4.kafka.us-west-1.amazonaws.com
*.iam2.canaryebf093e87124.1qw6uc.c4.kafka.us-west-1.amazonaws.com
*.scram.canaryebf093e87124.1qw6uc.c4.kafka.us-west-1.amazonaws.com
*.scram2.canaryebf093e87124.1qw6uc.c4.kafka.us-west-1.amazonaws.com
*.tls.canaryebf093e87124.1qw6uc.c4.kafka.us-west-1.amazonaws.com
*.tls2.canaryebf093e87124.1qw6uc.c4.kafka.us-west-1.amazonaws.com
*.configcanaryd6037.ok1hk8.c3.kafka.ap-northeast-1.amazonaws.com
*.iam.configcanaryd6037.ok1hk8.c3.kafka.ap-northeast-1.amazonaws.com
*.iam2.configcanaryd6037.ok1hk8.c3.kafka.ap-northeast-1.amazonaws.com
*.scram.configcanaryd6037.ok1hk8.c3.kafka.ap-northeast-1.amazonaws.com
*.scram2.configcanaryd6037.ok1hk8.c3.kafka.ap-northeast-1.amazonaws.com
*.tls.configcanaryd6037.ok1hk8.c3.kafka.ap-northeast-1.amazonaws.com
*.tls2.configcanaryd6037.ok1hk8.c3.kafka.ap-northeast-1.amazonaws.com
*.accesspoint.vpce-07ea26171fee9ba47-d7fbagpa-ap-southeast-4a.s3.ap-southeast-4.vpce.amazonaws.com
*.accesspoint.vpce-07ea26171fee9ba47-d7fbagpa-ap-southeast-4b.s3.ap-southeast-4.vpce.amazonaws.com
*.accesspoint.vpce-07ea26171fee9ba47-d7fbagpa-ap-southeast-4c.s3.ap-southeast-4.vpce.amazonaws.com
*.accesspoint.vpce-07ea26171fee9ba47-d7fbagpa.s3.ap-southeast-4.vpce.amazonaws.com
*.bucket.vpce-07ea26171fee9ba47-d7fbagpa-ap-southeast-4a.s3.ap-southeast-4.vpce.amazonaws.com
*.bucket.vpce-07ea26171fee9ba47-d7fbagpa-ap-southeast-4b.s3.ap-southeast-4.vpce.amazonaws.com
*.bucket.vpce-07ea26171fee9ba47-d7fbagpa-ap-southeast-4c.s3.ap-southeast-4.vpce.amazonaws.com
*.bucket.vpce-07ea26171fee9ba47-d7fbagpa.s3.ap-southeast-4.vpce.amazonaws.com
*.control.vpce-07ea26171fee9ba47-d7fbagpa-ap-southeast-4a.s3.ap-southeast-4.vpce.amazonaws.com
*.control.vpce-07ea26171fee9ba47-d7fbagpa-ap-southeast-4b.s3.ap-southeast-4.vpce.amazonaws.com
*.control.vpce-07ea26171fee9ba47-d7fbagpa-ap-southeast-4c.s3.ap-southeast-4.vpce.amazonaws.com
*.control.vpce-07ea26171fee9ba47-d7fbagpa.s3.ap-southeast-4.vpce.amazonaws.com
*.s3-accesspoint.ap-southeast-4.amazonaws.com
*.s3-control.ap-southeast-4.amazonaws.com
*.s3.ap-southeast-4.amazonaws.com
bucket.vpce-07ea26171fee9ba47-d7fbagpa-ap-southeast-4a.s3.ap-southeast-4.vpce.amazonaws.com
bucket.vpce-07ea26171fee9ba47-d7fbagpa-ap-southeast-4b.s3.ap-southeast-4.vpce.amazonaws.com
bucket.vpce-07ea26171fee9ba47-d7fbagpa-ap-southeast-4c.s3.ap-southeast-4.vpce.amazonaws.com
bucket.vpce-07ea26171fee9ba47-d7fbagpa.s3.ap-southeast-4.vpce.amazonaws.com
s3.ap-southeast-4.amazonaws.com
*.canary416c58c84de8.ea7ix5.c4.kafka.us-west-1.amazonaws.com
*.iam.canary416c58c84de8.ea7ix5.c4.kafka.us-west-1.amazonaws.com
*.iam2.canary416c58c84de8.ea7ix5.c4.kafka.us-west-1.amazonaws.com
*.scram.canary416c58c84de8.ea7ix5.c4.kafka.us-west-1.amazonaws.com
*.scram2.canary416c58c84de8.ea7ix5.c4.kafka.us-west-1.amazonaws.com
*.tls.canary416c58c84de8.ea7ix5.c4.kafka.us-west-1.amazonaws.com
*.tls2.canary416c58c84de8.ea7ix5.c4.kafka.us-west-1.amazonaws.com
alt.canary.s3.ap-south-1.vpce.amazonaws.com
canary.s3.ap-south-1.vpce.amazonaws.com
*.canarya7473ae759f5.ce0a20.c4.kafka.ap-south-1.amazonaws.com
*.iam.canarya7473ae759f5.ce0a20.c4.kafka.ap-south-1.amazonaws.com
*.iam2.canarya7473ae759f5.ce0a20.c4.kafka.ap-south-1.amazonaws.com
*.scram.canarya7473ae759f5.ce0a20.c4.kafka.ap-south-1.amazonaws.com
*.scram2.canarya7473ae759f5.ce0a20.c4.kafka.ap-south-1.amazonaws.com
*.tls.canarya7473ae759f5.ce0a20.c4.kafka.ap-south-1.amazonaws.com
*.tls2.canarya7473ae759f5.ce0a20.c4.kafka.ap-south-1.amazonaws.com
*.canarye5ee258b7c38.2ibveg.c4.kafka.ap-south-1.amazonaws.com
*.iam.canarye5ee258b7c38.2ibveg.c4.kafka.ap-south-1.amazonaws.com
*.iam2.canarye5ee258b7c38.2ibveg.c4.kafka.ap-south-1.amazonaws.com
*.scram.canarye5ee258b7c38.2ibveg.c4.kafka.ap-south-1.amazonaws.com
*.scram2.canarye5ee258b7c38.2ibveg.c4.kafka.ap-south-1.amazonaws.com
*.tls.canarye5ee258b7c38.2ibveg.c4.kafka.ap-south-1.amazonaws.com
*.tls2.canarye5ee258b7c38.2ibveg.c4.kafka.ap-south-1.amazonaws.com
*.us-east-1.es.amazonaws.com
73sxmnhoi22oukjd5ya3psohvm.us-east-1.es.amazonaws.com
*.canaryed8ecd644bf.g7ib4q.c3.kafka.ap-northeast-1.amazonaws.com
*.iam.canaryed8ecd644bf.g7ib4q.c3.kafka.ap-northeast-1.amazonaws.com
*.iam2.canaryed8ecd644bf.g7ib4q.c3.kafka.ap-northeast-1.amazonaws.com
*.scram.canaryed8ecd644bf.g7ib4q.c3.kafka.ap-northeast-1.amazonaws.com
*.scram2.canaryed8ecd644bf.g7ib4q.c3.kafka.ap-northeast-1.amazonaws.com
*.tls.canaryed8ecd644bf.g7ib4q.c3.kafka.ap-northeast-1.amazonaws.com
*.tls2.canaryed8ecd644bf.g7ib4q.c3.kafka.ap-northeast-1.amazonaws.com
*.github.researchsharing.workers.dev
pay.portalsblumeboecn.support.innfinite.co.uk
portal.sber.sber.sber.avito.ld9llxsrfgur36w.webmail.privods.com
www.portal.sber.sber.sber.avito.ld9llxsrfgur36w.webmail.privods.com
outlook.atomload.at
api361.ops.cgw-alex-g-p-c.dev.ugw.cloud.sap
*.canarye907c8a4f827.hujn0j.c1.kafka.eu-west-1.amazonaws.com
*.iam.canarye907c8a4f827.hujn0j.c1.kafka.eu-west-1.amazonaws.com
*.iam2.canarye907c8a4f827.hujn0j.c1.kafka.eu-west-1.amazonaws.com
*.scram.canarye907c8a4f827.hujn0j.c1.kafka.eu-west-1.amazonaws.com
*.scram2.canarye907c8a4f827.hujn0j.c1.kafka.eu-west-1.amazonaws.com
*.tls.canarye907c8a4f827.hujn0j.c1.kafka.eu-west-1.amazonaws.com
*.tls2.canarye907c8a4f827.hujn0j.c1.kafka.eu-west-1.amazonaws.com
mixdbdz986kfs.mrap.accesspoint.s3-global.amazonaws.com
*.accesspoint.vpce-0369c8e99f1304c4a-vhnrfcqh-ap-northeast-3a.s3.ap-northeast-3.vpce.amazonaws.com
*.accesspoint.vpce-0369c8e99f1304c4a-vhnrfcqh-ap-northeast-3b.s3.ap-northeast-3.vpce.amazonaws.com
*.accesspoint.vpce-0369c8e99f1304c4a-vhnrfcqh-ap-northeast-3c.s3.ap-northeast-3.vpce.amazonaws.com
*.accesspoint.vpce-0369c8e99f1304c4a-vhnrfcqh.s3.ap-northeast-3.vpce.amazonaws.com
*.bucket.vpce-0369c8e99f1304c4a-vhnrfcqh-ap-northeast-3a.s3.ap-northeast-3.vpce.amazonaws.com
*.bucket.vpce-0369c8e99f1304c4a-vhnrfcqh-ap-northeast-3b.s3.ap-northeast-3.vpce.amazonaws.com
*.bucket.vpce-0369c8e99f1304c4a-vhnrfcqh-ap-northeast-3c.s3.ap-northeast-3.vpce.amazonaws.com
*.bucket.vpce-0369c8e99f1304c4a-vhnrfcqh.s3.ap-northeast-3.vpce.amazonaws.com
*.control.vpce-0369c8e99f1304c4a-vhnrfcqh-ap-northeast-3a.s3.ap-northeast-3.vpce.amazonaws.com
*.control.vpce-0369c8e99f1304c4a-vhnrfcqh-ap-northeast-3b.s3.ap-northeast-3.vpce.amazonaws.com
*.control.vpce-0369c8e99f1304c4a-vhnrfcqh-ap-northeast-3c.s3.ap-northeast-3.vpce.amazonaws.com
*.control.vpce-0369c8e99f1304c4a-vhnrfcqh.s3.ap-northeast-3.vpce.amazonaws.com
*.s3-accesspoint.ap-northeast-3.amazonaws.com
*.s3-control.ap-northeast-3.amazonaws.com
*.s3.ap-northeast-3.amazonaws.com
bucket.vpce-0369c8e99f1304c4a-vhnrfcqh-ap-northeast-3a.s3.ap-northeast-3.vpce.amazonaws.com
bucket.vpce-0369c8e99f1304c4a-vhnrfcqh-ap-northeast-3b.s3.ap-northeast-3.vpce.amazonaws.com
bucket.vpce-0369c8e99f1304c4a-vhnrfcqh-ap-northeast-3c.s3.ap-northeast-3.vpce.amazonaws.com
bucket.vpce-0369c8e99f1304c4a-vhnrfcqh.s3.ap-northeast-3.vpce.amazonaws.com
s3.ap-northeast-3.amazonaws.com
*.us-west-2.es.amazonaws.com
64yq6w3z3cvwhzv7rqnomyvgcy.us-west-2.es.amazonaws.com
*.accesspoint.vpce-0eff60a3e81cc98be-fa4n3glb-ap-southeast-5a.s3.ap-southeast-5.vpce.amazonaws.com
*.accesspoint.vpce-0eff60a3e81cc98be-fa4n3glb-ap-southeast-5b.s3.ap-southeast-5.vpce.amazonaws.com
*.accesspoint.vpce-0eff60a3e81cc98be-fa4n3glb-ap-southeast-5c.s3.ap-southeast-5.vpce.amazonaws.com
*.accesspoint.vpce-0eff60a3e81cc98be-fa4n3glb.s3.ap-southeast-5.vpce.amazonaws.com
*.bucket.vpce-0eff60a3e81cc98be-fa4n3glb-ap-southeast-5a.s3.ap-southeast-5.vpce.amazonaws.com
*.bucket.vpce-0eff60a3e81cc98be-fa4n3glb-ap-southeast-5b.s3.ap-southeast-5.vpce.amazonaws.com
*.bucket.vpce-0eff60a3e81cc98be-fa4n3glb-ap-southeast-5c.s3.ap-southeast-5.vpce.amazonaws.com
*.bucket.vpce-0eff60a3e81cc98be-fa4n3glb.s3.ap-southeast-5.vpce.amazonaws.com
*.control.vpce-0eff60a3e81cc98be-fa4n3glb-ap-southeast-5a.s3.ap-southeast-5.vpce.amazonaws.com
*.control.vpce-0eff60a3e81cc98be-fa4n3glb-ap-southeast-5b.s3.ap-southeast-5.vpce.amazonaws.com
*.control.vpce-0eff60a3e81cc98be-fa4n3glb-ap-southeast-5c.s3.ap-southeast-5.vpce.amazonaws.com
*.control.vpce-0eff60a3e81cc98be-fa4n3glb.s3.ap-southeast-5.vpce.amazonaws.com
*.s3-accesspoint.ap-southeast-5.amazonaws.com
*.s3-control.ap-southeast-5.amazonaws.com
*.s3.ap-southeast-5.amazonaws.com
bucket.vpce-0eff60a3e81cc98be-fa4n3glb-ap-southeast-5a.s3.ap-southeast-5.vpce.amazonaws.com
bucket.vpce-0eff60a3e81cc98be-fa4n3glb-ap-southeast-5b.s3.ap-southeast-5.vpce.amazonaws.com
bucket.vpce-0eff60a3e81cc98be-fa4n3glb-ap-southeast-5c.s3.ap-southeast-5.vpce.amazonaws.com
bucket.vpce-0eff60a3e81cc98be-fa4n3glb.s3.ap-southeast-5.vpce.amazonaws.com
s3.ap-southeast-5.amazonaws.com
*.iam.marianacanaryn6mj.8xaw58.c1.kafka.ap-southeast-1.amazonaws.com
*.iam2.marianacanaryn6mj.8xaw58.c1.kafka.ap-southeast-1.amazonaws.com
*.marianacanaryn6mj.8xaw58.c1.kafka.ap-southeast-1.amazonaws.com
*.scram.marianacanaryn6mj.8xaw58.c1.kafka.ap-southeast-1.amazonaws.com
*.scram2.marianacanaryn6mj.8xaw58.c1.kafka.ap-southeast-1.amazonaws.com
*.tls.marianacanaryn6mj.8xaw58.c1.kafka.ap-southeast-1.amazonaws.com
*.tls2.marianacanaryn6mj.8xaw58.c1.kafka.ap-southeast-1.amazonaws.com
*.geo.redis.cache.windows.net
*.canary83bf0f850d1f.q6ijdp.c1.kafka.ap-east-1.amazonaws.com
*.iam.canary83bf0f850d1f.q6ijdp.c1.kafka.ap-east-1.amazonaws.com
*.iam2.canary83bf0f850d1f.q6ijdp.c1.kafka.ap-east-1.amazonaws.com
*.scram.canary83bf0f850d1f.q6ijdp.c1.kafka.ap-east-1.amazonaws.com
*.scram2.canary83bf0f850d1f.q6ijdp.c1.kafka.ap-east-1.amazonaws.com
*.tls.canary83bf0f850d1f.q6ijdp.c1.kafka.ap-east-1.amazonaws.com
*.tls2.canary83bf0f850d1f.q6ijdp.c1.kafka.ap-east-1.amazonaws.com
*.us-east-2.es.amazonaws.com
3mupkvsubgmsqcjsc4k777pfk4.us-east-2.es.amazonaws.com
api.ecp-5716.site-additions.dev.ebs-portal.aws.edfcloud.io
apps.ecp-5716.site-additions.dev.ebs-portal.aws.edfcloud.io
*.esstagingmskclust.kxqymb.c3.kafka.ap-southeast-1.amazonaws.com
*.iam.esstagingmskclust.kxqymb.c3.kafka.ap-southeast-1.amazonaws.com
*.iam2.esstagingmskclust.kxqymb.c3.kafka.ap-southeast-1.amazonaws.com
*.scram.esstagingmskclust.kxqymb.c3.kafka.ap-southeast-1.amazonaws.com
*.scram2.esstagingmskclust.kxqymb.c3.kafka.ap-southeast-1.amazonaws.com
*.tls.esstagingmskclust.kxqymb.c3.kafka.ap-southeast-1.amazonaws.com
*.tls2.esstagingmskclust.kxqymb.c3.kafka.ap-southeast-1.amazonaws.com
api.ecp-5716.site-additions.dev.ebs-portal.aws.edfcloud.io
*.canary7fc83400d37.y5zzh1.c3.kafka.ap-southeast-3.amazonaws.com
*.iam.canary7fc83400d37.y5zzh1.c3.kafka.ap-southeast-3.amazonaws.com
*.iam2.canary7fc83400d37.y5zzh1.c3.kafka.ap-southeast-3.amazonaws.com
*.scram.canary7fc83400d37.y5zzh1.c3.kafka.ap-southeast-3.amazonaws.com
*.scram2.canary7fc83400d37.y5zzh1.c3.kafka.ap-southeast-3.amazonaws.com
*.tls.canary7fc83400d37.y5zzh1.c3.kafka.ap-southeast-3.amazonaws.com
*.tls2.canary7fc83400d37.y5zzh1.c3.kafka.ap-southeast-3.amazonaws.com
*.canary75556958034.xjflnk.c3.kafka.ap-southeast-5.amazonaws.com
*.iam.canary75556958034.xjflnk.c3.kafka.ap-southeast-5.amazonaws.com
*.iam2.canary75556958034.xjflnk.c3.kafka.ap-southeast-5.amazonaws.com
*.scram.canary75556958034.xjflnk.c3.kafka.ap-southeast-5.amazonaws.com
*.scram2.canary75556958034.xjflnk.c3.kafka.ap-southeast-5.amazonaws.com
*.tls.canary75556958034.xjflnk.c3.kafka.ap-southeast-5.amazonaws.com
*.tls2.canary75556958034.xjflnk.c3.kafka.ap-southeast-5.amazonaws.com
*.eu-central-1.es.amazonaws.com
vmd7dxluwthex2uxosc3fdu43y.eu-central-1.es.amazonaws.com
api-apitcc-hsbc.s2e-net.com
demo-api-apitcc-hsbc.s2e-net.com
*.hs1.tr8278.northcentralus1-a.worker.database.windows.net
*.hs2.tr8278.northcentralus1-a.worker.database.windows.net
*.hs3.tr8278.northcentralus1-a.worker.database.windows.net
*.tr8278.northcentralus1-a.worker.database.windows.net
tr8278.northcentralus1-a.worker.database.windows.net
*.or.support-tickets-uife-stg.np.digital.business.comcast.com
*.support-tickets-uife-stg.np.digital.business.comcast.com
*.va.support-tickets-uife-stg.np.digital.business.comcast.com
support-tickets-uife-stg.np.digital.business.comcast.com
*.canary1301b95d2781.u235ok.c2.kafka.eu-central-2.amazonaws.com
*.iam.canary1301b95d2781.u235ok.c2.kafka.eu-central-2.amazonaws.com
*.iam2.canary1301b95d2781.u235ok.c2.kafka.eu-central-2.amazonaws.com
*.scram.canary1301b95d2781.u235ok.c2.kafka.eu-central-2.amazonaws.com
*.scram2.canary1301b95d2781.u235ok.c2.kafka.eu-central-2.amazonaws.com
*.tls.canary1301b95d2781.u235ok.c2.kafka.eu-central-2.amazonaws.com
*.tls2.canary1301b95d2781.u235ok.c2.kafka.eu-central-2.amazonaws.com
portal.www.gitlab.git.git.mx1.privods.com
www.portal.www.gitlab.git.git.mx1.privods.com
portal.git.gitlab.dev15.myvyz.ru
www.portal.git.gitlab.dev15.myvyz.ru
www.thesocialdigest.com.esteempublication.com
www.www.wwwwwwcqtbp8gkhltn12ptb820.heritagetrustbonline.com.dns.freedyndns.org
certstories.test.netflix.net
portal.app.app.app.otive.christians-macbook-pro.tunnel.oneam.cloud
www.www.www.app.portal.wwwwwwwwwsuspicious-mcnulty.13-68-225-194.plesk.page
www.www.www.wwwwww.wwwwwwcqtbpbpbokhltn12ptb8qg.wwwbarclaysoffshoresservice.com.dns.freedyndns.org
van-management-naar-nieuw-leiderschap.nl
www.van-management-naar-nieuw-leiderschap.nl
van-management-naar-nieuw-leiderschap.nl
www.van-management-naar-nieuw-leiderschap.nl
www.www.csvn138khltt2e6p8oe0.wwwwwwwwwbritanniccrest.com.dns.freedyndns.org
www.portal.portal.portal.wwwwww.wwwwww.wwwminio-gartenkultur-neos-1c089c2d.gk01.cynova.dev
*.canaryc3c8ca355ac.6a5wss.c1.kafka.ap-southeast-1.amazonaws.com
*.iam.canaryc3c8ca355ac.6a5wss.c1.kafka.ap-southeast-1.amazonaws.com
*.iam2.canaryc3c8ca355ac.6a5wss.c1.kafka.ap-southeast-1.amazonaws.com
*.scram.canaryc3c8ca355ac.6a5wss.c1.kafka.ap-southeast-1.amazonaws.com
*.scram2.canaryc3c8ca355ac.6a5wss.c1.kafka.ap-southeast-1.amazonaws.com
*.tls.canaryc3c8ca355ac.6a5wss.c1.kafka.ap-southeast-1.amazonaws.com
*.tls2.canaryc3c8ca355ac.6a5wss.c1.kafka.ap-southeast-1.amazonaws.com
*.configcanary51b0a.idzkzw.c1.kafka.ap-southeast-1.amazonaws.com
*.iam.configcanary51b0a.idzkzw.c1.kafka.ap-southeast-1.amazonaws.com
*.iam2.configcanary51b0a.idzkzw.c1.kafka.ap-southeast-1.amazonaws.com
*.scram.configcanary51b0a.idzkzw.c1.kafka.ap-southeast-1.amazonaws.com
*.scram2.configcanary51b0a.idzkzw.c1.kafka.ap-southeast-1.amazonaws.com
*.tls.configcanary51b0a.idzkzw.c1.kafka.ap-southeast-1.amazonaws.com
*.tls2.configcanary51b0a.idzkzw.c1.kafka.ap-southeast-1.amazonaws.com
*.canary2b1785497892.e3w7uf.c2.kafka.sa-east-1.amazonaws.com
*.iam.canary2b1785497892.e3w7uf.c2.kafka.sa-east-1.amazonaws.com
*.iam2.canary2b1785497892.e3w7uf.c2.kafka.sa-east-1.amazonaws.com
*.scram.canary2b1785497892.e3w7uf.c2.kafka.sa-east-1.amazonaws.com
*.scram2.canary2b1785497892.e3w7uf.c2.kafka.sa-east-1.amazonaws.com
*.tls.canary2b1785497892.e3w7uf.c2.kafka.sa-east-1.amazonaws.com
*.tls2.canary2b1785497892.e3w7uf.c2.kafka.sa-east-1.amazonaws.com
*.canary336c80a5706.jcizkd.c1.kafka.ap-southeast-4.amazonaws.com
*.iam.canary336c80a5706.jcizkd.c1.kafka.ap-southeast-4.amazonaws.com
*.iam2.canary336c80a5706.jcizkd.c1.kafka.ap-southeast-4.amazonaws.com
*.scram.canary336c80a5706.jcizkd.c1.kafka.ap-southeast-4.amazonaws.com
*.scram2.canary336c80a5706.jcizkd.c1.kafka.ap-southeast-4.amazonaws.com
*.tls.canary336c80a5706.jcizkd.c1.kafka.ap-southeast-4.amazonaws.com
*.tls2.canary336c80a5706.jcizkd.c1.kafka.ap-southeast-4.amazonaws.com
*.configcanary74d1bce313.uff9le.c1.kafka.eu-west-1.amazonaws.com
*.iam.configcanary74d1bce313.uff9le.c1.kafka.eu-west-1.amazonaws.com
*.iam2.configcanary74d1bce313.uff9le.c1.kafka.eu-west-1.amazonaws.com
*.scram.configcanary74d1bce313.uff9le.c1.kafka.eu-west-1.amazonaws.com
*.scram2.configcanary74d1bce313.uff9le.c1.kafka.eu-west-1.amazonaws.com
*.tls.configcanary74d1bce313.uff9le.c1.kafka.eu-west-1.amazonaws.com
*.tls2.configcanary74d1bce313.uff9le.c1.kafka.eu-west-1.amazonaws.com
*.canary1665bf57cba4.l5lodj.c1.kafka.eu-west-3.amazonaws.com
*.iam.canary1665bf57cba4.l5lodj.c1.kafka.eu-west-3.amazonaws.com
*.iam2.canary1665bf57cba4.l5lodj.c1.kafka.eu-west-3.amazonaws.com
*.scram.canary1665bf57cba4.l5lodj.c1.kafka.eu-west-3.amazonaws.com
*.scram2.canary1665bf57cba4.l5lodj.c1.kafka.eu-west-3.amazonaws.com
*.tls.canary1665bf57cba4.l5lodj.c1.kafka.eu-west-3.amazonaws.com
*.tls2.canary1665bf57cba4.l5lodj.c1.kafka.eu-west-3.amazonaws.com
portal.app.ww.itlab.gitlab.gitlab.gitlab.sitemap.sowio.cz
portal.www.www.app.virusprotect.ennlive.org
www.www.vpn.teehaa.comkhltn12ptb820.wwwheritagetrustbonline.com.dns.freedyndns.org
www.portal.gitlab.pm.seocopywriting.ru
*.google.asn.lv
google.asn.lv
www.64-227-108-172.103-146-63-50.cprapid.com
marketing-automation.backoffice.s.jol.pm
www.evolvekenya.com.uremboluxe.com
account.municpleonlinepayments.com
portal.pay.ld9llxsrfgur36w.privods.com
www.portal.pay.ld9llxsrfgur36w.privods.com
outlook.popbola.com.br
portal.app.www.portal.app.portal.234cde3d.nip.io
c822c1784170.apac-sea-s101-a-qas-01-ac4t-postgres.private.postgres.database.azure.com
portal.git.cpcontacts.eadandradinww.pegas21.ru
www.portal.git.cpcontacts.eadandradinww.pegas21.ru
*.geo.redis.cache.windows.net
*.geo.redis.cache.windows.net
demo.en.docs.login.ns.auth.exchange.dozenvpn.ru
login.dashboard.dashboard.fr.partick.insightandsound.co.uk
*.z37.graphql.fabric.microsoft-int.com
*.z37.w.api.fabric.microsoft-int.com
auto-s871070vi7-pbi-kv-HttpsZone37.z37.w.api.fabric.microsoft-int.com
www.portal.app.www.www.www.wet-crab-48.telebit.io
*.geo.redis.cache.windows.net
*.geo.redis.cache.windows.net
tm.amazon-rank.com
tm.amazon-rank.com
*.development.devcon.bsvblockchain.org
development.devcon.bsvblockchain.org
www.asekosiinvestments.com.autovators.co.ke
www.imtexsl.com.9tecnology.es
www.italianseaside.com.suonounico.com
www.fakirafab.com.vinayakcreation.com
www.imperialars.com.vinayakcreation.com
ui-builder.unique-platform.delivery-a.zetta-demo.space
workflow-builder.unique-platform.delivery-a.zetta-demo.space
autoconfig.paypal-businesscenter.sport.ar
www.nauticreativeocean.com.nakamaaquatics.id
store.spaceamazones.com
notexistsgitlab.gitlab.gitlab.gitlab.gitlab.secure.djg1.co
shop.spaceamazones.com
amazon.sellerapp.xyz
gimaadvancedtechnologysupport.zendesk.com
www.hofranchi.com.dreamersden.in
portal.spaceamazones.com
notexistsdashboard.login.sitemaps.yogaholic.cz
intranet.spaceamazones.com
www.ihs-sierra.com.sierraintegratedsystems.com
horizons.go.caform.seut-qa-5539-1829.cname.support.cc
portal.gitlab.git.git.mx1.privods.com
www.portal.gitlab.git.git.mx1.privods.com
support.backend.ethicall.fr
uk-bet-api.services.prod.affiliate.occloud.io
blablacar.www.pochtabank.nyld72qldxtm.com
www.test-hr-portal.wcm.qps.mybluehost.me
www.ihs-sierra.com.sierraintegratedsystems.com
*.staging.devcon.bsvblockchain.org
staging.devcon.bsvblockchain.org
uk-bet-slot-api.services.prod.affiliate.occloud.io
mail.preservinglife.net.94-46-180-200.cprapid.com
preservinglife.net.94-46-180-200.cprapid.com
www.preservinglife.net.94-46-180-200.cprapid.com
uk-bet-api.services.prod.affiliate.occloud.io
gimaadvancedtechnologysupport.zendesk.com
www.167-172-245-54.www.103-82-241-98.cprapid.com
*.sssinstagram.com
sssinstagram.com
autoconfig.paypal-businesscenter.sport.ar
gateway.eu.schoolapp-ppe.microsoft.com
shcprd-st-tracking-ams-use.unique.management.azure-api.net
shcprd-st-tracking-ams-use.unique.portal.azure-api.net
portal.www.cpcalendars.fr.bababillgates.freshlife28.ru
www.portal.www.cpcalendars.fr.bababillgates.freshlife28.ru
portal.www.git.git.git.gitlab.pm.seocopywriting.ru
www.portal.www.git.git.git.gitlab.pm.seocopywriting.ru
portal.git.gitlab.robincox.comg.magento.dianji.duckdns.org
www.portal.git.gitlab.robincox.comg.magento.dianji.duckdns.org
portal.ab.git.gitlab.git.gitlab.test.xn--b1aacgcshijqoaz4v.xn--p1ai
www.portal.ab.git.gitlab.git.gitlab.test.xn--b1aacgcshijqoaz4v.xn--p1ai
www.englishtoday.com.mx.elcubogris.com
icloudwelding.com
www.icloudwelding.com
www.segarmandiriabadi.com.planettranslogistic.com
e2e-2025-01-06-003848-83151562-8e03-46-204399059495-api.asia-east1.sourcemanager.dev
e2e-2025-01-06-003848-83151562-8e03-46-204399059495-git.asia-east1.sourcemanager.dev
e2e-2025-01-06-003848-83151562-8e03-46-204399059495.asia-east1.sourcemanager.dev
kaspeg-el.solokkab.go.id.103-225-242-123.cprapid.com
www.kaspeg-el.solokkab.go.id.103-225-242-123.cprapid.com
*.canarye907c8a4f827.hujn0j.c1.kafka.eu-west-1.amazonaws.com
*.iam.canarye907c8a4f827.hujn0j.c1.kafka.eu-west-1.amazonaws.com
*.iam2.canarye907c8a4f827.hujn0j.c1.kafka.eu-west-1.amazonaws.com
*.scram.canarye907c8a4f827.hujn0j.c1.kafka.eu-west-1.amazonaws.com
*.scram2.canarye907c8a4f827.hujn0j.c1.kafka.eu-west-1.amazonaws.com
*.tls.canarye907c8a4f827.hujn0j.c1.kafka.eu-west-1.amazonaws.com
*.tls2.canarye907c8a4f827.hujn0j.c1.kafka.eu-west-1.amazonaws.com
*.us-gov-west-1.es.amazonaws.com
seoqh4mdfxfp6ol45otdtvhwue.us-gov-west-1.es.amazonaws.com
*.canary1665bf57cba4.l5lodj.c1.kafka.eu-west-3.amazonaws.com
*.iam.canary1665bf57cba4.l5lodj.c1.kafka.eu-west-3.amazonaws.com
*.iam2.canary1665bf57cba4.l5lodj.c1.kafka.eu-west-3.amazonaws.com
*.scram.canary1665bf57cba4.l5lodj.c1.kafka.eu-west-3.amazonaws.com
*.scram2.canary1665bf57cba4.l5lodj.c1.kafka.eu-west-3.amazonaws.com
*.tls.canary1665bf57cba4.l5lodj.c1.kafka.eu-west-3.amazonaws.com
*.tls2.canary1665bf57cba4.l5lodj.c1.kafka.eu-west-3.amazonaws.com
*.iam.marianacanaryn6mj.8xaw58.c1.kafka.ap-southeast-1.amazonaws.com
*.iam2.marianacanaryn6mj.8xaw58.c1.kafka.ap-southeast-1.amazonaws.com
*.marianacanaryn6mj.8xaw58.c1.kafka.ap-southeast-1.amazonaws.com
*.scram.marianacanaryn6mj.8xaw58.c1.kafka.ap-southeast-1.amazonaws.com
*.scram2.marianacanaryn6mj.8xaw58.c1.kafka.ap-southeast-1.amazonaws.com
*.tls.marianacanaryn6mj.8xaw58.c1.kafka.ap-southeast-1.amazonaws.com
*.tls2.marianacanaryn6mj.8xaw58.c1.kafka.ap-southeast-1.amazonaws.com
api-apitcc-hsbc.s2e-net.com
demo-api-apitcc-hsbc.s2e-net.com
*.esstagingmskclust.kxqymb.c3.kafka.ap-southeast-1.amazonaws.com
*.iam.esstagingmskclust.kxqymb.c3.kafka.ap-southeast-1.amazonaws.com
*.iam2.esstagingmskclust.kxqymb.c3.kafka.ap-southeast-1.amazonaws.com
*.scram.esstagingmskclust.kxqymb.c3.kafka.ap-southeast-1.amazonaws.com
*.scram2.esstagingmskclust.kxqymb.c3.kafka.ap-southeast-1.amazonaws.com
*.tls.esstagingmskclust.kxqymb.c3.kafka.ap-southeast-1.amazonaws.com
*.tls2.esstagingmskclust.kxqymb.c3.kafka.ap-southeast-1.amazonaws.com
*.cfnlaunchpadcanarytest.v32l0m.c4.kafka.eu-west-2.amazonaws.com
*.iam.cfnlaunchpadcanarytest.v32l0m.c4.kafka.eu-west-2.amazonaws.com
*.iam2.cfnlaunchpadcanarytest.v32l0m.c4.kafka.eu-west-2.amazonaws.com
*.scram.cfnlaunchpadcanarytest.v32l0m.c4.kafka.eu-west-2.amazonaws.com
*.scram2.cfnlaunchpadcanarytest.v32l0m.c4.kafka.eu-west-2.amazonaws.com
*.tls.cfnlaunchpadcanarytest.v32l0m.c4.kafka.eu-west-2.amazonaws.com
*.tls2.cfnlaunchpadcanarytest.v32l0m.c4.kafka.eu-west-2.amazonaws.com
*.canary950ba8fe54d8.bzh5lb.c3.kafka.af-south-1.amazonaws.com
*.iam.canary950ba8fe54d8.bzh5lb.c3.kafka.af-south-1.amazonaws.com
*.iam2.canary950ba8fe54d8.bzh5lb.c3.kafka.af-south-1.amazonaws.com
*.scram.canary950ba8fe54d8.bzh5lb.c3.kafka.af-south-1.amazonaws.com
*.scram2.canary950ba8fe54d8.bzh5lb.c3.kafka.af-south-1.amazonaws.com
*.tls.canary950ba8fe54d8.bzh5lb.c3.kafka.af-south-1.amazonaws.com
*.tls2.canary950ba8fe54d8.bzh5lb.c3.kafka.af-south-1.amazonaws.com
*.canarycd1626d7e147.pmc262.c1.kafka.me-central-1.amazonaws.com
*.iam.canarycd1626d7e147.pmc262.c1.kafka.me-central-1.amazonaws.com
*.iam2.canarycd1626d7e147.pmc262.c1.kafka.me-central-1.amazonaws.com
*.scram.canarycd1626d7e147.pmc262.c1.kafka.me-central-1.amazonaws.com
*.scram2.canarycd1626d7e147.pmc262.c1.kafka.me-central-1.amazonaws.com
*.tls.canarycd1626d7e147.pmc262.c1.kafka.me-central-1.amazonaws.com
*.tls2.canarycd1626d7e147.pmc262.c1.kafka.me-central-1.amazonaws.com
*.eu-south-2.es.amazonaws.com
we3tnbcd5vdel6wytgbhzyghf4.eu-south-2.es.amazonaws.com
*.eu-south-2.es.amazonaws.com
pr3blroqo4fjr5jisd4pqaq7ra.eu-south-2.es.amazonaws.com
*.canaryde8790ff2a9.py259o.c2.kafka.ap-southeast-1.amazonaws.com
*.iam.canaryde8790ff2a9.py259o.c2.kafka.ap-southeast-1.amazonaws.com
*.iam2.canaryde8790ff2a9.py259o.c2.kafka.ap-southeast-1.amazonaws.com
*.scram.canaryde8790ff2a9.py259o.c2.kafka.ap-southeast-1.amazonaws.com
*.scram2.canaryde8790ff2a9.py259o.c2.kafka.ap-southeast-1.amazonaws.com
*.tls.canaryde8790ff2a9.py259o.c2.kafka.ap-southeast-1.amazonaws.com
*.tls2.canaryde8790ff2a9.py259o.c2.kafka.ap-southeast-1.amazonaws.com
*.configcanarycefa0.9a1tqi.c2.kafka.ap-southeast-1.amazonaws.com
*.iam.configcanarycefa0.9a1tqi.c2.kafka.ap-southeast-1.amazonaws.com
*.iam2.configcanarycefa0.9a1tqi.c2.kafka.ap-southeast-1.amazonaws.com
*.scram.configcanarycefa0.9a1tqi.c2.kafka.ap-southeast-1.amazonaws.com
*.scram2.configcanarycefa0.9a1tqi.c2.kafka.ap-southeast-1.amazonaws.com
*.tls.configcanarycefa0.9a1tqi.c2.kafka.ap-southeast-1.amazonaws.com
*.tls2.configcanarycefa0.9a1tqi.c2.kafka.ap-southeast-1.amazonaws.com
*.ap-northeast-1.es.amazonaws.com
x735fhxg3gcoicdy4uvy54aq3e.ap-northeast-1.es.amazonaws.com
*.eu-south-2.es.amazonaws.com
y5rxrwzub4ysvasz3b6vcittoe.eu-south-2.es.amazonaws.com
*.accesspoint.vpce-00341b0c36a2fafbe-yz73lbn7-us-west-1a.s3.us-west-1.vpce.amazonaws.com
*.accesspoint.vpce-00341b0c36a2fafbe-yz73lbn7-us-west-1b.s3.us-west-1.vpce.amazonaws.com
*.accesspoint.vpce-00341b0c36a2fafbe-yz73lbn7.s3.us-west-1.vpce.amazonaws.com
*.bucket.vpce-00341b0c36a2fafbe-yz73lbn7-us-west-1a.s3.us-west-1.vpce.amazonaws.com
*.bucket.vpce-00341b0c36a2fafbe-yz73lbn7-us-west-1b.s3.us-west-1.vpce.amazonaws.com
*.bucket.vpce-00341b0c36a2fafbe-yz73lbn7.s3.us-west-1.vpce.amazonaws.com
*.control.vpce-00341b0c36a2fafbe-yz73lbn7-us-west-1a.s3.us-west-1.vpce.amazonaws.com
*.control.vpce-00341b0c36a2fafbe-yz73lbn7-us-west-1b.s3.us-west-1.vpce.amazonaws.com
*.control.vpce-00341b0c36a2fafbe-yz73lbn7.s3.us-west-1.vpce.amazonaws.com
*.s3-accesspoint.us-west-1.amazonaws.com
*.s3-control.us-west-1.amazonaws.com
*.s3.us-west-1.amazonaws.com
bucket.vpce-00341b0c36a2fafbe-yz73lbn7-us-west-1a.s3.us-west-1.vpce.amazonaws.com
bucket.vpce-00341b0c36a2fafbe-yz73lbn7-us-west-1b.s3.us-west-1.vpce.amazonaws.com
bucket.vpce-00341b0c36a2fafbe-yz73lbn7.s3.us-west-1.vpce.amazonaws.com
s3.us-west-1.amazonaws.com
*.eu-south-2.es.amazonaws.com
j5bytsiiihptc5dyml2lojh2pi.eu-south-2.es.amazonaws.com
*.ap-south-1.es.amazonaws.com
bluqsrdrxitmaqyuwaht76zb6y.ap-south-1.es.amazonaws.com
*.canary91d752fb64d6.anjlct.c1.kafka.ca-west-1.amazonaws.com
*.iam.canary91d752fb64d6.anjlct.c1.kafka.ca-west-1.amazonaws.com
*.iam2.canary91d752fb64d6.anjlct.c1.kafka.ca-west-1.amazonaws.com
*.scram.canary91d752fb64d6.anjlct.c1.kafka.ca-west-1.amazonaws.com
*.scram2.canary91d752fb64d6.anjlct.c1.kafka.ca-west-1.amazonaws.com
*.tls.canary91d752fb64d6.anjlct.c1.kafka.ca-west-1.amazonaws.com
*.tls2.canary91d752fb64d6.anjlct.c1.kafka.ca-west-1.amazonaws.com
alt.canary.s3.us-west-2.vpce.amazonaws.com
canary.s3.us-west-2.vpce.amazonaws.com
*.ap-south-2.es.amazonaws.com
njixcsu2cu5ygvz4i3iz5cy7xq.ap-south-2.es.amazonaws.com
*.canary25f03d33b3d5.zrrtvm.c1.kafka.me-central-1.amazonaws.com
*.iam.canary25f03d33b3d5.zrrtvm.c1.kafka.me-central-1.amazonaws.com
*.iam2.canary25f03d33b3d5.zrrtvm.c1.kafka.me-central-1.amazonaws.com
*.scram.canary25f03d33b3d5.zrrtvm.c1.kafka.me-central-1.amazonaws.com
*.scram2.canary25f03d33b3d5.zrrtvm.c1.kafka.me-central-1.amazonaws.com
*.tls.canary25f03d33b3d5.zrrtvm.c1.kafka.me-central-1.amazonaws.com
*.tls2.canary25f03d33b3d5.zrrtvm.c1.kafka.me-central-1.amazonaws.com
*.canaryf67dec464352.560vb0.c3.kafka.cn-north-1.amazonaws.com.cn
*.iam.canaryf67dec464352.560vb0.c3.kafka.cn-north-1.amazonaws.com.cn
*.iam2.canaryf67dec464352.560vb0.c3.kafka.cn-north-1.amazonaws.com.cn
*.scram.canaryf67dec464352.560vb0.c3.kafka.cn-north-1.amazonaws.com.cn
*.scram2.canaryf67dec464352.560vb0.c3.kafka.cn-north-1.amazonaws.com.cn
*.tls.canaryf67dec464352.560vb0.c3.kafka.cn-north-1.amazonaws.com.cn
*.tls2.canaryf67dec464352.560vb0.c3.kafka.cn-north-1.amazonaws.com.cn
*.iam.pocmsk250106.paarkf.c2.kafka.ap-northeast-2.amazonaws.com
*.iam2.pocmsk250106.paarkf.c2.kafka.ap-northeast-2.amazonaws.com
*.pocmsk250106.paarkf.c2.kafka.ap-northeast-2.amazonaws.com
*.scram.pocmsk250106.paarkf.c2.kafka.ap-northeast-2.amazonaws.com
*.scram2.pocmsk250106.paarkf.c2.kafka.ap-northeast-2.amazonaws.com
*.tls.pocmsk250106.paarkf.c2.kafka.ap-northeast-2.amazonaws.com
*.tls2.pocmsk250106.paarkf.c2.kafka.ap-northeast-2.amazonaws.com
*.canaryce6da09e474.mnpckj.c2.kafka.ap-northeast-2.amazonaws.com
*.iam.canaryce6da09e474.mnpckj.c2.kafka.ap-northeast-2.amazonaws.com
*.iam2.canaryce6da09e474.mnpckj.c2.kafka.ap-northeast-2.amazonaws.com
*.scram.canaryce6da09e474.mnpckj.c2.kafka.ap-northeast-2.amazonaws.com
*.scram2.canaryce6da09e474.mnpckj.c2.kafka.ap-northeast-2.amazonaws.com
*.tls.canaryce6da09e474.mnpckj.c2.kafka.ap-northeast-2.amazonaws.com
*.tls2.canaryce6da09e474.mnpckj.c2.kafka.ap-northeast-2.amazonaws.com
*.canarye0741cd1deb1.6of4zj.c2.kafka.eu-south-1.amazonaws.com
*.iam.canarye0741cd1deb1.6of4zj.c2.kafka.eu-south-1.amazonaws.com
*.iam2.canarye0741cd1deb1.6of4zj.c2.kafka.eu-south-1.amazonaws.com
*.scram.canarye0741cd1deb1.6of4zj.c2.kafka.eu-south-1.amazonaws.com
*.scram2.canarye0741cd1deb1.6of4zj.c2.kafka.eu-south-1.amazonaws.com
*.tls.canarye0741cd1deb1.6of4zj.c2.kafka.eu-south-1.amazonaws.com
*.tls2.canarye0741cd1deb1.6of4zj.c2.kafka.eu-south-1.amazonaws.com
*.accesspoint.vpce-03dcfb9c30013d223-0ymtajje-eu-central-1a.s3.eu-central-1.vpce.amazonaws.com
*.accesspoint.vpce-03dcfb9c30013d223-0ymtajje-eu-central-1b.s3.eu-central-1.vpce.amazonaws.com
*.accesspoint.vpce-03dcfb9c30013d223-0ymtajje-eu-central-1c.s3.eu-central-1.vpce.amazonaws.com
*.accesspoint.vpce-03dcfb9c30013d223-0ymtajje.s3.eu-central-1.vpce.amazonaws.com
*.bucket.vpce-03dcfb9c30013d223-0ymtajje-eu-central-1a.s3.eu-central-1.vpce.amazonaws.com
*.bucket.vpce-03dcfb9c30013d223-0ymtajje-eu-central-1b.s3.eu-central-1.vpce.amazonaws.com
*.bucket.vpce-03dcfb9c30013d223-0ymtajje-eu-central-1c.s3.eu-central-1.vpce.amazonaws.com
*.bucket.vpce-03dcfb9c30013d223-0ymtajje.s3.eu-central-1.vpce.amazonaws.com
*.control.vpce-03dcfb9c30013d223-0ymtajje-eu-central-1a.s3.eu-central-1.vpce.amazonaws.com
*.control.vpce-03dcfb9c30013d223-0ymtajje-eu-central-1b.s3.eu-central-1.vpce.amazonaws.com
*.control.vpce-03dcfb9c30013d223-0ymtajje-eu-central-1c.s3.eu-central-1.vpce.amazonaws.com
*.control.vpce-03dcfb9c30013d223-0ymtajje.s3.eu-central-1.vpce.amazonaws.com
*.s3-accesspoint.eu-central-1.amazonaws.com
*.s3-control.eu-central-1.amazonaws.com
*.s3.eu-central-1.amazonaws.com
bucket.vpce-03dcfb9c30013d223-0ymtajje-eu-central-1a.s3.eu-central-1.vpce.amazonaws.com
bucket.vpce-03dcfb9c30013d223-0ymtajje-eu-central-1b.s3.eu-central-1.vpce.amazonaws.com
bucket.vpce-03dcfb9c30013d223-0ymtajje-eu-central-1c.s3.eu-central-1.vpce.amazonaws.com
bucket.vpce-03dcfb9c30013d223-0ymtajje.s3.eu-central-1.vpce.amazonaws.com
s3.eu-central-1.amazonaws.com
*.canary22f9e3cc1198.8yum4b.c3.kafka.cn-north-1.amazonaws.com.cn
*.iam.canary22f9e3cc1198.8yum4b.c3.kafka.cn-north-1.amazonaws.com.cn
*.iam2.canary22f9e3cc1198.8yum4b.c3.kafka.cn-north-1.amazonaws.com.cn
*.scram.canary22f9e3cc1198.8yum4b.c3.kafka.cn-north-1.amazonaws.com.cn
*.scram2.canary22f9e3cc1198.8yum4b.c3.kafka.cn-north-1.amazonaws.com.cn
*.tls.canary22f9e3cc1198.8yum4b.c3.kafka.cn-north-1.amazonaws.com.cn
*.tls2.canary22f9e3cc1198.8yum4b.c3.kafka.cn-north-1.amazonaws.com.cn
*.eu-west-2.es.amazonaws.com
rmkrkaz7faedw4qitekqest73u.eu-west-2.es.amazonaws.com
*.canary6990de759a87.pcr1iz.c1.kafka.ap-south-2.amazonaws.com
*.iam.canary6990de759a87.pcr1iz.c1.kafka.ap-south-2.amazonaws.com
*.iam2.canary6990de759a87.pcr1iz.c1.kafka.ap-south-2.amazonaws.com
*.scram.canary6990de759a87.pcr1iz.c1.kafka.ap-south-2.amazonaws.com
*.scram2.canary6990de759a87.pcr1iz.c1.kafka.ap-south-2.amazonaws.com
*.tls.canary6990de759a87.pcr1iz.c1.kafka.ap-south-2.amazonaws.com
*.tls2.canary6990de759a87.pcr1iz.c1.kafka.ap-south-2.amazonaws.com
*.canarye6078d39a9f.dktru9.c2.kafka.ap-northeast-2.amazonaws.com
*.iam.canarye6078d39a9f.dktru9.c2.kafka.ap-northeast-2.amazonaws.com
*.iam2.canarye6078d39a9f.dktru9.c2.kafka.ap-northeast-2.amazonaws.com
*.scram.canarye6078d39a9f.dktru9.c2.kafka.ap-northeast-2.amazonaws.com
*.scram2.canarye6078d39a9f.dktru9.c2.kafka.ap-northeast-2.amazonaws.com
*.tls.canarye6078d39a9f.dktru9.c2.kafka.ap-northeast-2.amazonaws.com
*.tls2.canarye6078d39a9f.dktru9.c2.kafka.ap-northeast-2.amazonaws.com
mr6z7rjpercpw.mrap.accesspoint.s3-global.amazonaws.com
*.canary7fc83400d37.y5zzh1.c3.kafka.ap-southeast-3.amazonaws.com
*.iam.canary7fc83400d37.y5zzh1.c3.kafka.ap-southeast-3.amazonaws.com
*.iam2.canary7fc83400d37.y5zzh1.c3.kafka.ap-southeast-3.amazonaws.com
*.scram.canary7fc83400d37.y5zzh1.c3.kafka.ap-southeast-3.amazonaws.com
*.scram2.canary7fc83400d37.y5zzh1.c3.kafka.ap-southeast-3.amazonaws.com
*.tls.canary7fc83400d37.y5zzh1.c3.kafka.ap-southeast-3.amazonaws.com
*.tls2.canary7fc83400d37.y5zzh1.c3.kafka.ap-southeast-3.amazonaws.com
*.accesspoint.vpce-0551c02a029b19078-qoey4wbq-af-south-1a.s3.af-south-1.vpce.amazonaws.com
*.accesspoint.vpce-0551c02a029b19078-qoey4wbq-af-south-1b.s3.af-south-1.vpce.amazonaws.com
*.accesspoint.vpce-0551c02a029b19078-qoey4wbq-af-south-1c.s3.af-south-1.vpce.amazonaws.com
*.accesspoint.vpce-0551c02a029b19078-qoey4wbq.s3.af-south-1.vpce.amazonaws.com
*.bucket.vpce-0551c02a029b19078-qoey4wbq-af-south-1a.s3.af-south-1.vpce.amazonaws.com
*.bucket.vpce-0551c02a029b19078-qoey4wbq-af-south-1b.s3.af-south-1.vpce.amazonaws.com
*.bucket.vpce-0551c02a029b19078-qoey4wbq-af-south-1c.s3.af-south-1.vpce.amazonaws.com
*.bucket.vpce-0551c02a029b19078-qoey4wbq.s3.af-south-1.vpce.amazonaws.com
*.control.vpce-0551c02a029b19078-qoey4wbq-af-south-1a.s3.af-south-1.vpce.amazonaws.com
*.control.vpce-0551c02a029b19078-qoey4wbq-af-south-1b.s3.af-south-1.vpce.amazonaws.com
*.control.vpce-0551c02a029b19078-qoey4wbq-af-south-1c.s3.af-south-1.vpce.amazonaws.com
*.control.vpce-0551c02a029b19078-qoey4wbq.s3.af-south-1.vpce.amazonaws.com
*.s3-accesspoint.af-south-1.amazonaws.com
*.s3-control.af-south-1.amazonaws.com
*.s3.af-south-1.amazonaws.com
bucket.vpce-0551c02a029b19078-qoey4wbq-af-south-1a.s3.af-south-1.vpce.amazonaws.com
bucket.vpce-0551c02a029b19078-qoey4wbq-af-south-1b.s3.af-south-1.vpce.amazonaws.com
bucket.vpce-0551c02a029b19078-qoey4wbq-af-south-1c.s3.af-south-1.vpce.amazonaws.com
bucket.vpce-0551c02a029b19078-qoey4wbq.s3.af-south-1.vpce.amazonaws.com
s3.af-south-1.amazonaws.com
*.canaryc6d14e402b82.oc50vi.c4.kafka.ap-south-2.amazonaws.com
*.iam.canaryc6d14e402b82.oc50vi.c4.kafka.ap-south-2.amazonaws.com
*.iam2.canaryc6d14e402b82.oc50vi.c4.kafka.ap-south-2.amazonaws.com
*.scram.canaryc6d14e402b82.oc50vi.c4.kafka.ap-south-2.amazonaws.com
*.scram2.canaryc6d14e402b82.oc50vi.c4.kafka.ap-south-2.amazonaws.com
*.tls.canaryc6d14e402b82.oc50vi.c4.kafka.ap-south-2.amazonaws.com
*.tls2.canaryc6d14e402b82.oc50vi.c4.kafka.ap-south-2.amazonaws.com
*.hs1.tr8278.northcentralus1-a.worker.database.windows.net
*.hs2.tr8278.northcentralus1-a.worker.database.windows.net
*.hs3.tr8278.northcentralus1-a.worker.database.windows.net
*.tr8278.northcentralus1-a.worker.database.windows.net
tr8278.northcentralus1-a.worker.database.windows.net
*.canarya2cca6ab924a.fb7dks.c4.kafka.eu-west-2.amazonaws.com
*.iam.canarya2cca6ab924a.fb7dks.c4.kafka.eu-west-2.amazonaws.com
*.iam2.canarya2cca6ab924a.fb7dks.c4.kafka.eu-west-2.amazonaws.com
*.scram.canarya2cca6ab924a.fb7dks.c4.kafka.eu-west-2.amazonaws.com
*.scram2.canarya2cca6ab924a.fb7dks.c4.kafka.eu-west-2.amazonaws.com
*.tls.canarya2cca6ab924a.fb7dks.c4.kafka.eu-west-2.amazonaws.com
*.tls2.canarya2cca6ab924a.fb7dks.c4.kafka.eu-west-2.amazonaws.com
store.spaceamazones.com
www.greatyarmouthroofsurveys.co.uk.billingeleakdetection.co.uk
portal.gitlab.git.gitlab.git.git.wp.heroes-v-online.ru
www.portal.gitlab.git.gitlab.git.git.wp.heroes-v-online.ru
portal.www.git.gitlab.new.api.xn----ctbbcicbwjlltra3a.xn--p1ai
www.portal.www.git.gitlab.new.api.xn----ctbbcicbwjlltra3a.xn--p1ai
portal.git.gitlab.blog.gitlab.pop.xn--80aaapxgwipfbfj.xn--p1ai
www.portal.git.gitlab.blog.gitlab.pop.xn--80aaapxgwipfbfj.xn--p1ai
56937d8d-5110-47b9-8f93-65a55a6ee41e.bot.vinz.s1.opendns.com
app.gitlab.git.gitlab.git.git.wp.heroes-v-online.ru
www.app.gitlab.git.gitlab.git.git.wp.heroes-v-online.ru
portal.gitlab.realwebwww.ftp.prokatavto32.ru
www.portal.gitlab.realwebwww.ftp.prokatavto32.ru
portal.32mgitlab.gitlab.sl1x1oas3w2rnfl.news-sports.ru
www.portal.32mgitlab.gitlab.sl1x1oas3w2rnfl.news-sports.ru
www.app.sber.sber.sber.avito.ld9llxsrfgur36w.webmail.privods.com
www.apoteksukamandi.com.makanpedassi.xyz
www.baniibnuabbas.com.makanpedassi.xyz
www.bantalfotopekanbaru.com.makanpedassi.xyz
www.butuhlaptop.com.makanpedassi.xyz
www.cirengabah.com.makanpedassi.xyz
www.diajengmaya.com.makanpedassi.xyz
www.indohcf.com.makanpedassi.xyz
www.malangmelintang.com.makanpedassi.xyz
www.osakabrother.com.makanpedassi.xyz
www.pridefitnessindonesia.com.makanpedassi.xyz
www.siappro.com.makanpedassi.xyz
*.zf7.graphql.fabric.microsoft-int.com
*.zf7.w.api.fabric.microsoft-int.com
auto-s871070vi7-pbi-kv-HttpsZonef7.zf7.w.api.fabric.microsoft-int.com
*.z57.graphql.fabric.microsoft-int.com
*.z57.w.api.fabric.microsoft-int.com
auto-s871070vi7-pbi-kv-HttpsZone57.z57.w.api.fabric.microsoft-int.com
*.geo.redis.cache.windows.net
*.geo.redis.cache.windows.net
offerstore-aircapi.commerce.microsoft.com
ui-builder.unique-platform.delivery-a.zetta-demo.space
workflow-builder.unique-platform.delivery-a.zetta-demo.space
*.wa-gbwhatsapp.net
wa-gbwhatsapp.net
www.usaarmyleave.com.vicocp.com
www.usaarmyleave.com.vicocp.com
vai-04f775bc0e7216f98.ava.ap-south-1.amazonaws.com
*.eu-west-1.es.amazonaws.com
eunro3gc7dajywzkf37bmqxk4u.eu-west-1.es.amazonaws.com
*.iam.rapidtrainmsk.uildg0.c3.kafka.us-east-2.amazonaws.com
*.iam2.rapidtrainmsk.uildg0.c3.kafka.us-east-2.amazonaws.com
*.rapidtrainmsk.uildg0.c3.kafka.us-east-2.amazonaws.com
*.scram.rapidtrainmsk.uildg0.c3.kafka.us-east-2.amazonaws.com
*.scram2.rapidtrainmsk.uildg0.c3.kafka.us-east-2.amazonaws.com
*.tls.rapidtrainmsk.uildg0.c3.kafka.us-east-2.amazonaws.com
*.tls2.rapidtrainmsk.uildg0.c3.kafka.us-east-2.amazonaws.com
*.eu-west-1.es.amazonaws.com
tdparvcvepumnmiwupqb6qj4dy.eu-west-1.es.amazonaws.com
*.canary23fa148f83f2.7e47nv.c2.kafka.eu-south-1.amazonaws.com
*.iam.canary23fa148f83f2.7e47nv.c2.kafka.eu-south-1.amazonaws.com
*.iam2.canary23fa148f83f2.7e47nv.c2.kafka.eu-south-1.amazonaws.com
*.scram.canary23fa148f83f2.7e47nv.c2.kafka.eu-south-1.amazonaws.com
*.scram2.canary23fa148f83f2.7e47nv.c2.kafka.eu-south-1.amazonaws.com
*.tls.canary23fa148f83f2.7e47nv.c2.kafka.eu-south-1.amazonaws.com
*.tls2.canary23fa148f83f2.7e47nv.c2.kafka.eu-south-1.amazonaws.com
*.canary402dbf6cc85b.q10m5n.c4.kafka.us-east-2.amazonaws.com
*.iam.canary402dbf6cc85b.q10m5n.c4.kafka.us-east-2.amazonaws.com
*.iam2.canary402dbf6cc85b.q10m5n.c4.kafka.us-east-2.amazonaws.com
*.scram.canary402dbf6cc85b.q10m5n.c4.kafka.us-east-2.amazonaws.com
*.scram2.canary402dbf6cc85b.q10m5n.c4.kafka.us-east-2.amazonaws.com
*.tls.canary402dbf6cc85b.q10m5n.c4.kafka.us-east-2.amazonaws.com
*.tls2.canary402dbf6cc85b.q10m5n.c4.kafka.us-east-2.amazonaws.com
*.accesspoint.vpce-0417efb33858da485-i5h02dqu-ap-south-2a.s3.ap-south-2.vpce.amazonaws.com
*.accesspoint.vpce-0417efb33858da485-i5h02dqu-ap-south-2b.s3.ap-south-2.vpce.amazonaws.com
*.accesspoint.vpce-0417efb33858da485-i5h02dqu-ap-south-2c.s3.ap-south-2.vpce.amazonaws.com
*.accesspoint.vpce-0417efb33858da485-i5h02dqu.s3.ap-south-2.vpce.amazonaws.com
*.bucket.vpce-0417efb33858da485-i5h02dqu-ap-south-2a.s3.ap-south-2.vpce.amazonaws.com
*.bucket.vpce-0417efb33858da485-i5h02dqu-ap-south-2b.s3.ap-south-2.vpce.amazonaws.com
*.bucket.vpce-0417efb33858da485-i5h02dqu-ap-south-2c.s3.ap-south-2.vpce.amazonaws.com
*.bucket.vpce-0417efb33858da485-i5h02dqu.s3.ap-south-2.vpce.amazonaws.com
*.control.vpce-0417efb33858da485-i5h02dqu-ap-south-2a.s3.ap-south-2.vpce.amazonaws.com
*.control.vpce-0417efb33858da485-i5h02dqu-ap-south-2b.s3.ap-south-2.vpce.amazonaws.com
*.control.vpce-0417efb33858da485-i5h02dqu-ap-south-2c.s3.ap-south-2.vpce.amazonaws.com
*.control.vpce-0417efb33858da485-i5h02dqu.s3.ap-south-2.vpce.amazonaws.com
*.s3-accesspoint.ap-south-2.amazonaws.com
*.s3-control.ap-south-2.amazonaws.com
*.s3.ap-south-2.amazonaws.com
bucket.vpce-0417efb33858da485-i5h02dqu-ap-south-2a.s3.ap-south-2.vpce.amazonaws.com
bucket.vpce-0417efb33858da485-i5h02dqu-ap-south-2b.s3.ap-south-2.vpce.amazonaws.com
bucket.vpce-0417efb33858da485-i5h02dqu-ap-south-2c.s3.ap-south-2.vpce.amazonaws.com
bucket.vpce-0417efb33858da485-i5h02dqu.s3.ap-south-2.vpce.amazonaws.com
s3.ap-south-2.amazonaws.com
*.ap-south-1.es.amazonaws.com
jhtfyayjujw37kxr4idji2t34m.ap-south-1.es.amazonaws.com
*.accesspoint.vpce-09f58df5a6ed2f17c-c1fcbw6c-ap-south-1a.s3.ap-south-1.vpce.amazonaws.com
*.accesspoint.vpce-09f58df5a6ed2f17c-c1fcbw6c-ap-south-1b.s3.ap-south-1.vpce.amazonaws.com
*.accesspoint.vpce-09f58df5a6ed2f17c-c1fcbw6c-ap-south-1c.s3.ap-south-1.vpce.amazonaws.com
*.accesspoint.vpce-09f58df5a6ed2f17c-c1fcbw6c.s3.ap-south-1.vpce.amazonaws.com
*.bucket.vpce-09f58df5a6ed2f17c-c1fcbw6c-ap-south-1a.s3.ap-south-1.vpce.amazonaws.com
*.bucket.vpce-09f58df5a6ed2f17c-c1fcbw6c-ap-south-1b.s3.ap-south-1.vpce.amazonaws.com
*.bucket.vpce-09f58df5a6ed2f17c-c1fcbw6c-ap-south-1c.s3.ap-south-1.vpce.amazonaws.com
*.bucket.vpce-09f58df5a6ed2f17c-c1fcbw6c.s3.ap-south-1.vpce.amazonaws.com
*.control.vpce-09f58df5a6ed2f17c-c1fcbw6c-ap-south-1a.s3.ap-south-1.vpce.amazonaws.com
*.control.vpce-09f58df5a6ed2f17c-c1fcbw6c-ap-south-1b.s3.ap-south-1.vpce.amazonaws.com
*.control.vpce-09f58df5a6ed2f17c-c1fcbw6c-ap-south-1c.s3.ap-south-1.vpce.amazonaws.com
*.control.vpce-09f58df5a6ed2f17c-c1fcbw6c.s3.ap-south-1.vpce.amazonaws.com
*.s3-accesspoint.ap-south-1.amazonaws.com
*.s3-control.ap-south-1.amazonaws.com
*.s3.ap-south-1.amazonaws.com
bucket.vpce-09f58df5a6ed2f17c-c1fcbw6c-ap-south-1a.s3.ap-south-1.vpce.amazonaws.com
bucket.vpce-09f58df5a6ed2f17c-c1fcbw6c-ap-south-1b.s3.ap-south-1.vpce.amazonaws.com
bucket.vpce-09f58df5a6ed2f17c-c1fcbw6c-ap-south-1c.s3.ap-south-1.vpce.amazonaws.com
bucket.vpce-09f58df5a6ed2f17c-c1fcbw6c.s3.ap-south-1.vpce.amazonaws.com
s3.ap-south-1.amazonaws.com
*.canary70044e2ebda2.d3zeux.c2.kafka.cn-north-1.amazonaws.com.cn
*.iam.canary70044e2ebda2.d3zeux.c2.kafka.cn-north-1.amazonaws.com.cn
*.iam2.canary70044e2ebda2.d3zeux.c2.kafka.cn-north-1.amazonaws.com.cn
*.scram.canary70044e2ebda2.d3zeux.c2.kafka.cn-north-1.amazonaws.com.cn
*.scram2.canary70044e2ebda2.d3zeux.c2.kafka.cn-north-1.amazonaws.com.cn
*.tls.canary70044e2ebda2.d3zeux.c2.kafka.cn-north-1.amazonaws.com.cn
*.tls2.canary70044e2ebda2.d3zeux.c2.kafka.cn-north-1.amazonaws.com.cn
vai-0ba6aefd8de6380d4.ava.eu-central-1.amazonaws.com
*.af-south-1.es.amazonaws.com
4lzebcbj3sh2kzhc5qsjumadnm.af-south-1.es.amazonaws.com
*.af-south-1.es.amazonaws.com
ftl72slh2yaow2lcp7ji5hr7ie.af-south-1.es.amazonaws.com
*.us-west-2.es.amazonaws.com
h5h736cbgeoywjvemfurrdgndq.us-west-2.es.amazonaws.com
*.af-south-1.es.amazonaws.com
u7by7rwhhr7u66d3gabhxrxbbm.af-south-1.es.amazonaws.com
*.configcanaryec8f5ae92b.iv3ee3.c4.kafka.us-east-2.amazonaws.com
*.iam.configcanaryec8f5ae92b.iv3ee3.c4.kafka.us-east-2.amazonaws.com
*.iam2.configcanaryec8f5ae92b.iv3ee3.c4.kafka.us-east-2.amazonaws.com
*.scram.configcanaryec8f5ae92b.iv3ee3.c4.kafka.us-east-2.amazonaws.com
*.scram2.configcanaryec8f5ae92b.iv3ee3.c4.kafka.us-east-2.amazonaws.com
*.tls.configcanaryec8f5ae92b.iv3ee3.c4.kafka.us-east-2.amazonaws.com
*.tls2.configcanaryec8f5ae92b.iv3ee3.c4.kafka.us-east-2.amazonaws.com
vai-01080ea1e6efa0069.ava.eu-south-1.amazonaws.com
www.it.prod.eu.phaabqsa.64-227-108-172.43-230-7-98.cprapid.com
gimaadvancedtechnologysupport.zendesk.com
*.zf8.graphql.fabric.microsoft-int.com
*.zf8.w.api.fabric.microsoft-int.com
auto-s871070vi7-pbi-kv-HttpsZonef8.zf8.w.api.fabric.microsoft-int.com
*.geo.redis.cache.windows.net
*.eu-south-2.es.amazonaws.com
j5bytsiiihptc5dyml2lojh2pi.eu-south-2.es.amazonaws.com
*.iam.pocmsk250106.paarkf.c2.kafka.ap-northeast-2.amazonaws.com
*.iam2.pocmsk250106.paarkf.c2.kafka.ap-northeast-2.amazonaws.com
*.pocmsk250106.paarkf.c2.kafka.ap-northeast-2.amazonaws.com
*.scram.pocmsk250106.paarkf.c2.kafka.ap-northeast-2.amazonaws.com
*.scram2.pocmsk250106.paarkf.c2.kafka.ap-northeast-2.amazonaws.com
*.tls.pocmsk250106.paarkf.c2.kafka.ap-northeast-2.amazonaws.com
*.tls2.pocmsk250106.paarkf.c2.kafka.ap-northeast-2.amazonaws.com
*.accesspoint.vpce-03dcfb9c30013d223-0ymtajje-eu-central-1a.s3.eu-central-1.vpce.amazonaws.com
*.accesspoint.vpce-03dcfb9c30013d223-0ymtajje-eu-central-1b.s3.eu-central-1.vpce.amazonaws.com
*.accesspoint.vpce-03dcfb9c30013d223-0ymtajje-eu-central-1c.s3.eu-central-1.vpce.amazonaws.com
*.accesspoint.vpce-03dcfb9c30013d223-0ymtajje.s3.eu-central-1.vpce.amazonaws.com
*.bucket.vpce-03dcfb9c30013d223-0ymtajje-eu-central-1a.s3.eu-central-1.vpce.amazonaws.com
*.bucket.vpce-03dcfb9c30013d223-0ymtajje-eu-central-1b.s3.eu-central-1.vpce.amazonaws.com
*.bucket.vpce-03dcfb9c30013d223-0ymtajje-eu-central-1c.s3.eu-central-1.vpce.amazonaws.com
*.bucket.vpce-03dcfb9c30013d223-0ymtajje.s3.eu-central-1.vpce.amazonaws.com
*.control.vpce-03dcfb9c30013d223-0ymtajje-eu-central-1a.s3.eu-central-1.vpce.amazonaws.com
*.control.vpce-03dcfb9c30013d223-0ymtajje-eu-central-1b.s3.eu-central-1.vpce.amazonaws.com
*.control.vpce-03dcfb9c30013d223-0ymtajje-eu-central-1c.s3.eu-central-1.vpce.amazonaws.com
*.control.vpce-03dcfb9c30013d223-0ymtajje.s3.eu-central-1.vpce.amazonaws.com
*.s3-accesspoint.eu-central-1.amazonaws.com
*.s3-control.eu-central-1.amazonaws.com
*.s3.eu-central-1.amazonaws.com
bucket.vpce-03dcfb9c30013d223-0ymtajje-eu-central-1a.s3.eu-central-1.vpce.amazonaws.com
bucket.vpce-03dcfb9c30013d223-0ymtajje-eu-central-1b.s3.eu-central-1.vpce.amazonaws.com
bucket.vpce-03dcfb9c30013d223-0ymtajje-eu-central-1c.s3.eu-central-1.vpce.amazonaws.com
bucket.vpce-03dcfb9c30013d223-0ymtajje.s3.eu-central-1.vpce.amazonaws.com
s3.eu-central-1.amazonaws.com
*.ap-northeast-1.es.amazonaws.com
x735fhxg3gcoicdy4uvy54aq3e.ap-northeast-1.es.amazonaws.com
mr6z7rjpercpw.mrap.accesspoint.s3-global.amazonaws.com
*.canary950ba8fe54d8.bzh5lb.c3.kafka.af-south-1.amazonaws.com
*.iam.canary950ba8fe54d8.bzh5lb.c3.kafka.af-south-1.amazonaws.com
*.iam2.canary950ba8fe54d8.bzh5lb.c3.kafka.af-south-1.amazonaws.com
*.scram.canary950ba8fe54d8.bzh5lb.c3.kafka.af-south-1.amazonaws.com
*.scram2.canary950ba8fe54d8.bzh5lb.c3.kafka.af-south-1.amazonaws.com
*.tls.canary950ba8fe54d8.bzh5lb.c3.kafka.af-south-1.amazonaws.com
*.tls2.canary950ba8fe54d8.bzh5lb.c3.kafka.af-south-1.amazonaws.com
*.eu-south-2.es.amazonaws.com
we3tnbcd5vdel6wytgbhzyghf4.eu-south-2.es.amazonaws.com
*.canarycd1626d7e147.pmc262.c1.kafka.me-central-1.amazonaws.com
*.iam.canarycd1626d7e147.pmc262.c1.kafka.me-central-1.amazonaws.com
*.iam2.canarycd1626d7e147.pmc262.c1.kafka.me-central-1.amazonaws.com
*.scram.canarycd1626d7e147.pmc262.c1.kafka.me-central-1.amazonaws.com
*.scram2.canarycd1626d7e147.pmc262.c1.kafka.me-central-1.amazonaws.com
*.tls.canarycd1626d7e147.pmc262.c1.kafka.me-central-1.amazonaws.com
*.tls2.canarycd1626d7e147.pmc262.c1.kafka.me-central-1.amazonaws.com
*.eu-south-2.es.amazonaws.com
pr3blroqo4fjr5jisd4pqaq7ra.eu-south-2.es.amazonaws.com
*.accesspoint.vpce-07ea26171fee9ba47-d7fbagpa-ap-southeast-4a.s3.ap-southeast-4.vpce.amazonaws.com
*.accesspoint.vpce-07ea26171fee9ba47-d7fbagpa-ap-southeast-4b.s3.ap-southeast-4.vpce.amazonaws.com
*.accesspoint.vpce-07ea26171fee9ba47-d7fbagpa-ap-southeast-4c.s3.ap-southeast-4.vpce.amazonaws.com
*.accesspoint.vpce-07ea26171fee9ba47-d7fbagpa.s3.ap-southeast-4.vpce.amazonaws.com
*.bucket.vpce-07ea26171fee9ba47-d7fbagpa-ap-southeast-4a.s3.ap-southeast-4.vpce.amazonaws.com
*.bucket.vpce-07ea26171fee9ba47-d7fbagpa-ap-southeast-4b.s3.ap-southeast-4.vpce.amazonaws.com
*.bucket.vpce-07ea26171fee9ba47-d7fbagpa-ap-southeast-4c.s3.ap-southeast-4.vpce.amazonaws.com
*.bucket.vpce-07ea26171fee9ba47-d7fbagpa.s3.ap-southeast-4.vpce.amazonaws.com
*.control.vpce-07ea26171fee9ba47-d7fbagpa-ap-southeast-4a.s3.ap-southeast-4.vpce.amazonaws.com
*.control.vpce-07ea26171fee9ba47-d7fbagpa-ap-southeast-4b.s3.ap-southeast-4.vpce.amazonaws.com
*.control.vpce-07ea26171fee9ba47-d7fbagpa-ap-southeast-4c.s3.ap-southeast-4.vpce.amazonaws.com
*.control.vpce-07ea26171fee9ba47-d7fbagpa.s3.ap-southeast-4.vpce.amazonaws.com
*.s3-accesspoint.ap-southeast-4.amazonaws.com
*.s3-control.ap-southeast-4.amazonaws.com
*.s3.ap-southeast-4.amazonaws.com
bucket.vpce-07ea26171fee9ba47-d7fbagpa-ap-southeast-4a.s3.ap-southeast-4.vpce.amazonaws.com
bucket.vpce-07ea26171fee9ba47-d7fbagpa-ap-southeast-4b.s3.ap-southeast-4.vpce.amazonaws.com
bucket.vpce-07ea26171fee9ba47-d7fbagpa-ap-southeast-4c.s3.ap-southeast-4.vpce.amazonaws.com
bucket.vpce-07ea26171fee9ba47-d7fbagpa.s3.ap-southeast-4.vpce.amazonaws.com
s3.ap-southeast-4.amazonaws.com
*.configcanarycefa0.9a1tqi.c2.kafka.ap-southeast-1.amazonaws.com
*.iam.configcanarycefa0.9a1tqi.c2.kafka.ap-southeast-1.amazonaws.com
*.iam2.configcanarycefa0.9a1tqi.c2.kafka.ap-southeast-1.amazonaws.com
*.scram.configcanarycefa0.9a1tqi.c2.kafka.ap-southeast-1.amazonaws.com
*.scram2.configcanarycefa0.9a1tqi.c2.kafka.ap-southeast-1.amazonaws.com
*.tls.configcanarycefa0.9a1tqi.c2.kafka.ap-southeast-1.amazonaws.com
*.tls2.configcanarycefa0.9a1tqi.c2.kafka.ap-southeast-1.amazonaws.com
*.accesspoint.vpce-00341b0c36a2fafbe-yz73lbn7-us-west-1a.s3.us-west-1.vpce.amazonaws.com
*.accesspoint.vpce-00341b0c36a2fafbe-yz73lbn7-us-west-1b.s3.us-west-1.vpce.amazonaws.com
*.accesspoint.vpce-00341b0c36a2fafbe-yz73lbn7.s3.us-west-1.vpce.amazonaws.com
*.bucket.vpce-00341b0c36a2fafbe-yz73lbn7-us-west-1a.s3.us-west-1.vpce.amazonaws.com
*.bucket.vpce-00341b0c36a2fafbe-yz73lbn7-us-west-1b.s3.us-west-1.vpce.amazonaws.com
*.bucket.vpce-00341b0c36a2fafbe-yz73lbn7.s3.us-west-1.vpce.amazonaws.com
*.control.vpce-00341b0c36a2fafbe-yz73lbn7-us-west-1a.s3.us-west-1.vpce.amazonaws.com
*.control.vpce-00341b0c36a2fafbe-yz73lbn7-us-west-1b.s3.us-west-1.vpce.amazonaws.com
*.control.vpce-00341b0c36a2fafbe-yz73lbn7.s3.us-west-1.vpce.amazonaws.com
*.s3-accesspoint.us-west-1.amazonaws.com
*.s3-control.us-west-1.amazonaws.com
*.s3.us-west-1.amazonaws.com
bucket.vpce-00341b0c36a2fafbe-yz73lbn7-us-west-1a.s3.us-west-1.vpce.amazonaws.com
bucket.vpce-00341b0c36a2fafbe-yz73lbn7-us-west-1b.s3.us-west-1.vpce.amazonaws.com
bucket.vpce-00341b0c36a2fafbe-yz73lbn7.s3.us-west-1.vpce.amazonaws.com
s3.us-west-1.amazonaws.com
vault.security.stg.scadigital.com.au
*.z58.graphql.fabric.microsoft-int.com
*.z58.w.api.fabric.microsoft-int.com
auto-s871070vi7-pbi-kv-HttpsZone58.z58.w.api.fabric.microsoft-int.com
rprnr-dedicated-esc-01060912.unique.management.azure-api.net
rprnr-dedicated-esc-01060912.unique.portal.azure-api.net
www.thakraltankers.com.gigconnectdigital.com
www.mail2.openbankaccount.org
*.wa-gbwhatsapp.net
wa-gbwhatsapp.net
www.fakirafab.com.vinayakcreation.com
www.imperialars.com.vinayakcreation.com
www.www.059879e5-b2e8-4f58-aa46-95f69d92aa34.random.rtpaffiliate.com
rd-verify-deletex.9337851d.prod.forgeinternaldnsapps.ec2.aws.dev
test.us-east-1.rd-verify-deletex.9337851d.prod.forgeinternaldnsapps.ec2.aws.dev
*.canarye5ee258b7c38.2ibveg.c4.kafka.ap-south-1.amazonaws.com
*.iam.canarye5ee258b7c38.2ibveg.c4.kafka.ap-south-1.amazonaws.com
*.iam2.canarye5ee258b7c38.2ibveg.c4.kafka.ap-south-1.amazonaws.com
*.scram.canarye5ee258b7c38.2ibveg.c4.kafka.ap-south-1.amazonaws.com
*.scram2.canarye5ee258b7c38.2ibveg.c4.kafka.ap-south-1.amazonaws.com
*.tls.canarye5ee258b7c38.2ibveg.c4.kafka.ap-south-1.amazonaws.com
*.tls2.canarye5ee258b7c38.2ibveg.c4.kafka.ap-south-1.amazonaws.com
alt.canary.s3.us-west-2.vpce.amazonaws.com
canary.s3.us-west-2.vpce.amazonaws.com
*.ap-south-2.es.amazonaws.com
njixcsu2cu5ygvz4i3iz5cy7xq.ap-south-2.es.amazonaws.com
*.ap-south-1.es.amazonaws.com
bluqsrdrxitmaqyuwaht76zb6y.ap-south-1.es.amazonaws.com
webmail.ggunlockserver.com
blablacar.www.pay.pay.sberbank.jgjlvozon.mvid3eo.bahisnow.info
www.blablacar.www.pay.pay.sberbank.jgjlvozon.mvid3eo.bahisnow.info
ricardosimoesademicon.com.br.adsgator.com.br
www.ricardosimoesademicon.com.br.adsgator.com.br
www.bkittumehandi.com.ajaymehandiart.in
uk-competitions-api.services.prod.affiliate.occloud.io
uk-whoscored-data-api.services.prod.affiliate.occloud.io
portal.app.app.ww.ww.pensive-gould.13-68-225-194.plesk.page
www.www.app.portal.kjsdghshsh.ennlive.org
www.beeflowered.com.smartbroadband.co.uk
www.drvictorcastrooliden.com.drnicanorrodriguez.com
*.282716-coinbase.com
282716-coinbase.com
www.www.wcqtbpbpbokhltn12ptb8qg.arclaysoffshoresservice.com.dns.freedyndns.org
blablacar.www.pay.pay.sberbank.jgjlvozon.mvid3eo.bahisnow.info
www.blablacar.www.pay.pay.sberbank.jgjlvozon.mvid3eo.bahisnow.info
n0.bm81lnl1.combank.sber.wuopgouaid5q9ti.booking.engmtt.ru
www.n0.bm81lnl1.combank.sber.wuopgouaid5q9ti.booking.engmtt.ru
www.www.www.dewheritagetrustbonline.com.dns.freedyndns.org
www.portal.portal.eriughgiru.ennlive.org
www.app.portal.portal.www.app.www.forms.archersettlement.com
wwwdifftykys5.creditunion.blog.in.150013.ecn.support.innfinite.co.uk
www.www.www.www.com8ig.wwwnbgonlines.com.dns.freedyndns.org
www.www.www.cru6278khlti5fft9c0g.wwwheritagetrustbonline.com.dns.freedyndns.org
shop.support.new.auth.fr.partick.insightandsound.co.uk
certstories.test.netflix.net
*.gateway.link-test.manage.online.dev.tabint.net
www.drvictorcastrooliden.com.drnicanorrodriguez.com
pochta.www.pochtabank.ozon.home.vod3um.online
unlocked-cell-phones.smartphonesi.com
e2e-2025-01-06-003848-83151562-8e03-46-204399059495-api.asia-east1.sourcemanager.dev
e2e-2025-01-06-003848-83151562-8e03-46-204399059495-git.asia-east1.sourcemanager.dev
e2e-2025-01-06-003848-83151562-8e03-46-204399059495.asia-east1.sourcemanager.dev
google-docs.xoq.vkc.mybluehost.me
www.google-docs.xoq.vkc.mybluehost.me
rprnr-dedicated-esc-01052033.unique.management.azure-api.net
rprnr-dedicated-esc-01052033.unique.portal.azure-api.net
www.cutiegirlscloset.com.hirelv.com
portal.pay.ld9llxsrfgur36w.privods.com
www.portal.pay.ld9llxsrfgur36w.privods.com
portal.git.cpcontacts.eadandradinww.pegas21.ru
www.portal.git.cpcontacts.eadandradinww.pegas21.ru
www.imperialars.com.vinayakcreation.com
*.ssdstone-github-io.pages.dev
ssdstone-github-io.pages.dev
twitterbot.snip.ly
*.google-006.tk
google-006.tk
chatshopper.com.comunidadonline.net
www.chatshopper.com.comunidadonline.net
www.fashioncatshow.com.mdo88.biz
www.104-248-114-136.178-20-253-214.cprapid.com
www.r2ztech.com.agnichakra.com
waws-prod-bn1-7debe9d7.ftp.p.azurewebsites.windows.net
waws-prod-bn1-7debe9d7.publish.p.azurewebsites.windows.net
*.microsoft.4a626804-e423-4453-acf1-b2fa11a8abe2.com.admin-mcas-df.ms
*.microsoft.4a626804-e423-4453-acf1-b2fa11a8abe2.com.admin-mcas.ms
*.microsoft.4a626804-e423-4453-acf1-b2fa11a8abe2.com.mcas-df.ms
*.microsoft.4a626804-e423-4453-acf1-b2fa11a8abe2.com.mcas.ms
*.presence.skype.com
presence.skype.com
*.geo.redis.cache.windows.net
*.geo.redis.cache.windows.net
*.z79.graphql.fabric.microsoft-int.com
*.z79.w.api.fabric.microsoft-int.com
auto-s871070vi7-pbi-kv-HttpsZone79.z79.w.api.fabric.microsoft-int.com
*.3e.tenant.api.powerplatform.com.admin-mcas-df.ms
*.3e.tenant.api.powerplatform.com.admin-mcas.ms
*.3e.tenant.api.powerplatform.com.mcas-df.ms
*.3e.tenant.api.powerplatform.com.mcas.ms
*.geo.redis.cache.windows.net
*.zd8.graphql.fabric.microsoft-int.com
*.zd8.w.api.fabric.microsoft-int.com
auto-s871070vi7-pbi-kv-HttpsZoned8.zd8.w.api.fabric.microsoft-int.com
waws-prod-ln1-1e6f4f2e.api.p.azurewebsites.windows.net
*.geo.redis.cache.windows.net
*.canary60080cadb7a5.c7zyci.c6.kafka.us-west-2.amazonaws.com
*.iam.canary60080cadb7a5.c7zyci.c6.kafka.us-west-2.amazonaws.com
*.iam2.canary60080cadb7a5.c7zyci.c6.kafka.us-west-2.amazonaws.com
*.scram.canary60080cadb7a5.c7zyci.c6.kafka.us-west-2.amazonaws.com
*.scram2.canary60080cadb7a5.c7zyci.c6.kafka.us-west-2.amazonaws.com
*.tls.canary60080cadb7a5.c7zyci.c6.kafka.us-west-2.amazonaws.com
*.tls2.canary60080cadb7a5.c7zyci.c6.kafka.us-west-2.amazonaws.com
mr6z7rjpercpw.mrap.accesspoint.s3-global.amazonaws.com
*.eu-south-2.es.amazonaws.com
j5bytsiiihptc5dyml2lojh2pi.eu-south-2.es.amazonaws.com
*.canary22f9e3cc1198.8yum4b.c3.kafka.cn-north-1.amazonaws.com.cn
*.iam.canary22f9e3cc1198.8yum4b.c3.kafka.cn-north-1.amazonaws.com.cn
*.iam2.canary22f9e3cc1198.8yum4b.c3.kafka.cn-north-1.amazonaws.com.cn
*.scram.canary22f9e3cc1198.8yum4b.c3.kafka.cn-north-1.amazonaws.com.cn
*.scram2.canary22f9e3cc1198.8yum4b.c3.kafka.cn-north-1.amazonaws.com.cn
*.tls.canary22f9e3cc1198.8yum4b.c3.kafka.cn-north-1.amazonaws.com.cn
*.tls2.canary22f9e3cc1198.8yum4b.c3.kafka.cn-north-1.amazonaws.com.cn
*.accesspoint.vpce-02ade043dbd5aac14-m7n947ed-af-south-1a.s3.af-south-1.vpce.amazonaws.com
*.accesspoint.vpce-02ade043dbd5aac14-m7n947ed-af-south-1b.s3.af-south-1.vpce.amazonaws.com
*.accesspoint.vpce-02ade043dbd5aac14-m7n947ed-af-south-1c.s3.af-south-1.vpce.amazonaws.com
*.accesspoint.vpce-02ade043dbd5aac14-m7n947ed.s3.af-south-1.vpce.amazonaws.com
*.bucket.vpce-02ade043dbd5aac14-m7n947ed-af-south-1a.s3.af-south-1.vpce.amazonaws.com
*.bucket.vpce-02ade043dbd5aac14-m7n947ed-af-south-1b.s3.af-south-1.vpce.amazonaws.com
*.bucket.vpce-02ade043dbd5aac14-m7n947ed-af-south-1c.s3.af-south-1.vpce.amazonaws.com
*.bucket.vpce-02ade043dbd5aac14-m7n947ed.s3.af-south-1.vpce.amazonaws.com
*.control.vpce-02ade043dbd5aac14-m7n947ed-af-south-1a.s3.af-south-1.vpce.amazonaws.com
*.control.vpce-02ade043dbd5aac14-m7n947ed-af-south-1b.s3.af-south-1.vpce.amazonaws.com
*.control.vpce-02ade043dbd5aac14-m7n947ed-af-south-1c.s3.af-south-1.vpce.amazonaws.com
*.control.vpce-02ade043dbd5aac14-m7n947ed.s3.af-south-1.vpce.amazonaws.com
*.s3-accesspoint.af-south-1.amazonaws.com
*.s3-control.af-south-1.amazonaws.com
*.s3.af-south-1.amazonaws.com
bucket.vpce-02ade043dbd5aac14-m7n947ed-af-south-1a.s3.af-south-1.vpce.amazonaws.com
bucket.vpce-02ade043dbd5aac14-m7n947ed-af-south-1b.s3.af-south-1.vpce.amazonaws.com
bucket.vpce-02ade043dbd5aac14-m7n947ed-af-south-1c.s3.af-south-1.vpce.amazonaws.com
bucket.vpce-02ade043dbd5aac14-m7n947ed.s3.af-south-1.vpce.amazonaws.com
s3.af-south-1.amazonaws.com
alt.canary.s3.ca-west-1.vpce.amazonaws.com
canary.s3.ca-west-1.vpce.amazonaws.com
*.canary4b804c579d7.sgryqd.c2.kafka.ap-northeast-3.amazonaws.com
*.iam.canary4b804c579d7.sgryqd.c2.kafka.ap-northeast-3.amazonaws.com
*.iam2.canary4b804c579d7.sgryqd.c2.kafka.ap-northeast-3.amazonaws.com
*.scram.canary4b804c579d7.sgryqd.c2.kafka.ap-northeast-3.amazonaws.com
*.scram2.canary4b804c579d7.sgryqd.c2.kafka.ap-northeast-3.amazonaws.com
*.tls.canary4b804c579d7.sgryqd.c2.kafka.ap-northeast-3.amazonaws.com
*.tls2.canary4b804c579d7.sgryqd.c2.kafka.ap-northeast-3.amazonaws.com
*.canary4f3f8710b4ce.06vgbk.c1.kafka.ap-south-1.amazonaws.com
*.iam.canary4f3f8710b4ce.06vgbk.c1.kafka.ap-south-1.amazonaws.com
*.iam2.canary4f3f8710b4ce.06vgbk.c1.kafka.ap-south-1.amazonaws.com
*.scram.canary4f3f8710b4ce.06vgbk.c1.kafka.ap-south-1.amazonaws.com
*.scram2.canary4f3f8710b4ce.06vgbk.c1.kafka.ap-south-1.amazonaws.com
*.tls.canary4f3f8710b4ce.06vgbk.c1.kafka.ap-south-1.amazonaws.com
*.tls2.canary4f3f8710b4ce.06vgbk.c1.kafka.ap-south-1.amazonaws.com
*.canaryf77af2fd7511.h9iyj7.c1.kafka.ca-central-1.amazonaws.com
*.iam.canaryf77af2fd7511.h9iyj7.c1.kafka.ca-central-1.amazonaws.com
*.iam2.canaryf77af2fd7511.h9iyj7.c1.kafka.ca-central-1.amazonaws.com
*.scram.canaryf77af2fd7511.h9iyj7.c1.kafka.ca-central-1.amazonaws.com
*.scram2.canaryf77af2fd7511.h9iyj7.c1.kafka.ca-central-1.amazonaws.com
*.tls.canaryf77af2fd7511.h9iyj7.c1.kafka.ca-central-1.amazonaws.com
*.tls2.canaryf77af2fd7511.h9iyj7.c1.kafka.ca-central-1.amazonaws.com
portal.www.lovecalli.w.my.ilbet.org
www.portal.www.lovecalli.w.my.ilbet.org
portal.www.lovecalli.w.my.ilbet.org
www.portal.www.lovecalli.w.my.ilbet.org
alt.canary.s3.us-west-2.vpce.amazonaws.com
canary.s3.us-west-2.vpce.amazonaws.com
*.canary25f03d33b3d5.zrrtvm.c1.kafka.me-central-1.amazonaws.com
*.iam.canary25f03d33b3d5.zrrtvm.c1.kafka.me-central-1.amazonaws.com
*.iam2.canary25f03d33b3d5.zrrtvm.c1.kafka.me-central-1.amazonaws.com
*.scram.canary25f03d33b3d5.zrrtvm.c1.kafka.me-central-1.amazonaws.com
*.scram2.canary25f03d33b3d5.zrrtvm.c1.kafka.me-central-1.amazonaws.com
*.tls.canary25f03d33b3d5.zrrtvm.c1.kafka.me-central-1.amazonaws.com
*.tls2.canary25f03d33b3d5.zrrtvm.c1.kafka.me-central-1.amazonaws.com
*.canarye0741cd1deb1.6of4zj.c2.kafka.eu-south-1.amazonaws.com
*.iam.canarye0741cd1deb1.6of4zj.c2.kafka.eu-south-1.amazonaws.com
*.iam2.canarye0741cd1deb1.6of4zj.c2.kafka.eu-south-1.amazonaws.com
*.scram.canarye0741cd1deb1.6of4zj.c2.kafka.eu-south-1.amazonaws.com
*.scram2.canarye0741cd1deb1.6of4zj.c2.kafka.eu-south-1.amazonaws.com
*.tls.canarye0741cd1deb1.6of4zj.c2.kafka.eu-south-1.amazonaws.com
*.tls2.canarye0741cd1deb1.6of4zj.c2.kafka.eu-south-1.amazonaws.com
*.canary950ba8fe54d8.bzh5lb.c3.kafka.af-south-1.amazonaws.com
*.iam.canary950ba8fe54d8.bzh5lb.c3.kafka.af-south-1.amazonaws.com
*.iam2.canary950ba8fe54d8.bzh5lb.c3.kafka.af-south-1.amazonaws.com
*.scram.canary950ba8fe54d8.bzh5lb.c3.kafka.af-south-1.amazonaws.com
*.scram2.canary950ba8fe54d8.bzh5lb.c3.kafka.af-south-1.amazonaws.com
*.tls.canary950ba8fe54d8.bzh5lb.c3.kafka.af-south-1.amazonaws.com
*.tls2.canary950ba8fe54d8.bzh5lb.c3.kafka.af-south-1.amazonaws.com
*.canaryf67dec464352.560vb0.c3.kafka.cn-north-1.amazonaws.com.cn
*.iam.canaryf67dec464352.560vb0.c3.kafka.cn-north-1.amazonaws.com.cn
*.iam2.canaryf67dec464352.560vb0.c3.kafka.cn-north-1.amazonaws.com.cn
*.scram.canaryf67dec464352.560vb0.c3.kafka.cn-north-1.amazonaws.com.cn
*.scram2.canaryf67dec464352.560vb0.c3.kafka.cn-north-1.amazonaws.com.cn
*.tls.canaryf67dec464352.560vb0.c3.kafka.cn-north-1.amazonaws.com.cn
*.tls2.canaryf67dec464352.560vb0.c3.kafka.cn-north-1.amazonaws.com.cn
*.canary70044e2ebda2.d3zeux.c2.kafka.cn-north-1.amazonaws.com.cn
*.iam.canary70044e2ebda2.d3zeux.c2.kafka.cn-north-1.amazonaws.com.cn
*.iam2.canary70044e2ebda2.d3zeux.c2.kafka.cn-north-1.amazonaws.com.cn
*.scram.canary70044e2ebda2.d3zeux.c2.kafka.cn-north-1.amazonaws.com.cn
*.scram2.canary70044e2ebda2.d3zeux.c2.kafka.cn-north-1.amazonaws.com.cn
*.tls.canary70044e2ebda2.d3zeux.c2.kafka.cn-north-1.amazonaws.com.cn
*.tls2.canary70044e2ebda2.d3zeux.c2.kafka.cn-north-1.amazonaws.com.cn
vai-0ba6aefd8de6380d4.ava.eu-central-1.amazonaws.com
*.af-south-1.es.amazonaws.com
4lzebcbj3sh2kzhc5qsjumadnm.af-south-1.es.amazonaws.com
*.af-south-1.es.amazonaws.com
ftl72slh2yaow2lcp7ji5hr7ie.af-south-1.es.amazonaws.com
*.us-west-2.es.amazonaws.com
h5h736cbgeoywjvemfurrdgndq.us-west-2.es.amazonaws.com
*.af-south-1.es.amazonaws.com
u7by7rwhhr7u66d3gabhxrxbbm.af-south-1.es.amazonaws.com
*.configcanaryec8f5ae92b.iv3ee3.c4.kafka.us-east-2.amazonaws.com
*.iam.configcanaryec8f5ae92b.iv3ee3.c4.kafka.us-east-2.amazonaws.com
*.iam2.configcanaryec8f5ae92b.iv3ee3.c4.kafka.us-east-2.amazonaws.com
*.scram.configcanaryec8f5ae92b.iv3ee3.c4.kafka.us-east-2.amazonaws.com
*.scram2.configcanaryec8f5ae92b.iv3ee3.c4.kafka.us-east-2.amazonaws.com
*.tls.configcanaryec8f5ae92b.iv3ee3.c4.kafka.us-east-2.amazonaws.com
*.tls2.configcanaryec8f5ae92b.iv3ee3.c4.kafka.us-east-2.amazonaws.com
vai-01080ea1e6efa0069.ava.eu-south-1.amazonaws.com
mi-p4u6kt2xh3py6.f7c7fbcde9ef.database.windows.net
*.canary4979251ff82.8tx23f.c2.kafka.ap-southeast-5.amazonaws.com
*.iam.canary4979251ff82.8tx23f.c2.kafka.ap-southeast-5.amazonaws.com
*.iam2.canary4979251ff82.8tx23f.c2.kafka.ap-southeast-5.amazonaws.com
*.scram.canary4979251ff82.8tx23f.c2.kafka.ap-southeast-5.amazonaws.com
*.scram2.canary4979251ff82.8tx23f.c2.kafka.ap-southeast-5.amazonaws.com
*.tls.canary4979251ff82.8tx23f.c2.kafka.ap-southeast-5.amazonaws.com
*.tls2.canary4979251ff82.8tx23f.c2.kafka.ap-southeast-5.amazonaws.com
vai-0ff1df5f6901bd0b1.ava.sa-east-1.amazonaws.com
*.ap-south-1.es.amazonaws.com
asj3cifgylys36uwomcwvlhyji.ap-south-1.es.amazonaws.com
vai-082b3a642896ced64.ava.ap-northeast-2.amazonaws.com
*.canary008c5fd143d0.lmz8pf.c1.kafka.eu-south-2.amazonaws.com
*.iam.canary008c5fd143d0.lmz8pf.c1.kafka.eu-south-2.amazonaws.com
*.iam2.canary008c5fd143d0.lmz8pf.c1.kafka.eu-south-2.amazonaws.com
*.scram.canary008c5fd143d0.lmz8pf.c1.kafka.eu-south-2.amazonaws.com
*.scram2.canary008c5fd143d0.lmz8pf.c1.kafka.eu-south-2.amazonaws.com
*.tls.canary008c5fd143d0.lmz8pf.c1.kafka.eu-south-2.amazonaws.com
*.tls2.canary008c5fd143d0.lmz8pf.c1.kafka.eu-south-2.amazonaws.com
*.eu-west-1.es.amazonaws.com
2lbmaqucgkf57kpqnpvlnplliq.eu-west-1.es.amazonaws.com
*.eu-west-1.es.amazonaws.com
l6thnnnzyexg6eg2x4s4czr5um.eu-west-1.es.amazonaws.com
vai-0be793acd1e25356f.ava.eu-north-1.amazonaws.com
*.eu-west-1.es.amazonaws.com
c6azmd4bjpmpbur6eorjscpoza.eu-west-1.es.amazonaws.com
*.canary9eed55d7483b.7kapmi.c2.kafka.ap-south-1.amazonaws.com
*.iam.canary9eed55d7483b.7kapmi.c2.kafka.ap-south-1.amazonaws.com
*.iam2.canary9eed55d7483b.7kapmi.c2.kafka.ap-south-1.amazonaws.com
*.scram.canary9eed55d7483b.7kapmi.c2.kafka.ap-south-1.amazonaws.com
*.scram2.canary9eed55d7483b.7kapmi.c2.kafka.ap-south-1.amazonaws.com
*.tls.canary9eed55d7483b.7kapmi.c2.kafka.ap-south-1.amazonaws.com
*.tls2.canary9eed55d7483b.7kapmi.c2.kafka.ap-south-1.amazonaws.com
*.eu-west-1.es.amazonaws.com
y6ont7kivjjpvkqv3bebv7jbke.eu-west-1.es.amazonaws.com
hotfix-pl-email-update-service.legalstart.fr
*.accesspoint.vpce-04d616742cc0a602c-3cknappn-cn-north-1a.s3.cn-north-1.vpce.amazonaws.com.cn
*.accesspoint.vpce-04d616742cc0a602c-3cknappn-cn-north-1b.s3.cn-north-1.vpce.amazonaws.com.cn
*.accesspoint.vpce-04d616742cc0a602c-3cknappn-cn-north-1c.s3.cn-north-1.vpce.amazonaws.com.cn
*.accesspoint.vpce-04d616742cc0a602c-3cknappn-cn-north-1d.s3.cn-north-1.vpce.amazonaws.com.cn
*.accesspoint.vpce-04d616742cc0a602c-3cknappn.s3.cn-north-1.vpce.amazonaws.com.cn
*.bucket.vpce-04d616742cc0a602c-3cknappn-cn-north-1a.s3.cn-north-1.vpce.amazonaws.com.cn
*.bucket.vpce-04d616742cc0a602c-3cknappn-cn-north-1b.s3.cn-north-1.vpce.amazonaws.com.cn
*.bucket.vpce-04d616742cc0a602c-3cknappn-cn-north-1c.s3.cn-north-1.vpce.amazonaws.com.cn
*.bucket.vpce-04d616742cc0a602c-3cknappn-cn-north-1d.s3.cn-north-1.vpce.amazonaws.com.cn
*.bucket.vpce-04d616742cc0a602c-3cknappn.s3.cn-north-1.vpce.amazonaws.com.cn
*.control.vpce-04d616742cc0a602c-3cknappn-cn-north-1a.s3.cn-north-1.vpce.amazonaws.com.cn
*.control.vpce-04d616742cc0a602c-3cknappn-cn-north-1b.s3.cn-north-1.vpce.amazonaws.com.cn
*.control.vpce-04d616742cc0a602c-3cknappn-cn-north-1c.s3.cn-north-1.vpce.amazonaws.com.cn
*.control.vpce-04d616742cc0a602c-3cknappn-cn-north-1d.s3.cn-north-1.vpce.amazonaws.com.cn
*.control.vpce-04d616742cc0a602c-3cknappn.s3.cn-north-1.vpce.amazonaws.com.cn
*.s3-accesspoint.cn-north-1.amazonaws.com.cn
*.s3-control.cn-north-1.amazonaws.com.cn
*.s3.cn-north-1.amazonaws.com.cn
bucket.vpce-04d616742cc0a602c-3cknappn-cn-north-1a.s3.cn-north-1.vpce.amazonaws.com.cn
bucket.vpce-04d616742cc0a602c-3cknappn-cn-north-1b.s3.cn-north-1.vpce.amazonaws.com.cn
bucket.vpce-04d616742cc0a602c-3cknappn-cn-north-1c.s3.cn-north-1.vpce.amazonaws.com.cn
bucket.vpce-04d616742cc0a602c-3cknappn-cn-north-1d.s3.cn-north-1.vpce.amazonaws.com.cn
bucket.vpce-04d616742cc0a602c-3cknappn.s3.cn-north-1.vpce.amazonaws.com.cn
s3.cn-north-1.amazonaws.com.cn
vai-046c160980550c21b.ava.ap-northeast-1.amazonaws.com
*.accesspoint.vpce-05890e164baf45881-3nx5mod3-ca-central-1a.s3.ca-central-1.vpce.amazonaws.com
*.accesspoint.vpce-05890e164baf45881-3nx5mod3-ca-central-1b.s3.ca-central-1.vpce.amazonaws.com
*.accesspoint.vpce-05890e164baf45881-3nx5mod3-ca-central-1c.s3.ca-central-1.vpce.amazonaws.com
*.accesspoint.vpce-05890e164baf45881-3nx5mod3-ca-central-1d.s3.ca-central-1.vpce.amazonaws.com
*.accesspoint.vpce-05890e164baf45881-3nx5mod3.s3.ca-central-1.vpce.amazonaws.com
*.bucket.vpce-05890e164baf45881-3nx5mod3-ca-central-1a.s3.ca-central-1.vpce.amazonaws.com
*.bucket.vpce-05890e164baf45881-3nx5mod3-ca-central-1b.s3.ca-central-1.vpce.amazonaws.com
*.bucket.vpce-05890e164baf45881-3nx5mod3-ca-central-1c.s3.ca-central-1.vpce.amazonaws.com
*.bucket.vpce-05890e164baf45881-3nx5mod3-ca-central-1d.s3.ca-central-1.vpce.amazonaws.com
*.bucket.vpce-05890e164baf45881-3nx5mod3.s3.ca-central-1.vpce.amazonaws.com
*.control.vpce-05890e164baf45881-3nx5mod3-ca-central-1a.s3.ca-central-1.vpce.amazonaws.com
*.control.vpce-05890e164baf45881-3nx5mod3-ca-central-1b.s3.ca-central-1.vpce.amazonaws.com
*.control.vpce-05890e164baf45881-3nx5mod3-ca-central-1c.s3.ca-central-1.vpce.amazonaws.com
*.control.vpce-05890e164baf45881-3nx5mod3-ca-central-1d.s3.ca-central-1.vpce.amazonaws.com
*.control.vpce-05890e164baf45881-3nx5mod3.s3.ca-central-1.vpce.amazonaws.com
*.s3-accesspoint.ca-central-1.amazonaws.com
*.s3-control.ca-central-1.amazonaws.com
*.s3.ca-central-1.amazonaws.com
bucket.vpce-05890e164baf45881-3nx5mod3-ca-central-1a.s3.ca-central-1.vpce.amazonaws.com
bucket.vpce-05890e164baf45881-3nx5mod3-ca-central-1b.s3.ca-central-1.vpce.amazonaws.com
bucket.vpce-05890e164baf45881-3nx5mod3-ca-central-1c.s3.ca-central-1.vpce.amazonaws.com
bucket.vpce-05890e164baf45881-3nx5mod3-ca-central-1d.s3.ca-central-1.vpce.amazonaws.com
bucket.vpce-05890e164baf45881-3nx5mod3.s3.ca-central-1.vpce.amazonaws.com
s3.ca-central-1.amazonaws.com
*.eu-south-2.es.amazonaws.com
we3tnbcd5vdel6wytgbhzyghf4.eu-south-2.es.amazonaws.com
*.canarye6078d39a9f.dktru9.c2.kafka.ap-northeast-2.amazonaws.com
*.iam.canarye6078d39a9f.dktru9.c2.kafka.ap-northeast-2.amazonaws.com
*.iam2.canarye6078d39a9f.dktru9.c2.kafka.ap-northeast-2.amazonaws.com
*.scram.canarye6078d39a9f.dktru9.c2.kafka.ap-northeast-2.amazonaws.com
*.scram2.canarye6078d39a9f.dktru9.c2.kafka.ap-northeast-2.amazonaws.com
*.tls.canarye6078d39a9f.dktru9.c2.kafka.ap-northeast-2.amazonaws.com
*.tls2.canarye6078d39a9f.dktru9.c2.kafka.ap-northeast-2.amazonaws.com
*.eu-west-2.es.amazonaws.com
rmkrkaz7faedw4qitekqest73u.eu-west-2.es.amazonaws.com
*.canarya7473ae759f5.ce0a20.c4.kafka.ap-south-1.amazonaws.com
*.iam.canarya7473ae759f5.ce0a20.c4.kafka.ap-south-1.amazonaws.com
*.iam2.canarya7473ae759f5.ce0a20.c4.kafka.ap-south-1.amazonaws.com
*.scram.canarya7473ae759f5.ce0a20.c4.kafka.ap-south-1.amazonaws.com
*.scram2.canarya7473ae759f5.ce0a20.c4.kafka.ap-south-1.amazonaws.com
*.tls.canarya7473ae759f5.ce0a20.c4.kafka.ap-south-1.amazonaws.com
*.tls2.canarya7473ae759f5.ce0a20.c4.kafka.ap-south-1.amazonaws.com
*.canary6990de759a87.pcr1iz.c1.kafka.ap-south-2.amazonaws.com
*.iam.canary6990de759a87.pcr1iz.c1.kafka.ap-south-2.amazonaws.com
*.iam2.canary6990de759a87.pcr1iz.c1.kafka.ap-south-2.amazonaws.com
*.scram.canary6990de759a87.pcr1iz.c1.kafka.ap-south-2.amazonaws.com
*.scram2.canary6990de759a87.pcr1iz.c1.kafka.ap-south-2.amazonaws.com
*.tls.canary6990de759a87.pcr1iz.c1.kafka.ap-south-2.amazonaws.com
*.tls2.canary6990de759a87.pcr1iz.c1.kafka.ap-south-2.amazonaws.com
*.iam.pocmsk250106.paarkf.c2.kafka.ap-northeast-2.amazonaws.com
*.iam2.pocmsk250106.paarkf.c2.kafka.ap-northeast-2.amazonaws.com
*.pocmsk250106.paarkf.c2.kafka.ap-northeast-2.amazonaws.com
*.scram.pocmsk250106.paarkf.c2.kafka.ap-northeast-2.amazonaws.com
*.scram2.pocmsk250106.paarkf.c2.kafka.ap-northeast-2.amazonaws.com
*.tls.pocmsk250106.paarkf.c2.kafka.ap-northeast-2.amazonaws.com
*.tls2.pocmsk250106.paarkf.c2.kafka.ap-northeast-2.amazonaws.com
*.accesspoint.vpce-03dcfb9c30013d223-0ymtajje-eu-central-1a.s3.eu-central-1.vpce.amazonaws.com
*.accesspoint.vpce-03dcfb9c30013d223-0ymtajje-eu-central-1b.s3.eu-central-1.vpce.amazonaws.com
*.accesspoint.vpce-03dcfb9c30013d223-0ymtajje-eu-central-1c.s3.eu-central-1.vpce.amazonaws.com
*.accesspoint.vpce-03dcfb9c30013d223-0ymtajje.s3.eu-central-1.vpce.amazonaws.com
*.bucket.vpce-03dcfb9c30013d223-0ymtajje-eu-central-1a.s3.eu-central-1.vpce.amazonaws.com
*.bucket.vpce-03dcfb9c30013d223-0ymtajje-eu-central-1b.s3.eu-central-1.vpce.amazonaws.com
*.bucket.vpce-03dcfb9c30013d223-0ymtajje-eu-central-1c.s3.eu-central-1.vpce.amazonaws.com
*.bucket.vpce-03dcfb9c30013d223-0ymtajje.s3.eu-central-1.vpce.amazonaws.com
*.control.vpce-03dcfb9c30013d223-0ymtajje-eu-central-1a.s3.eu-central-1.vpce.amazonaws.com
*.control.vpce-03dcfb9c30013d223-0ymtajje-eu-central-1b.s3.eu-central-1.vpce.amazonaws.com
*.control.vpce-03dcfb9c30013d223-0ymtajje-eu-central-1c.s3.eu-central-1.vpce.amazonaws.com
*.control.vpce-03dcfb9c30013d223-0ymtajje.s3.eu-central-1.vpce.amazonaws.com
*.s3-accesspoint.eu-central-1.amazonaws.com
*.s3-control.eu-central-1.amazonaws.com
*.s3.eu-central-1.amazonaws.com
bucket.vpce-03dcfb9c30013d223-0ymtajje-eu-central-1a.s3.eu-central-1.vpce.amazonaws.com
bucket.vpce-03dcfb9c30013d223-0ymtajje-eu-central-1b.s3.eu-central-1.vpce.amazonaws.com
bucket.vpce-03dcfb9c30013d223-0ymtajje-eu-central-1c.s3.eu-central-1.vpce.amazonaws.com
bucket.vpce-03dcfb9c30013d223-0ymtajje.s3.eu-central-1.vpce.amazonaws.com
s3.eu-central-1.amazonaws.com
*.cf.hana-tooling-validation.ingress.orchestration.eas-164-aws-orc-hc-ci.ci-aws.hanacloud.ondemand.com
*.cf.hana-tooling.ingress.orchestration.eas-164-aws-orc-hc-ci.ci-aws.hanacloud.ondemand.com
*.hana-tooling-validation.ingress.orchestration.eas-164-aws-orc-hc-ci.ci-aws.hanacloud.ondemand.com
*.hana-tooling.ingress.orchestration.eas-164-aws-orc-hc-ci.ci-aws.hanacloud.ondemand.com
*.canaryce6da09e474.mnpckj.c2.kafka.ap-northeast-2.amazonaws.com
*.iam.canaryce6da09e474.mnpckj.c2.kafka.ap-northeast-2.amazonaws.com
*.iam2.canaryce6da09e474.mnpckj.c2.kafka.ap-northeast-2.amazonaws.com
*.scram.canaryce6da09e474.mnpckj.c2.kafka.ap-northeast-2.amazonaws.com
*.scram2.canaryce6da09e474.mnpckj.c2.kafka.ap-northeast-2.amazonaws.com
*.tls.canaryce6da09e474.mnpckj.c2.kafka.ap-northeast-2.amazonaws.com
*.tls2.canaryce6da09e474.mnpckj.c2.kafka.ap-northeast-2.amazonaws.com
*.canary329ad064e7b0.49io7s.c2.kafka.us-gov-west-1.amazonaws.com
*.iam.canary329ad064e7b0.49io7s.c2.kafka.us-gov-west-1.amazonaws.com
*.iam2.canary329ad064e7b0.49io7s.c2.kafka.us-gov-west-1.amazonaws.com
*.scram.canary329ad064e7b0.49io7s.c2.kafka.us-gov-west-1.amazonaws.com
*.scram2.canary329ad064e7b0.49io7s.c2.kafka.us-gov-west-1.amazonaws.com
*.tls.canary329ad064e7b0.49io7s.c2.kafka.us-gov-west-1.amazonaws.com
*.tls2.canary329ad064e7b0.49io7s.c2.kafka.us-gov-west-1.amazonaws.com
*.accesspoint.vpce-0b53bc736720c2f2e-s0mnfwbf-us-west-2a.s3.us-west-2.vpce.amazonaws.com
*.accesspoint.vpce-0b53bc736720c2f2e-s0mnfwbf-us-west-2b.s3.us-west-2.vpce.amazonaws.com
*.accesspoint.vpce-0b53bc736720c2f2e-s0mnfwbf-us-west-2c.s3.us-west-2.vpce.amazonaws.com
*.accesspoint.vpce-0b53bc736720c2f2e-s0mnfwbf-us-west-2d.s3.us-west-2.vpce.amazonaws.com
*.accesspoint.vpce-0b53bc736720c2f2e-s0mnfwbf.s3.us-west-2.vpce.amazonaws.com
*.bucket.vpce-0b53bc736720c2f2e-s0mnfwbf-us-west-2a.s3.us-west-2.vpce.amazonaws.com
*.bucket.vpce-0b53bc736720c2f2e-s0mnfwbf-us-west-2b.s3.us-west-2.vpce.amazonaws.com
*.bucket.vpce-0b53bc736720c2f2e-s0mnfwbf-us-west-2c.s3.us-west-2.vpce.amazonaws.com
*.bucket.vpce-0b53bc736720c2f2e-s0mnfwbf-us-west-2d.s3.us-west-2.vpce.amazonaws.com
*.bucket.vpce-0b53bc736720c2f2e-s0mnfwbf.s3.us-west-2.vpce.amazonaws.com
*.control.vpce-0b53bc736720c2f2e-s0mnfwbf-us-west-2a.s3.us-west-2.vpce.amazonaws.com
*.control.vpce-0b53bc736720c2f2e-s0mnfwbf-us-west-2b.s3.us-west-2.vpce.amazonaws.com
*.control.vpce-0b53bc736720c2f2e-s0mnfwbf-us-west-2c.s3.us-west-2.vpce.amazonaws.com
*.control.vpce-0b53bc736720c2f2e-s0mnfwbf-us-west-2d.s3.us-west-2.vpce.amazonaws.com
*.control.vpce-0b53bc736720c2f2e-s0mnfwbf.s3.us-west-2.vpce.amazonaws.com
*.s3-accesspoint.us-west-2.amazonaws.com
*.s3-control.us-west-2.amazonaws.com
*.s3.us-west-2.amazonaws.com
bucket.vpce-0b53bc736720c2f2e-s0mnfwbf-us-west-2a.s3.us-west-2.vpce.amazonaws.com
bucket.vpce-0b53bc736720c2f2e-s0mnfwbf-us-west-2b.s3.us-west-2.vpce.amazonaws.com
bucket.vpce-0b53bc736720c2f2e-s0mnfwbf-us-west-2c.s3.us-west-2.vpce.amazonaws.com
bucket.vpce-0b53bc736720c2f2e-s0mnfwbf-us-west-2d.s3.us-west-2.vpce.amazonaws.com
bucket.vpce-0b53bc736720c2f2e-s0mnfwbf.s3.us-west-2.vpce.amazonaws.com
s3.us-west-2.amazonaws.com
rprnr-dedicated-mxc-01052034.unique.management.azure-api.net
rprnr-dedicated-mxc-01052034.unique.portal.azure-api.net
www.ayiwan.com.makanpedassi.xyz
www.clapfomos.com.makanpedassi.xyz
www.desacloud.com.makanpedassi.xyz
www.evennachang.com.makanpedassi.xyz
www.funcrowdz.com.makanpedassi.xyz
www.kembarjayaprecastbeton.com.makanpedassi.xyz
www.morfalingua.com.makanpedassi.xyz
www.tahulaut.com.makanpedassi.xyz
www.toyotaareatangerang.com.makanpedassi.xyz
www.tuahkreasi.com.makanpedassi.xyz
awt-api-access.dev-wallet.pfh-in.com
0i64k4j9w7f6w4hpxk2bs0ogv4qzslejvavhfvdvwarr018qdgf2gmbg3ea72zi.smtp.mail.cpanel.securewellsf.duckdns.org
www.academiavalis.com.lawtechcr.com
offerstore-aircapi.commerce.microsoft.com
test.microsoftpki.net
portal.classroom.noredink.172.93.104.11.backname.io
www.www.www.ww.oinagecb.com.dns.freedyndns.org
www.www.www.yorsfwww.www.ezecom.ourtimesupport.com
portal.www.ulvqrhdthtportal.234cde3d.nip.io
test.microsoftpki.net
www.portal.www.www.www.portal.ortal.forms.archersettlement.com
new.avito.webmail.yandex.hosportalsblumebod3.ecn.support.innfinite.co.uk
test.microsoftpki.net
test.microsoftpki.net
portal.www.www.www.portal.www.www.forms.archersettlement.com
test.microsoftpki.net
portal.edmodo.fliwizer.172.93.104.11.backname.io
certstories.test.netflix.net
www.nexuswisesolutions.com.ndovucloud.org
e2e-2025-01-06-084621-5e0ae753-60348106040-api.us-central1.autopush.sourcemanager.dev
e2e-2025-01-06-084621-5e0ae753-60348106040-git.us-central1.autopush.sourcemanager.dev
e2e-2025-01-06-084621-5e0ae753-60348106040.us-central1.autopush.sourcemanager.dev
www.www.www.www.www.go-relogin-facebook.com.konimbo.co.il
www.www.www.www.www.go-relogin-facebook.com.konimbo.co.il
www.portal.www.secure.skbiditoi.lat
gfsc-db-aaportal-dev-8fb2413f.postgres.database.azure.com
waws-prod-bn1-7debe9d7.api.p.azurewebsites.windows.net
*.geo.redis.cache.windows.net
*.spaces-collector-nick-updated-july-24.pages.dev
spaces-collector-nick-updated-july-24.pages.dev
*.spaces-collector-nick-updated-july-24.pages.dev
spaces-collector-nick-updated-july-24.pages.dev
*.geo.redis.cache.windows.net
app.www.portal.app.portal.www.234cde3d.nip.io
*.canary52fdf26ce4a3.okth32.c3.kafka.ap-east-1.amazonaws.com
*.iam.canary52fdf26ce4a3.okth32.c3.kafka.ap-east-1.amazonaws.com
*.iam2.canary52fdf26ce4a3.okth32.c3.kafka.ap-east-1.amazonaws.com
*.scram.canary52fdf26ce4a3.okth32.c3.kafka.ap-east-1.amazonaws.com
*.scram2.canary52fdf26ce4a3.okth32.c3.kafka.ap-east-1.amazonaws.com
*.tls.canary52fdf26ce4a3.okth32.c3.kafka.ap-east-1.amazonaws.com
*.tls2.canary52fdf26ce4a3.okth32.c3.kafka.ap-east-1.amazonaws.com
*.canary9e13baa63d21.gs3u40.c3.kafka.ap-south-1.amazonaws.com
*.iam.canary9e13baa63d21.gs3u40.c3.kafka.ap-south-1.amazonaws.com
*.iam2.canary9e13baa63d21.gs3u40.c3.kafka.ap-south-1.amazonaws.com
*.scram.canary9e13baa63d21.gs3u40.c3.kafka.ap-south-1.amazonaws.com
*.scram2.canary9e13baa63d21.gs3u40.c3.kafka.ap-south-1.amazonaws.com
*.tls.canary9e13baa63d21.gs3u40.c3.kafka.ap-south-1.amazonaws.com
*.tls2.canary9e13baa63d21.gs3u40.c3.kafka.ap-south-1.amazonaws.com
*.canaryf6c9e7e0eb3b.5aluue.c4.kafka.sa-east-1.amazonaws.com
*.iam.canaryf6c9e7e0eb3b.5aluue.c4.kafka.sa-east-1.amazonaws.com
*.iam2.canaryf6c9e7e0eb3b.5aluue.c4.kafka.sa-east-1.amazonaws.com
*.scram.canaryf6c9e7e0eb3b.5aluue.c4.kafka.sa-east-1.amazonaws.com
*.scram2.canaryf6c9e7e0eb3b.5aluue.c4.kafka.sa-east-1.amazonaws.com
*.tls.canaryf6c9e7e0eb3b.5aluue.c4.kafka.sa-east-1.amazonaws.com
*.tls2.canaryf6c9e7e0eb3b.5aluue.c4.kafka.sa-east-1.amazonaws.com
*.configcanarya0eff0f.34w183.c3.kafka.eu-central-1.amazonaws.com
*.iam.configcanarya0eff0f.34w183.c3.kafka.eu-central-1.amazonaws.com
*.iam2.configcanarya0eff0f.34w183.c3.kafka.eu-central-1.amazonaws.com
*.scram.configcanarya0eff0f.34w183.c3.kafka.eu-central-1.amazonaws.com
*.scram2.configcanarya0eff0f.34w183.c3.kafka.eu-central-1.amazonaws.com
*.tls.configcanarya0eff0f.34w183.c3.kafka.eu-central-1.amazonaws.com
*.tls2.configcanarya0eff0f.34w183.c3.kafka.eu-central-1.amazonaws.com
*.canary168a167661d6.0joqqu.c3.kafka.eu-central-1.amazonaws.com
*.iam.canary168a167661d6.0joqqu.c3.kafka.eu-central-1.amazonaws.com
*.iam2.canary168a167661d6.0joqqu.c3.kafka.eu-central-1.amazonaws.com
*.scram.canary168a167661d6.0joqqu.c3.kafka.eu-central-1.amazonaws.com
*.scram2.canary168a167661d6.0joqqu.c3.kafka.eu-central-1.amazonaws.com
*.tls.canary168a167661d6.0joqqu.c3.kafka.eu-central-1.amazonaws.com
*.tls2.canary168a167661d6.0joqqu.c3.kafka.eu-central-1.amazonaws.com
alt.canary.s3.us-east-1.vpce.amazonaws.com
canary.s3.us-east-1.vpce.amazonaws.com
deploy-delete-app-4.deploy-delete-test-s5cnxf1.us-west-2.forgeapps.ec2.aws.dev
r53lbr.deploy-delete-app-4.deploy-delete-test-s5cnxf1.forgeapps.ec2.aws.dev
mp-di-webservice-elb-prod-us-east-1.mpaba50.eas.morningstar.com
test.microsoftpki.net
test.microsoftpki.net
test.microsoftpki.net
le-2183.default.purchase.cluster.relaxdays.on-rcs.com
purchase-pricing-backend-miniomlflow.default.purchase.cluster.relaxdays.on-rcs.com
www.claritykennels.com.dogalog.ca
outlook.deutscheoper.de
*.ag-6d57c1e.goats.shoot.live.k8s-hana.ondemand.com
*.geo.redis.cache.windows.net
www.ferianajeradecor.com.muebledenajera.com
www.khabaryug.com.techradheradhe.com
*.geo.redis.cache.windows.net
waws-prod-ln1-b555eec6.api.p.azurewebsites.windows.net
*.credentialingexcellence.org.admin-mcas-df.ms
*.credentialingexcellence.org.admin-mcas.ms
*.credentialingexcellence.org.mcas-df.ms
*.credentialingexcellence.org.mcas.ms
*.zf9.graphql.fabric.microsoft-int.com
*.zf9.w.api.fabric.microsoft-int.com
auto-s871070vi7-pbi-kv-HttpsZonef9.zf9.w.api.fabric.microsoft-int.com
*.zd8.graphql.fabric.microsoft-int.com
*.zd8.w.api.fabric.microsoft-int.com
auto-s871070vi7-pbi-kv-HttpsZoned8.zd8.w.api.fabric.microsoft-int.com
*.z99.graphql.fabric.microsoft-int.com
*.z99.w.api.fabric.microsoft-int.com
auto-s871070vi7-pbi-kv-HttpsZone99.z99.w.api.fabric.microsoft-int.com
*.zb9.graphql.fabric.microsoft-int.com
*.zb9.w.api.fabric.microsoft-int.com
auto-s871070vi7-pbi-kv-HttpsZoneb9.zb9.w.api.fabric.microsoft-int.com
waws-prod-ln1-1e6f4f2e.api.p.azurewebsites.windows.net
*.geo.redis.cache.windows.net
*.play6-google6-com.unblocked.is
*.docs5-google5-com.unblocked.is
*.play6-google6-com.unblocked.is
*.docs5-google5-com.unblocked.is
www.booneraye.com.bravedigitalph.com
www.booneraye.com.bravedigitalph.com
www.apoteksukamandi.com.makanpedassi.xyz
www.baniibnuabbas.com.makanpedassi.xyz
www.bantalfotopekanbaru.com.makanpedassi.xyz
www.butuhlaptop.com.makanpedassi.xyz
www.cirengabah.com.makanpedassi.xyz
www.diajengmaya.com.makanpedassi.xyz
www.indohcf.com.makanpedassi.xyz
www.malangmelintang.com.makanpedassi.xyz
www.osakabrother.com.makanpedassi.xyz
www.pridefitnessindonesia.com.makanpedassi.xyz
www.siappro.com.makanpedassi.xyz
*.accesspoint.vpce-062cd61df5acff72a-dw6mqwnp-eu-north-1a.s3.eu-north-1.vpce.amazonaws.com
*.accesspoint.vpce-062cd61df5acff72a-dw6mqwnp-eu-north-1b.s3.eu-north-1.vpce.amazonaws.com
*.accesspoint.vpce-062cd61df5acff72a-dw6mqwnp-eu-north-1c.s3.eu-north-1.vpce.amazonaws.com
*.accesspoint.vpce-062cd61df5acff72a-dw6mqwnp.s3.eu-north-1.vpce.amazonaws.com
*.bucket.vpce-062cd61df5acff72a-dw6mqwnp-eu-north-1a.s3.eu-north-1.vpce.amazonaws.com
*.bucket.vpce-062cd61df5acff72a-dw6mqwnp-eu-north-1b.s3.eu-north-1.vpce.amazonaws.com
*.bucket.vpce-062cd61df5acff72a-dw6mqwnp-eu-north-1c.s3.eu-north-1.vpce.amazonaws.com
*.bucket.vpce-062cd61df5acff72a-dw6mqwnp.s3.eu-north-1.vpce.amazonaws.com
*.control.vpce-062cd61df5acff72a-dw6mqwnp-eu-north-1a.s3.eu-north-1.vpce.amazonaws.com
*.control.vpce-062cd61df5acff72a-dw6mqwnp-eu-north-1b.s3.eu-north-1.vpce.amazonaws.com
*.control.vpce-062cd61df5acff72a-dw6mqwnp-eu-north-1c.s3.eu-north-1.vpce.amazonaws.com
*.control.vpce-062cd61df5acff72a-dw6mqwnp.s3.eu-north-1.vpce.amazonaws.com
*.s3-accesspoint.eu-north-1.amazonaws.com
*.s3-control.eu-north-1.amazonaws.com
*.s3.eu-north-1.amazonaws.com
bucket.vpce-062cd61df5acff72a-dw6mqwnp-eu-north-1a.s3.eu-north-1.vpce.amazonaws.com
bucket.vpce-062cd61df5acff72a-dw6mqwnp-eu-north-1b.s3.eu-north-1.vpce.amazonaws.com
bucket.vpce-062cd61df5acff72a-dw6mqwnp-eu-north-1c.s3.eu-north-1.vpce.amazonaws.com
bucket.vpce-062cd61df5acff72a-dw6mqwnp.s3.eu-north-1.vpce.amazonaws.com
s3.eu-north-1.amazonaws.com
*.eu-west-1.es.amazonaws.com
eunro3gc7dajywzkf37bmqxk4u.eu-west-1.es.amazonaws.com
*.canary08b78c9c6392.fsrizf.c3.kafka.eu-south-1.amazonaws.com
*.iam.canary08b78c9c6392.fsrizf.c3.kafka.eu-south-1.amazonaws.com
*.iam2.canary08b78c9c6392.fsrizf.c3.kafka.eu-south-1.amazonaws.com
*.scram.canary08b78c9c6392.fsrizf.c3.kafka.eu-south-1.amazonaws.com
*.scram2.canary08b78c9c6392.fsrizf.c3.kafka.eu-south-1.amazonaws.com
*.tls.canary08b78c9c6392.fsrizf.c3.kafka.eu-south-1.amazonaws.com
*.tls2.canary08b78c9c6392.fsrizf.c3.kafka.eu-south-1.amazonaws.com
*.accesspoint.vpce-0d30e67447dc30dd1-46ckwdqn-il-central-1a.s3.il-central-1.vpce.amazonaws.com
*.accesspoint.vpce-0d30e67447dc30dd1-46ckwdqn-il-central-1b.s3.il-central-1.vpce.amazonaws.com
*.accesspoint.vpce-0d30e67447dc30dd1-46ckwdqn-il-central-1c.s3.il-central-1.vpce.amazonaws.com
*.accesspoint.vpce-0d30e67447dc30dd1-46ckwdqn.s3.il-central-1.vpce.amazonaws.com
*.bucket.vpce-0d30e67447dc30dd1-46ckwdqn-il-central-1a.s3.il-central-1.vpce.amazonaws.com
*.bucket.vpce-0d30e67447dc30dd1-46ckwdqn-il-central-1b.s3.il-central-1.vpce.amazonaws.com
*.bucket.vpce-0d30e67447dc30dd1-46ckwdqn-il-central-1c.s3.il-central-1.vpce.amazonaws.com
*.bucket.vpce-0d30e67447dc30dd1-46ckwdqn.s3.il-central-1.vpce.amazonaws.com
*.control.vpce-0d30e67447dc30dd1-46ckwdqn-il-central-1a.s3.il-central-1.vpce.amazonaws.com
*.control.vpce-0d30e67447dc30dd1-46ckwdqn-il-central-1b.s3.il-central-1.vpce.amazonaws.com
*.control.vpce-0d30e67447dc30dd1-46ckwdqn-il-central-1c.s3.il-central-1.vpce.amazonaws.com
*.control.vpce-0d30e67447dc30dd1-46ckwdqn.s3.il-central-1.vpce.amazonaws.com
*.s3-accesspoint.il-central-1.amazonaws.com
*.s3-control.il-central-1.amazonaws.com
*.s3.il-central-1.amazonaws.com
bucket.vpce-0d30e67447dc30dd1-46ckwdqn-il-central-1a.s3.il-central-1.vpce.amazonaws.com
bucket.vpce-0d30e67447dc30dd1-46ckwdqn-il-central-1b.s3.il-central-1.vpce.amazonaws.com
bucket.vpce-0d30e67447dc30dd1-46ckwdqn-il-central-1c.s3.il-central-1.vpce.amazonaws.com
bucket.vpce-0d30e67447dc30dd1-46ckwdqn.s3.il-central-1.vpce.amazonaws.com
s3.il-central-1.amazonaws.com
*.accesspoint.vpce-08006f44c6ac1a0e8-r570fol5-eu-south-1a.s3.eu-south-1.vpce.amazonaws.com
*.accesspoint.vpce-08006f44c6ac1a0e8-r570fol5-eu-south-1b.s3.eu-south-1.vpce.amazonaws.com
*.accesspoint.vpce-08006f44c6ac1a0e8-r570fol5-eu-south-1c.s3.eu-south-1.vpce.amazonaws.com
*.accesspoint.vpce-08006f44c6ac1a0e8-r570fol5.s3.eu-south-1.vpce.amazonaws.com
*.bucket.vpce-08006f44c6ac1a0e8-r570fol5-eu-south-1a.s3.eu-south-1.vpce.amazonaws.com
*.bucket.vpce-08006f44c6ac1a0e8-r570fol5-eu-south-1b.s3.eu-south-1.vpce.amazonaws.com
*.bucket.vpce-08006f44c6ac1a0e8-r570fol5-eu-south-1c.s3.eu-south-1.vpce.amazonaws.com
*.bucket.vpce-08006f44c6ac1a0e8-r570fol5.s3.eu-south-1.vpce.amazonaws.com
*.control.vpce-08006f44c6ac1a0e8-r570fol5-eu-south-1a.s3.eu-south-1.vpce.amazonaws.com
*.control.vpce-08006f44c6ac1a0e8-r570fol5-eu-south-1b.s3.eu-south-1.vpce.amazonaws.com
*.control.vpce-08006f44c6ac1a0e8-r570fol5-eu-south-1c.s3.eu-south-1.vpce.amazonaws.com
*.control.vpce-08006f44c6ac1a0e8-r570fol5.s3.eu-south-1.vpce.amazonaws.com
*.s3-accesspoint.eu-south-1.amazonaws.com
*.s3-control.eu-south-1.amazonaws.com
*.s3.eu-south-1.amazonaws.com
bucket.vpce-08006f44c6ac1a0e8-r570fol5-eu-south-1a.s3.eu-south-1.vpce.amazonaws.com
bucket.vpce-08006f44c6ac1a0e8-r570fol5-eu-south-1b.s3.eu-south-1.vpce.amazonaws.com
bucket.vpce-08006f44c6ac1a0e8-r570fol5-eu-south-1c.s3.eu-south-1.vpce.amazonaws.com
bucket.vpce-08006f44c6ac1a0e8-r570fol5.s3.eu-south-1.vpce.amazonaws.com
s3.eu-south-1.amazonaws.com
*.canary9455a15a316.b8viof.c4.kafka.ap-southeast-2.amazonaws.com
*.iam.canary9455a15a316.b8viof.c4.kafka.ap-southeast-2.amazonaws.com
*.iam2.canary9455a15a316.b8viof.c4.kafka.ap-southeast-2.amazonaws.com
*.scram.canary9455a15a316.b8viof.c4.kafka.ap-southeast-2.amazonaws.com
*.scram2.canary9455a15a316.b8viof.c4.kafka.ap-southeast-2.amazonaws.com
*.tls.canary9455a15a316.b8viof.c4.kafka.ap-southeast-2.amazonaws.com
*.tls2.canary9455a15a316.b8viof.c4.kafka.ap-southeast-2.amazonaws.com
www.sumojay.com.jayshree.co
cast.netflix.com
*.ap-south-1.es.amazonaws.com
bkssh32gv5jt4zmwmpnuwro7ve.ap-south-1.es.amazonaws.com
canary-s3ccp.mrap.accesspoint.s3-global.amazonaws.com
vai-0f1e5b466981d592c.ava.ap-southeast-1.amazonaws.com
*.eu-west-1.es.amazonaws.com
sw75as6iba5fifpsgei5yvhyxq.eu-west-1.es.amazonaws.com
*.us-west-2.es.amazonaws.com
abe3f4zqcmk6gqa56uuhwj5yaa.us-west-2.es.amazonaws.com
*.configcanary7361474734.iguws0.c3.kafka.us-west-2.amazonaws.com
*.iam.configcanary7361474734.iguws0.c3.kafka.us-west-2.amazonaws.com
*.iam2.configcanary7361474734.iguws0.c3.kafka.us-west-2.amazonaws.com
*.scram.configcanary7361474734.iguws0.c3.kafka.us-west-2.amazonaws.com
*.scram2.configcanary7361474734.iguws0.c3.kafka.us-west-2.amazonaws.com
*.tls.configcanary7361474734.iguws0.c3.kafka.us-west-2.amazonaws.com
*.tls2.configcanary7361474734.iguws0.c3.kafka.us-west-2.amazonaws.com
*.eu-west-1.es.amazonaws.com
soejd2e3fliypct6grjbmwgxsa.eu-west-1.es.amazonaws.com
*.canary23fa148f83f2.7e47nv.c2.kafka.eu-south-1.amazonaws.com
*.iam.canary23fa148f83f2.7e47nv.c2.kafka.eu-south-1.amazonaws.com
*.iam2.canary23fa148f83f2.7e47nv.c2.kafka.eu-south-1.amazonaws.com
*.scram.canary23fa148f83f2.7e47nv.c2.kafka.eu-south-1.amazonaws.com
*.scram2.canary23fa148f83f2.7e47nv.c2.kafka.eu-south-1.amazonaws.com
*.tls.canary23fa148f83f2.7e47nv.c2.kafka.eu-south-1.amazonaws.com
*.tls2.canary23fa148f83f2.7e47nv.c2.kafka.eu-south-1.amazonaws.com
*.accesspoint.vpce-0417efb33858da485-i5h02dqu-ap-south-2a.s3.ap-south-2.vpce.amazonaws.com
*.accesspoint.vpce-0417efb33858da485-i5h02dqu-ap-south-2b.s3.ap-south-2.vpce.amazonaws.com
*.accesspoint.vpce-0417efb33858da485-i5h02dqu-ap-south-2c.s3.ap-south-2.vpce.amazonaws.com
*.accesspoint.vpce-0417efb33858da485-i5h02dqu.s3.ap-south-2.vpce.amazonaws.com
*.bucket.vpce-0417efb33858da485-i5h02dqu-ap-south-2a.s3.ap-south-2.vpce.amazonaws.com
*.bucket.vpce-0417efb33858da485-i5h02dqu-ap-south-2b.s3.ap-south-2.vpce.amazonaws.com
*.bucket.vpce-0417efb33858da485-i5h02dqu-ap-south-2c.s3.ap-south-2.vpce.amazonaws.com
*.bucket.vpce-0417efb33858da485-i5h02dqu.s3.ap-south-2.vpce.amazonaws.com
*.control.vpce-0417efb33858da485-i5h02dqu-ap-south-2a.s3.ap-south-2.vpce.amazonaws.com
*.control.vpce-0417efb33858da485-i5h02dqu-ap-south-2b.s3.ap-south-2.vpce.amazonaws.com
*.control.vpce-0417efb33858da485-i5h02dqu-ap-south-2c.s3.ap-south-2.vpce.amazonaws.com
*.control.vpce-0417efb33858da485-i5h02dqu.s3.ap-south-2.vpce.amazonaws.com
*.s3-accesspoint.ap-south-2.amazonaws.com
*.s3-control.ap-south-2.amazonaws.com
*.s3.ap-south-2.amazonaws.com
bucket.vpce-0417efb33858da485-i5h02dqu-ap-south-2a.s3.ap-south-2.vpce.amazonaws.com
bucket.vpce-0417efb33858da485-i5h02dqu-ap-south-2b.s3.ap-south-2.vpce.amazonaws.com
bucket.vpce-0417efb33858da485-i5h02dqu-ap-south-2c.s3.ap-south-2.vpce.amazonaws.com
bucket.vpce-0417efb33858da485-i5h02dqu.s3.ap-south-2.vpce.amazonaws.com
s3.ap-south-2.amazonaws.com
*.ap-south-1.es.amazonaws.com
jhtfyayjujw37kxr4idji2t34m.ap-south-1.es.amazonaws.com
*.3e.tenant.api.powerplatform.com.admin-mcas-df.ms
*.3e.tenant.api.powerplatform.com.admin-mcas.ms
*.3e.tenant.api.powerplatform.com.mcas-df.ms
*.3e.tenant.api.powerplatform.com.mcas.ms
aqc-api-gateway-2.unique.management.azure-api.net
aqc-api-gateway-2.unique.portal.azure-api.net
psql-ctp-lnl-ah-open-api-idp-prd-weeu-01-7466a7a4.postgres.database.azure.com
*.zf9.graphql.fabric.microsoft-int.com
*.zf9.w.api.fabric.microsoft-int.com
auto-s871070vi7-pbi-kv-HttpsZonef9.zf9.w.api.fabric.microsoft-int.com
*.geo.redis.cache.windows.net
waws-prod-ln1-b555eec6.api.p.azurewebsites.windows.net
waws-prod-ln1-1e6f4f2e.api.p.azurewebsites.windows.net
*.geo.redis.cache.windows.net
*.canaryd28a4c6f425.zqmivy.c2.kafka.ap-northeast-1.amazonaws.com
*.iam.canaryd28a4c6f425.zqmivy.c2.kafka.ap-northeast-1.amazonaws.com
*.iam2.canaryd28a4c6f425.zqmivy.c2.kafka.ap-northeast-1.amazonaws.com
*.scram.canaryd28a4c6f425.zqmivy.c2.kafka.ap-northeast-1.amazonaws.com
*.scram2.canaryd28a4c6f425.zqmivy.c2.kafka.ap-northeast-1.amazonaws.com
*.tls.canaryd28a4c6f425.zqmivy.c2.kafka.ap-northeast-1.amazonaws.com
*.tls2.canaryd28a4c6f425.zqmivy.c2.kafka.ap-northeast-1.amazonaws.com
*.eu-west-1.es.amazonaws.com
sw75as6iba5fifpsgei5yvhyxq.eu-west-1.es.amazonaws.com
www.contactnumberspk.com.kslogisticsdubai.com
*.geo.redis.cache.windows.net
apim-big-pac-test-01.unique.management.azure-api.net
apim-big-pac-test-01.unique.portal.azure-api.net
*.eu-west-1.es.amazonaws.com
tdparvcvepumnmiwupqb6qj4dy.eu-west-1.es.amazonaws.com
vai-04f775bc0e7216f98.ava.ap-south-1.amazonaws.com
*.canary402dbf6cc85b.q10m5n.c4.kafka.us-east-2.amazonaws.com
*.iam.canary402dbf6cc85b.q10m5n.c4.kafka.us-east-2.amazonaws.com
*.iam2.canary402dbf6cc85b.q10m5n.c4.kafka.us-east-2.amazonaws.com
*.scram.canary402dbf6cc85b.q10m5n.c4.kafka.us-east-2.amazonaws.com
*.scram2.canary402dbf6cc85b.q10m5n.c4.kafka.us-east-2.amazonaws.com
*.tls.canary402dbf6cc85b.q10m5n.c4.kafka.us-east-2.amazonaws.com
*.tls2.canary402dbf6cc85b.q10m5n.c4.kafka.us-east-2.amazonaws.com
*.iam.rapidtrainmsk.uildg0.c3.kafka.us-east-2.amazonaws.com
*.iam2.rapidtrainmsk.uildg0.c3.kafka.us-east-2.amazonaws.com
*.rapidtrainmsk.uildg0.c3.kafka.us-east-2.amazonaws.com
*.scram.rapidtrainmsk.uildg0.c3.kafka.us-east-2.amazonaws.com
*.scram2.rapidtrainmsk.uildg0.c3.kafka.us-east-2.amazonaws.com
*.tls.rapidtrainmsk.uildg0.c3.kafka.us-east-2.amazonaws.com
*.tls2.rapidtrainmsk.uildg0.c3.kafka.us-east-2.amazonaws.com
*.canary23fa148f83f2.7e47nv.c2.kafka.eu-south-1.amazonaws.com
*.iam.canary23fa148f83f2.7e47nv.c2.kafka.eu-south-1.amazonaws.com
*.iam2.canary23fa148f83f2.7e47nv.c2.kafka.eu-south-1.amazonaws.com
*.scram.canary23fa148f83f2.7e47nv.c2.kafka.eu-south-1.amazonaws.com
*.scram2.canary23fa148f83f2.7e47nv.c2.kafka.eu-south-1.amazonaws.com
*.tls.canary23fa148f83f2.7e47nv.c2.kafka.eu-south-1.amazonaws.com
*.tls2.canary23fa148f83f2.7e47nv.c2.kafka.eu-south-1.amazonaws.com
*.ap-south-1.es.amazonaws.com
u6h6ldp6evuqqnnner5wcgrpgm.ap-south-1.es.amazonaws.com
*.accesspoint.vpce-0d30e67447dc30dd1-46ckwdqn-il-central-1a.s3.il-central-1.vpce.amazonaws.com
*.accesspoint.vpce-0d30e67447dc30dd1-46ckwdqn-il-central-1b.s3.il-central-1.vpce.amazonaws.com
*.accesspoint.vpce-0d30e67447dc30dd1-46ckwdqn-il-central-1c.s3.il-central-1.vpce.amazonaws.com
*.accesspoint.vpce-0d30e67447dc30dd1-46ckwdqn.s3.il-central-1.vpce.amazonaws.com
*.bucket.vpce-0d30e67447dc30dd1-46ckwdqn-il-central-1a.s3.il-central-1.vpce.amazonaws.com
*.bucket.vpce-0d30e67447dc30dd1-46ckwdqn-il-central-1b.s3.il-central-1.vpce.amazonaws.com
*.bucket.vpce-0d30e67447dc30dd1-46ckwdqn-il-central-1c.s3.il-central-1.vpce.amazonaws.com
*.bucket.vpce-0d30e67447dc30dd1-46ckwdqn.s3.il-central-1.vpce.amazonaws.com
*.control.vpce-0d30e67447dc30dd1-46ckwdqn-il-central-1a.s3.il-central-1.vpce.amazonaws.com
*.control.vpce-0d30e67447dc30dd1-46ckwdqn-il-central-1b.s3.il-central-1.vpce.amazonaws.com
*.control.vpce-0d30e67447dc30dd1-46ckwdqn-il-central-1c.s3.il-central-1.vpce.amazonaws.com
*.control.vpce-0d30e67447dc30dd1-46ckwdqn.s3.il-central-1.vpce.amazonaws.com
*.s3-accesspoint.il-central-1.amazonaws.com
*.s3-control.il-central-1.amazonaws.com
*.s3.il-central-1.amazonaws.com
bucket.vpce-0d30e67447dc30dd1-46ckwdqn-il-central-1a.s3.il-central-1.vpce.amazonaws.com
bucket.vpce-0d30e67447dc30dd1-46ckwdqn-il-central-1b.s3.il-central-1.vpce.amazonaws.com
bucket.vpce-0d30e67447dc30dd1-46ckwdqn-il-central-1c.s3.il-central-1.vpce.amazonaws.com
bucket.vpce-0d30e67447dc30dd1-46ckwdqn.s3.il-central-1.vpce.amazonaws.com
s3.il-central-1.amazonaws.com
*.ap-south-1.es.amazonaws.com
jhtfyayjujw37kxr4idji2t34m.ap-south-1.es.amazonaws.com
*.accesspoint.vpce-0417efb33858da485-i5h02dqu-ap-south-2a.s3.ap-south-2.vpce.amazonaws.com
*.accesspoint.vpce-0417efb33858da485-i5h02dqu-ap-south-2b.s3.ap-south-2.vpce.amazonaws.com
*.accesspoint.vpce-0417efb33858da485-i5h02dqu-ap-south-2c.s3.ap-south-2.vpce.amazonaws.com
*.accesspoint.vpce-0417efb33858da485-i5h02dqu.s3.ap-south-2.vpce.amazonaws.com
*.bucket.vpce-0417efb33858da485-i5h02dqu-ap-south-2a.s3.ap-south-2.vpce.amazonaws.com
*.bucket.vpce-0417efb33858da485-i5h02dqu-ap-south-2b.s3.ap-south-2.vpce.amazonaws.com
*.bucket.vpce-0417efb33858da485-i5h02dqu-ap-south-2c.s3.ap-south-2.vpce.amazonaws.com
*.bucket.vpce-0417efb33858da485-i5h02dqu.s3.ap-south-2.vpce.amazonaws.com
*.control.vpce-0417efb33858da485-i5h02dqu-ap-south-2a.s3.ap-south-2.vpce.amazonaws.com
*.control.vpce-0417efb33858da485-i5h02dqu-ap-south-2b.s3.ap-south-2.vpce.amazonaws.com
*.control.vpce-0417efb33858da485-i5h02dqu-ap-south-2c.s3.ap-south-2.vpce.amazonaws.com
*.control.vpce-0417efb33858da485-i5h02dqu.s3.ap-south-2.vpce.amazonaws.com
*.s3-accesspoint.ap-south-2.amazonaws.com
*.s3-control.ap-south-2.amazonaws.com
*.s3.ap-south-2.amazonaws.com
bucket.vpce-0417efb33858da485-i5h02dqu-ap-south-2a.s3.ap-south-2.vpce.amazonaws.com
bucket.vpce-0417efb33858da485-i5h02dqu-ap-south-2b.s3.ap-south-2.vpce.amazonaws.com
bucket.vpce-0417efb33858da485-i5h02dqu-ap-south-2c.s3.ap-south-2.vpce.amazonaws.com
bucket.vpce-0417efb33858da485-i5h02dqu.s3.ap-south-2.vpce.amazonaws.com
s3.ap-south-2.amazonaws.com
*.accesspoint.vpce-09f58df5a6ed2f17c-c1fcbw6c-ap-south-1a.s3.ap-south-1.vpce.amazonaws.com
*.accesspoint.vpce-09f58df5a6ed2f17c-c1fcbw6c-ap-south-1b.s3.ap-south-1.vpce.amazonaws.com
*.accesspoint.vpce-09f58df5a6ed2f17c-c1fcbw6c-ap-south-1c.s3.ap-south-1.vpce.amazonaws.com
*.accesspoint.vpce-09f58df5a6ed2f17c-c1fcbw6c.s3.ap-south-1.vpce.amazonaws.com
*.bucket.vpce-09f58df5a6ed2f17c-c1fcbw6c-ap-south-1a.s3.ap-south-1.vpce.amazonaws.com
*.bucket.vpce-09f58df5a6ed2f17c-c1fcbw6c-ap-south-1b.s3.ap-south-1.vpce.amazonaws.com
*.bucket.vpce-09f58df5a6ed2f17c-c1fcbw6c-ap-south-1c.s3.ap-south-1.vpce.amazonaws.com
*.bucket.vpce-09f58df5a6ed2f17c-c1fcbw6c.s3.ap-south-1.vpce.amazonaws.com
*.control.vpce-09f58df5a6ed2f17c-c1fcbw6c-ap-south-1a.s3.ap-south-1.vpce.amazonaws.com
*.control.vpce-09f58df5a6ed2f17c-c1fcbw6c-ap-south-1b.s3.ap-south-1.vpce.amazonaws.com
*.control.vpce-09f58df5a6ed2f17c-c1fcbw6c-ap-south-1c.s3.ap-south-1.vpce.amazonaws.com
*.control.vpce-09f58df5a6ed2f17c-c1fcbw6c.s3.ap-south-1.vpce.amazonaws.com
*.s3-accesspoint.ap-south-1.amazonaws.com
*.s3-control.ap-south-1.amazonaws.com
*.s3.ap-south-1.amazonaws.com
bucket.vpce-09f58df5a6ed2f17c-c1fcbw6c-ap-south-1a.s3.ap-south-1.vpce.amazonaws.com
bucket.vpce-09f58df5a6ed2f17c-c1fcbw6c-ap-south-1b.s3.ap-south-1.vpce.amazonaws.com
bucket.vpce-09f58df5a6ed2f17c-c1fcbw6c-ap-south-1c.s3.ap-south-1.vpce.amazonaws.com
bucket.vpce-09f58df5a6ed2f17c-c1fcbw6c.s3.ap-south-1.vpce.amazonaws.com
s3.ap-south-1.amazonaws.com
*.zd8.graphql.fabric.microsoft-int.com
*.zd8.w.api.fabric.microsoft-int.com
auto-s871070vi7-pbi-kv-HttpsZoned8.zd8.w.api.fabric.microsoft-int.com
*.z99.graphql.fabric.microsoft-int.com
*.z99.w.api.fabric.microsoft-int.com
auto-s871070vi7-pbi-kv-HttpsZone99.z99.w.api.fabric.microsoft-int.com
*.zb9.graphql.fabric.microsoft-int.com
*.zb9.w.api.fabric.microsoft-int.com
auto-s871070vi7-pbi-kv-HttpsZoneb9.zb9.w.api.fabric.microsoft-int.com
*.credentialingexcellence.org.admin-mcas-df.ms
*.credentialingexcellence.org.admin-mcas.ms
*.credentialingexcellence.org.mcas-df.ms
*.credentialingexcellence.org.mcas.ms
*.geo.redis.cache.windows.net
www.imperialars.com.vinayakcreation.com
intranet.spaceamazones.com
*.ap-southeast-3.es.amazonaws.com
45d76cyzawfoq2hnohbukccqsy.ap-southeast-3.es.amazonaws.com
*.canaryc903d352b8ae.icz2o7.c3.kafka.us-west-1.amazonaws.com
*.iam.canaryc903d352b8ae.icz2o7.c3.kafka.us-west-1.amazonaws.com
*.iam2.canaryc903d352b8ae.icz2o7.c3.kafka.us-west-1.amazonaws.com
*.scram.canaryc903d352b8ae.icz2o7.c3.kafka.us-west-1.amazonaws.com
*.scram2.canaryc903d352b8ae.icz2o7.c3.kafka.us-west-1.amazonaws.com
*.tls.canaryc903d352b8ae.icz2o7.c3.kafka.us-west-1.amazonaws.com
*.tls2.canaryc903d352b8ae.icz2o7.c3.kafka.us-west-1.amazonaws.com
vmail.bantanart.com
vai-0f1e5b466981d592c.ava.ap-southeast-1.amazonaws.com
*.accesspoint.vpce-08006f44c6ac1a0e8-r570fol5-eu-south-1a.s3.eu-south-1.vpce.amazonaws.com
*.accesspoint.vpce-08006f44c6ac1a0e8-r570fol5-eu-south-1b.s3.eu-south-1.vpce.amazonaws.com
*.accesspoint.vpce-08006f44c6ac1a0e8-r570fol5-eu-south-1c.s3.eu-south-1.vpce.amazonaws.com
*.accesspoint.vpce-08006f44c6ac1a0e8-r570fol5.s3.eu-south-1.vpce.amazonaws.com
*.bucket.vpce-08006f44c6ac1a0e8-r570fol5-eu-south-1a.s3.eu-south-1.vpce.amazonaws.com
*.bucket.vpce-08006f44c6ac1a0e8-r570fol5-eu-south-1b.s3.eu-south-1.vpce.amazonaws.com
*.bucket.vpce-08006f44c6ac1a0e8-r570fol5-eu-south-1c.s3.eu-south-1.vpce.amazonaws.com
*.bucket.vpce-08006f44c6ac1a0e8-r570fol5.s3.eu-south-1.vpce.amazonaws.com
*.control.vpce-08006f44c6ac1a0e8-r570fol5-eu-south-1a.s3.eu-south-1.vpce.amazonaws.com
*.control.vpce-08006f44c6ac1a0e8-r570fol5-eu-south-1b.s3.eu-south-1.vpce.amazonaws.com
*.control.vpce-08006f44c6ac1a0e8-r570fol5-eu-south-1c.s3.eu-south-1.vpce.amazonaws.com
*.control.vpce-08006f44c6ac1a0e8-r570fol5.s3.eu-south-1.vpce.amazonaws.com
*.s3-accesspoint.eu-south-1.amazonaws.com
*.s3-control.eu-south-1.amazonaws.com
*.s3.eu-south-1.amazonaws.com
bucket.vpce-08006f44c6ac1a0e8-r570fol5-eu-south-1a.s3.eu-south-1.vpce.amazonaws.com
bucket.vpce-08006f44c6ac1a0e8-r570fol5-eu-south-1b.s3.eu-south-1.vpce.amazonaws.com
bucket.vpce-08006f44c6ac1a0e8-r570fol5-eu-south-1c.s3.eu-south-1.vpce.amazonaws.com
bucket.vpce-08006f44c6ac1a0e8-r570fol5.s3.eu-south-1.vpce.amazonaws.com
s3.eu-south-1.amazonaws.com
*.accesspoint.vpce-062cd61df5acff72a-dw6mqwnp-eu-north-1a.s3.eu-north-1.vpce.amazonaws.com
*.accesspoint.vpce-062cd61df5acff72a-dw6mqwnp-eu-north-1b.s3.eu-north-1.vpce.amazonaws.com
*.accesspoint.vpce-062cd61df5acff72a-dw6mqwnp-eu-north-1c.s3.eu-north-1.vpce.amazonaws.com
*.accesspoint.vpce-062cd61df5acff72a-dw6mqwnp.s3.eu-north-1.vpce.amazonaws.com
*.bucket.vpce-062cd61df5acff72a-dw6mqwnp-eu-north-1a.s3.eu-north-1.vpce.amazonaws.com
*.bucket.vpce-062cd61df5acff72a-dw6mqwnp-eu-north-1b.s3.eu-north-1.vpce.amazonaws.com
*.bucket.vpce-062cd61df5acff72a-dw6mqwnp-eu-north-1c.s3.eu-north-1.vpce.amazonaws.com
*.bucket.vpce-062cd61df5acff72a-dw6mqwnp.s3.eu-north-1.vpce.amazonaws.com
*.control.vpce-062cd61df5acff72a-dw6mqwnp-eu-north-1a.s3.eu-north-1.vpce.amazonaws.com
*.control.vpce-062cd61df5acff72a-dw6mqwnp-eu-north-1b.s3.eu-north-1.vpce.amazonaws.com
*.control.vpce-062cd61df5acff72a-dw6mqwnp-eu-north-1c.s3.eu-north-1.vpce.amazonaws.com
*.control.vpce-062cd61df5acff72a-dw6mqwnp.s3.eu-north-1.vpce.amazonaws.com
*.s3-accesspoint.eu-north-1.amazonaws.com
*.s3-control.eu-north-1.amazonaws.com
*.s3.eu-north-1.amazonaws.com
bucket.vpce-062cd61df5acff72a-dw6mqwnp-eu-north-1a.s3.eu-north-1.vpce.amazonaws.com
bucket.vpce-062cd61df5acff72a-dw6mqwnp-eu-north-1b.s3.eu-north-1.vpce.amazonaws.com
bucket.vpce-062cd61df5acff72a-dw6mqwnp-eu-north-1c.s3.eu-north-1.vpce.amazonaws.com
bucket.vpce-062cd61df5acff72a-dw6mqwnp.s3.eu-north-1.vpce.amazonaws.com
s3.eu-north-1.amazonaws.com
*.canary2b5f712392ac.swvs9b.c4.kafka.us-west-2.amazonaws.com
*.iam.canary2b5f712392ac.swvs9b.c4.kafka.us-west-2.amazonaws.com
*.iam2.canary2b5f712392ac.swvs9b.c4.kafka.us-west-2.amazonaws.com
*.scram.canary2b5f712392ac.swvs9b.c4.kafka.us-west-2.amazonaws.com
*.scram2.canary2b5f712392ac.swvs9b.c4.kafka.us-west-2.amazonaws.com
*.tls.canary2b5f712392ac.swvs9b.c4.kafka.us-west-2.amazonaws.com
*.tls2.canary2b5f712392ac.swvs9b.c4.kafka.us-west-2.amazonaws.com
*.canary9455a15a316.b8viof.c4.kafka.ap-southeast-2.amazonaws.com
*.iam.canary9455a15a316.b8viof.c4.kafka.ap-southeast-2.amazonaws.com
*.iam2.canary9455a15a316.b8viof.c4.kafka.ap-southeast-2.amazonaws.com
*.scram.canary9455a15a316.b8viof.c4.kafka.ap-southeast-2.amazonaws.com
*.scram2.canary9455a15a316.b8viof.c4.kafka.ap-southeast-2.amazonaws.com
*.tls.canary9455a15a316.b8viof.c4.kafka.ap-southeast-2.amazonaws.com
*.tls2.canary9455a15a316.b8viof.c4.kafka.ap-southeast-2.amazonaws.com
*.eu-west-1.es.amazonaws.com
eunro3gc7dajywzkf37bmqxk4u.eu-west-1.es.amazonaws.com
*.canary08b78c9c6392.fsrizf.c3.kafka.eu-south-1.amazonaws.com
*.iam.canary08b78c9c6392.fsrizf.c3.kafka.eu-south-1.amazonaws.com
*.iam2.canary08b78c9c6392.fsrizf.c3.kafka.eu-south-1.amazonaws.com
*.scram.canary08b78c9c6392.fsrizf.c3.kafka.eu-south-1.amazonaws.com
*.scram2.canary08b78c9c6392.fsrizf.c3.kafka.eu-south-1.amazonaws.com
*.tls.canary08b78c9c6392.fsrizf.c3.kafka.eu-south-1.amazonaws.com
*.tls2.canary08b78c9c6392.fsrizf.c3.kafka.eu-south-1.amazonaws.com
www.r2ztech.com.agnichakra.com
www.apa.git.gitlab.git.gitlab.news.h2775398.stratoserver.net
www.apa.git.gitlab.git.gitlab.news.h2775398.stratoserver.net
no-auto-download-option-in-whatsapp-74.freeteenhost.com
no-auto-download-option-in-whatsapp-74.freeteenhost.com
offerstore-aircapi.commerce.microsoft.com
awt-api-access.dev-wallet.pfh-in.com
www.nexuswisesolutions.com.ndovucloud.org
www.ou-neofitrilski-bania.com.nextcall-bg.com
www.birdalkozmetik.com.sosyalmedyapaketi.com
*.prod.ftl.netflix.com
*.staging.ftl.netflix.com
anycast.ftl.netflix.com
ftl.netflix.com
www.www.portal.www.www.wwwwwwportal.www.secure.sowio.cz
portal.www.satscores.ennlive.org
www.www.portal.as.hehe.ennlive.org
www.ww.eritagetrustbonline.com.dns.freedyndns.org
www.csudmd8khltshaalg4o0.www.www.wwwwww.wwwwwwwwwwwwbritanniccrest.com.dns.freedyndns.org
test.microsoftpki.net
www.portal.www.portal.cornghg.ennlive.org
certstories.test.netflix.net
www.www.www.cru6240khlti5fft9b8g.lternaca.com.dns.freedyndns.org
wwwwwww3w.jnetflix.watch.the.monster
test.microsoftpki.net
m.wwwportal.wwwwwwwww.wwwwww.www.epic-sanderson.13-68-225-194.plesk.page
test-cert-manager.pdicloud.azure-k8s.haufe.io
www.www.www.www.www.wwcoinagecb.com.dns.freedyndns.org
autoconfig.paypal-businesscenter.sport.ar
*.canary1962629fc041.ih2nko.c4.kafka.eu-west-3.amazonaws.com
*.iam.canary1962629fc041.ih2nko.c4.kafka.eu-west-3.amazonaws.com
*.iam2.canary1962629fc041.ih2nko.c4.kafka.eu-west-3.amazonaws.com
*.scram.canary1962629fc041.ih2nko.c4.kafka.eu-west-3.amazonaws.com
*.scram2.canary1962629fc041.ih2nko.c4.kafka.eu-west-3.amazonaws.com
*.tls.canary1962629fc041.ih2nko.c4.kafka.eu-west-3.amazonaws.com
*.tls2.canary1962629fc041.ih2nko.c4.kafka.eu-west-3.amazonaws.com
*.accesspoint.vpce-0097f106036739e61-0b7xbgas-mx-central-1a.s3.mx-central-1.vpce.amazonaws.com
*.accesspoint.vpce-0097f106036739e61-0b7xbgas-mx-central-1b.s3.mx-central-1.vpce.amazonaws.com
*.accesspoint.vpce-0097f106036739e61-0b7xbgas-mx-central-1c.s3.mx-central-1.vpce.amazonaws.com
*.accesspoint.vpce-0097f106036739e61-0b7xbgas.s3.mx-central-1.vpce.amazonaws.com
*.bucket.vpce-0097f106036739e61-0b7xbgas-mx-central-1a.s3.mx-central-1.vpce.amazonaws.com
*.bucket.vpce-0097f106036739e61-0b7xbgas-mx-central-1b.s3.mx-central-1.vpce.amazonaws.com
*.bucket.vpce-0097f106036739e61-0b7xbgas-mx-central-1c.s3.mx-central-1.vpce.amazonaws.com
*.bucket.vpce-0097f106036739e61-0b7xbgas.s3.mx-central-1.vpce.amazonaws.com
*.control.vpce-0097f106036739e61-0b7xbgas-mx-central-1a.s3.mx-central-1.vpce.amazonaws.com
*.control.vpce-0097f106036739e61-0b7xbgas-mx-central-1b.s3.mx-central-1.vpce.amazonaws.com
*.control.vpce-0097f106036739e61-0b7xbgas-mx-central-1c.s3.mx-central-1.vpce.amazonaws.com
*.control.vpce-0097f106036739e61-0b7xbgas.s3.mx-central-1.vpce.amazonaws.com
*.s3-accesspoint.mx-central-1.amazonaws.com
*.s3-control.mx-central-1.amazonaws.com
*.s3.mx-central-1.amazonaws.com
bucket.vpce-0097f106036739e61-0b7xbgas-mx-central-1a.s3.mx-central-1.vpce.amazonaws.com
bucket.vpce-0097f106036739e61-0b7xbgas-mx-central-1b.s3.mx-central-1.vpce.amazonaws.com
bucket.vpce-0097f106036739e61-0b7xbgas-mx-central-1c.s3.mx-central-1.vpce.amazonaws.com
bucket.vpce-0097f106036739e61-0b7xbgas.s3.mx-central-1.vpce.amazonaws.com
s3.mx-central-1.amazonaws.com
*.canary0d85098f8434.swwymh.c3.kafka.il-central-1.amazonaws.com
*.iam.canary0d85098f8434.swwymh.c3.kafka.il-central-1.amazonaws.com
*.iam2.canary0d85098f8434.swwymh.c3.kafka.il-central-1.amazonaws.com
*.scram.canary0d85098f8434.swwymh.c3.kafka.il-central-1.amazonaws.com
*.scram2.canary0d85098f8434.swwymh.c3.kafka.il-central-1.amazonaws.com
*.tls.canary0d85098f8434.swwymh.c3.kafka.il-central-1.amazonaws.com
*.tls2.canary0d85098f8434.swwymh.c3.kafka.il-central-1.amazonaws.com
*.configcanarya2f52.6i5sml.c4.kafka.ap-southeast-1.amazonaws.com
*.iam.configcanarya2f52.6i5sml.c4.kafka.ap-southeast-1.amazonaws.com
*.iam2.configcanarya2f52.6i5sml.c4.kafka.ap-southeast-1.amazonaws.com
*.scram.configcanarya2f52.6i5sml.c4.kafka.ap-southeast-1.amazonaws.com
*.scram2.configcanarya2f52.6i5sml.c4.kafka.ap-southeast-1.amazonaws.com
*.tls.configcanarya2f52.6i5sml.c4.kafka.ap-southeast-1.amazonaws.com
*.tls2.configcanarya2f52.6i5sml.c4.kafka.ap-southeast-1.amazonaws.com
*.canarydd06ad50d12.51dk2y.c4.kafka.ap-southeast-1.amazonaws.com
*.iam.canarydd06ad50d12.51dk2y.c4.kafka.ap-southeast-1.amazonaws.com
*.iam2.canarydd06ad50d12.51dk2y.c4.kafka.ap-southeast-1.amazonaws.com
*.scram.canarydd06ad50d12.51dk2y.c4.kafka.ap-southeast-1.amazonaws.com
*.scram2.canarydd06ad50d12.51dk2y.c4.kafka.ap-southeast-1.amazonaws.com
*.tls.canarydd06ad50d12.51dk2y.c4.kafka.ap-southeast-1.amazonaws.com
*.tls2.canarydd06ad50d12.51dk2y.c4.kafka.ap-southeast-1.amazonaws.com
*.ap-southeast-1.es.amazonaws.com
m5tyfitrdyojolyqkeskkv2jam.ap-southeast-1.es.amazonaws.com
*.canaryd974fa01496a.d9o115.c4.kafka.cn-north-1.amazonaws.com.cn
*.iam.canaryd974fa01496a.d9o115.c4.kafka.cn-north-1.amazonaws.com.cn
*.iam2.canaryd974fa01496a.d9o115.c4.kafka.cn-north-1.amazonaws.com.cn
*.scram.canaryd974fa01496a.d9o115.c4.kafka.cn-north-1.amazonaws.com.cn
*.scram2.canaryd974fa01496a.d9o115.c4.kafka.cn-north-1.amazonaws.com.cn
*.tls.canaryd974fa01496a.d9o115.c4.kafka.cn-north-1.amazonaws.com.cn
*.tls2.canaryd974fa01496a.d9o115.c4.kafka.cn-north-1.amazonaws.com.cn
*.canaryeead56f414e.035d23.c4.kafka.ap-northeast-1.amazonaws.com
*.iam.canaryeead56f414e.035d23.c4.kafka.ap-northeast-1.amazonaws.com
*.iam2.canaryeead56f414e.035d23.c4.kafka.ap-northeast-1.amazonaws.com
*.scram.canaryeead56f414e.035d23.c4.kafka.ap-northeast-1.amazonaws.com
*.scram2.canaryeead56f414e.035d23.c4.kafka.ap-northeast-1.amazonaws.com
*.tls.canaryeead56f414e.035d23.c4.kafka.ap-northeast-1.amazonaws.com
*.tls2.canaryeead56f414e.035d23.c4.kafka.ap-northeast-1.amazonaws.com
alt.canary.s3.mx-central-1.vpce.amazonaws.com
canary.s3.mx-central-1.vpce.amazonaws.com
*.ca-central-1.es.amazonaws.com
s65lv7e4gitysjejjqpllhunvy.ca-central-1.es.amazonaws.com
app.www.portal.app.portal.www.234cde3d.nip.io
yandex.www.rid2700.com
www.terapiapsicologicaenbenitojuarez.com.enpodi.com.mx
old.portal.hotmaile.de
support.ecmanage.eu
certstories.test.netflix.net
www.workstayconnect.com.jompinjam.com
app.www.portal.app.portal.www.234cde3d.nip.io
www.yandex.du2ugjvs3id4iyk.n8cqaazmrrweieh.core.cs-on.ru
yandex.du2ugjvs3id4iyk.n8cqaazmrrweieh.core.cs-on.ru
speedtest3.macau.ctm.net.prod.hosts.ooklaserver.net
speedtest3.macau.ctm.net.prod.hosts.ooklaserver.net
www.terapiapsicologicaenbenitojuarez.com.enpodi.com.mx
0i64k4j9w7f6w4hpxk2bs0ogv4qzslejvavhfvdvwarr018qdgf2gmbg3ea72zi.smtp.mail.cpanel.securewellsf.duckdns.org
0www.wwwgitlab.wwwwww.104-248-114-136.106-102-153-101.cprapid.com
*.ssdstone-github-io.pages.dev
ssdstone-github-io.pages.dev
sberbank.pochtabank.pay.youla.sberbank.pqid2b.4tkh7gccy7tjtrr.api.dota2t.com
www.www.git.git.ca0dc78pk7j9eksuc26g.new.acs.tng.thezone.bg
www.tsteventslondon.com.mateoengineering.com
*.google-006.tk
google-006.tk
www.wesetsolutions.com.wesetgroup.com
www.ferianajeradecor.com.muebledenajera.com
4e5bcd48-1bc2-4d8d-9257-834240dc38ba.usserviceanimala.org
test.microsoftpki.net
test.microsoftpki.net
sberbank.avito.pay.pay.www.www.www.covid19.extruder-usa.com
*.geo.redis.cache.windows.net
sberbank.pochtabank.pay.youla.sberbank.pqid2b.4tkh7gccy7tjtrr.api.dota2t.com
*.canary1962629fc041.ih2nko.c4.kafka.eu-west-3.amazonaws.com
*.iam.canary1962629fc041.ih2nko.c4.kafka.eu-west-3.amazonaws.com
*.iam2.canary1962629fc041.ih2nko.c4.kafka.eu-west-3.amazonaws.com
*.scram.canary1962629fc041.ih2nko.c4.kafka.eu-west-3.amazonaws.com
*.scram2.canary1962629fc041.ih2nko.c4.kafka.eu-west-3.amazonaws.com
*.tls.canary1962629fc041.ih2nko.c4.kafka.eu-west-3.amazonaws.com
*.tls2.canary1962629fc041.ih2nko.c4.kafka.eu-west-3.amazonaws.com
*.accesspoint.vpce-0097f106036739e61-0b7xbgas-mx-central-1a.s3.mx-central-1.vpce.amazonaws.com
*.accesspoint.vpce-0097f106036739e61-0b7xbgas-mx-central-1b.s3.mx-central-1.vpce.amazonaws.com
*.accesspoint.vpce-0097f106036739e61-0b7xbgas-mx-central-1c.s3.mx-central-1.vpce.amazonaws.com
*.accesspoint.vpce-0097f106036739e61-0b7xbgas.s3.mx-central-1.vpce.amazonaws.com
*.bucket.vpce-0097f106036739e61-0b7xbgas-mx-central-1a.s3.mx-central-1.vpce.amazonaws.com
*.bucket.vpce-0097f106036739e61-0b7xbgas-mx-central-1b.s3.mx-central-1.vpce.amazonaws.com
*.bucket.vpce-0097f106036739e61-0b7xbgas-mx-central-1c.s3.mx-central-1.vpce.amazonaws.com
*.bucket.vpce-0097f106036739e61-0b7xbgas.s3.mx-central-1.vpce.amazonaws.com
*.control.vpce-0097f106036739e61-0b7xbgas-mx-central-1a.s3.mx-central-1.vpce.amazonaws.com
*.control.vpce-0097f106036739e61-0b7xbgas-mx-central-1b.s3.mx-central-1.vpce.amazonaws.com
*.control.vpce-0097f106036739e61-0b7xbgas-mx-central-1c.s3.mx-central-1.vpce.amazonaws.com
*.control.vpce-0097f106036739e61-0b7xbgas.s3.mx-central-1.vpce.amazonaws.com
*.s3-accesspoint.mx-central-1.amazonaws.com
*.s3-control.mx-central-1.amazonaws.com
*.s3.mx-central-1.amazonaws.com
bucket.vpce-0097f106036739e61-0b7xbgas-mx-central-1a.s3.mx-central-1.vpce.amazonaws.com
bucket.vpce-0097f106036739e61-0b7xbgas-mx-central-1b.s3.mx-central-1.vpce.amazonaws.com
bucket.vpce-0097f106036739e61-0b7xbgas-mx-central-1c.s3.mx-central-1.vpce.amazonaws.com
bucket.vpce-0097f106036739e61-0b7xbgas.s3.mx-central-1.vpce.amazonaws.com
s3.mx-central-1.amazonaws.com
*.canary0d85098f8434.swwymh.c3.kafka.il-central-1.amazonaws.com
*.iam.canary0d85098f8434.swwymh.c3.kafka.il-central-1.amazonaws.com
*.iam2.canary0d85098f8434.swwymh.c3.kafka.il-central-1.amazonaws.com
*.scram.canary0d85098f8434.swwymh.c3.kafka.il-central-1.amazonaws.com
*.scram2.canary0d85098f8434.swwymh.c3.kafka.il-central-1.amazonaws.com
*.tls.canary0d85098f8434.swwymh.c3.kafka.il-central-1.amazonaws.com
*.tls2.canary0d85098f8434.swwymh.c3.kafka.il-central-1.amazonaws.com
*.configcanarya2f52.6i5sml.c4.kafka.ap-southeast-1.amazonaws.com
*.iam.configcanarya2f52.6i5sml.c4.kafka.ap-southeast-1.amazonaws.com
*.iam2.configcanarya2f52.6i5sml.c4.kafka.ap-southeast-1.amazonaws.com
*.scram.configcanarya2f52.6i5sml.c4.kafka.ap-southeast-1.amazonaws.com
*.scram2.configcanarya2f52.6i5sml.c4.kafka.ap-southeast-1.amazonaws.com
*.tls.configcanarya2f52.6i5sml.c4.kafka.ap-southeast-1.amazonaws.com
*.tls2.configcanarya2f52.6i5sml.c4.kafka.ap-southeast-1.amazonaws.com
*.canarydd06ad50d12.51dk2y.c4.kafka.ap-southeast-1.amazonaws.com
*.iam.canarydd06ad50d12.51dk2y.c4.kafka.ap-southeast-1.amazonaws.com
*.iam2.canarydd06ad50d12.51dk2y.c4.kafka.ap-southeast-1.amazonaws.com
*.scram.canarydd06ad50d12.51dk2y.c4.kafka.ap-southeast-1.amazonaws.com
*.scram2.canarydd06ad50d12.51dk2y.c4.kafka.ap-southeast-1.amazonaws.com
*.tls.canarydd06ad50d12.51dk2y.c4.kafka.ap-southeast-1.amazonaws.com
*.tls2.canarydd06ad50d12.51dk2y.c4.kafka.ap-southeast-1.amazonaws.com
*.ap-southeast-1.es.amazonaws.com
m5tyfitrdyojolyqkeskkv2jam.ap-southeast-1.es.amazonaws.com
*.canaryd974fa01496a.d9o115.c4.kafka.cn-north-1.amazonaws.com.cn
*.iam.canaryd974fa01496a.d9o115.c4.kafka.cn-north-1.amazonaws.com.cn
*.iam2.canaryd974fa01496a.d9o115.c4.kafka.cn-north-1.amazonaws.com.cn
*.scram.canaryd974fa01496a.d9o115.c4.kafka.cn-north-1.amazonaws.com.cn
*.scram2.canaryd974fa01496a.d9o115.c4.kafka.cn-north-1.amazonaws.com.cn
*.tls.canaryd974fa01496a.d9o115.c4.kafka.cn-north-1.amazonaws.com.cn
*.tls2.canaryd974fa01496a.d9o115.c4.kafka.cn-north-1.amazonaws.com.cn
*.canaryeead56f414e.035d23.c4.kafka.ap-northeast-1.amazonaws.com
*.iam.canaryeead56f414e.035d23.c4.kafka.ap-northeast-1.amazonaws.com
*.iam2.canaryeead56f414e.035d23.c4.kafka.ap-northeast-1.amazonaws.com
*.scram.canaryeead56f414e.035d23.c4.kafka.ap-northeast-1.amazonaws.com
*.scram2.canaryeead56f414e.035d23.c4.kafka.ap-northeast-1.amazonaws.com
*.tls.canaryeead56f414e.035d23.c4.kafka.ap-northeast-1.amazonaws.com
*.tls2.canaryeead56f414e.035d23.c4.kafka.ap-northeast-1.amazonaws.com
alt.canary.s3.mx-central-1.vpce.amazonaws.com
canary.s3.mx-central-1.vpce.amazonaws.com
*.ca-central-1.es.amazonaws.com
s65lv7e4gitysjejjqpllhunvy.ca-central-1.es.amazonaws.com
*.canaryc3ed7ba5425c.7z2hrt.c4.kafka.us-gov-west-1.amazonaws.com
*.iam.canaryc3ed7ba5425c.7z2hrt.c4.kafka.us-gov-west-1.amazonaws.com
*.iam2.canaryc3ed7ba5425c.7z2hrt.c4.kafka.us-gov-west-1.amazonaws.com
*.scram.canaryc3ed7ba5425c.7z2hrt.c4.kafka.us-gov-west-1.amazonaws.com
*.scram2.canaryc3ed7ba5425c.7z2hrt.c4.kafka.us-gov-west-1.amazonaws.com
*.tls.canaryc3ed7ba5425c.7z2hrt.c4.kafka.us-gov-west-1.amazonaws.com
*.tls2.canaryc3ed7ba5425c.7z2hrt.c4.kafka.us-gov-west-1.amazonaws.com
*.cfnlaunchpadcanarytes.bt7udm.c4.kafka.eu-south-2.amazonaws.com
*.iam.cfnlaunchpadcanarytes.bt7udm.c4.kafka.eu-south-2.amazonaws.com
*.iam2.cfnlaunchpadcanarytes.bt7udm.c4.kafka.eu-south-2.amazonaws.com
*.scram.cfnlaunchpadcanarytes.bt7udm.c4.kafka.eu-south-2.amazonaws.com
*.scram2.cfnlaunchpadcanarytes.bt7udm.c4.kafka.eu-south-2.amazonaws.com
*.tls.cfnlaunchpadcanarytes.bt7udm.c4.kafka.eu-south-2.amazonaws.com
*.tls2.cfnlaunchpadcanarytes.bt7udm.c4.kafka.eu-south-2.amazonaws.com
*.canary8684c49544b0.39b31x.c4.kafka.us-gov-east-1.amazonaws.com
*.iam.canary8684c49544b0.39b31x.c4.kafka.us-gov-east-1.amazonaws.com
*.iam2.canary8684c49544b0.39b31x.c4.kafka.us-gov-east-1.amazonaws.com
*.scram.canary8684c49544b0.39b31x.c4.kafka.us-gov-east-1.amazonaws.com
*.scram2.canary8684c49544b0.39b31x.c4.kafka.us-gov-east-1.amazonaws.com
*.tls.canary8684c49544b0.39b31x.c4.kafka.us-gov-east-1.amazonaws.com
*.tls2.canary8684c49544b0.39b31x.c4.kafka.us-gov-east-1.amazonaws.com
*.ap-northeast-2.es.amazonaws.com
jw2gnsnlaormtkm6jigp2kxt5q.ap-northeast-2.es.amazonaws.com
*.canary7135f1006e6.z3th58.c3.kafka.ap-southeast-4.amazonaws.com
*.iam.canary7135f1006e6.z3th58.c3.kafka.ap-southeast-4.amazonaws.com
*.iam2.canary7135f1006e6.z3th58.c3.kafka.ap-southeast-4.amazonaws.com
*.scram.canary7135f1006e6.z3th58.c3.kafka.ap-southeast-4.amazonaws.com
*.scram2.canary7135f1006e6.z3th58.c3.kafka.ap-southeast-4.amazonaws.com
*.tls.canary7135f1006e6.z3th58.c3.kafka.ap-southeast-4.amazonaws.com
*.tls2.canary7135f1006e6.z3th58.c3.kafka.ap-southeast-4.amazonaws.com
*.iam.registerandderegisterp.krn2z2.c2.kafka.us-west-1.amazonaws.com
*.iam2.registerandderegisterp.krn2z2.c2.kafka.us-west-1.amazonaws.com
*.registerandderegisterp.krn2z2.c2.kafka.us-west-1.amazonaws.com
*.scram.registerandderegisterp.krn2z2.c2.kafka.us-west-1.amazonaws.com
*.scram2.registerandderegisterp.krn2z2.c2.kafka.us-west-1.amazonaws.com
*.tls.registerandderegisterp.krn2z2.c2.kafka.us-west-1.amazonaws.com
*.tls2.registerandderegisterp.krn2z2.c2.kafka.us-west-1.amazonaws.com
*.canaryb7ffb2fc9d2.bpi9up.c4.kafka.ap-northeast-2.amazonaws.com
*.iam.canaryb7ffb2fc9d2.bpi9up.c4.kafka.ap-northeast-2.amazonaws.com
*.iam2.canaryb7ffb2fc9d2.bpi9up.c4.kafka.ap-northeast-2.amazonaws.com
*.scram.canaryb7ffb2fc9d2.bpi9up.c4.kafka.ap-northeast-2.amazonaws.com
*.scram2.canaryb7ffb2fc9d2.bpi9up.c4.kafka.ap-northeast-2.amazonaws.com
*.tls.canaryb7ffb2fc9d2.bpi9up.c4.kafka.ap-northeast-2.amazonaws.com
*.tls2.canaryb7ffb2fc9d2.bpi9up.c4.kafka.ap-northeast-2.amazonaws.com
*.configcanary61f36d72ba.mm7ntl.c4.kafka.eu-west-1.amazonaws.com
*.iam.configcanary61f36d72ba.mm7ntl.c4.kafka.eu-west-1.amazonaws.com
*.iam2.configcanary61f36d72ba.mm7ntl.c4.kafka.eu-west-1.amazonaws.com
*.scram.configcanary61f36d72ba.mm7ntl.c4.kafka.eu-west-1.amazonaws.com
*.scram2.configcanary61f36d72ba.mm7ntl.c4.kafka.eu-west-1.amazonaws.com
*.tls.configcanary61f36d72ba.mm7ntl.c4.kafka.eu-west-1.amazonaws.com
*.tls2.configcanary61f36d72ba.mm7ntl.c4.kafka.eu-west-1.amazonaws.com
*.canarya7bba2cc0386.e0qwk8.c4.kafka.eu-west-1.amazonaws.com
*.iam.canarya7bba2cc0386.e0qwk8.c4.kafka.eu-west-1.amazonaws.com
*.iam2.canarya7bba2cc0386.e0qwk8.c4.kafka.eu-west-1.amazonaws.com
*.scram.canarya7bba2cc0386.e0qwk8.c4.kafka.eu-west-1.amazonaws.com
*.scram2.canarya7bba2cc0386.e0qwk8.c4.kafka.eu-west-1.amazonaws.com
*.tls.canarya7bba2cc0386.e0qwk8.c4.kafka.eu-west-1.amazonaws.com
*.tls2.canarya7bba2cc0386.e0qwk8.c4.kafka.eu-west-1.amazonaws.com
alt.canary.s3.eu-west-1.vpce.amazonaws.com
canary.s3.eu-west-1.vpce.amazonaws.com
alt.canary.s3.eu-west-1.vpce.amazonaws.com
canary.s3.eu-west-1.vpce.amazonaws.com
mo3wtda3ogcc4.mrap.accesspoint.s3-global.amazonaws.com
*.cfnlaunchpadcanar.pve57r.c2.kafka.ap-southeast-3.amazonaws.com
*.iam.cfnlaunchpadcanar.pve57r.c2.kafka.ap-southeast-3.amazonaws.com
*.iam2.cfnlaunchpadcanar.pve57r.c2.kafka.ap-southeast-3.amazonaws.com
*.scram.cfnlaunchpadcanar.pve57r.c2.kafka.ap-southeast-3.amazonaws.com
*.scram2.cfnlaunchpadcanar.pve57r.c2.kafka.ap-southeast-3.amazonaws.com
*.tls.cfnlaunchpadcanar.pve57r.c2.kafka.ap-southeast-3.amazonaws.com
*.tls2.cfnlaunchpadcanar.pve57r.c2.kafka.ap-southeast-3.amazonaws.com
alt.canary.s3.ap-northeast-2.vpce.amazonaws.com
canary.s3.ap-northeast-2.vpce.amazonaws.com
mpzfjyacixnwx.mrap.accesspoint.s3-global.amazonaws.com
alt.canary.s3.eu-north-1.vpce.amazonaws.com
canary.s3.eu-north-1.vpce.amazonaws.com
*.canaryf14daf7819d.ngi0cb.c4.kafka.ap-northeast-3.amazonaws.com
*.iam.canaryf14daf7819d.ngi0cb.c4.kafka.ap-northeast-3.amazonaws.com
*.iam2.canaryf14daf7819d.ngi0cb.c4.kafka.ap-northeast-3.amazonaws.com
*.scram.canaryf14daf7819d.ngi0cb.c4.kafka.ap-northeast-3.amazonaws.com
*.scram2.canaryf14daf7819d.ngi0cb.c4.kafka.ap-northeast-3.amazonaws.com
*.tls.canaryf14daf7819d.ngi0cb.c4.kafka.ap-northeast-3.amazonaws.com
*.tls2.canaryf14daf7819d.ngi0cb.c4.kafka.ap-northeast-3.amazonaws.com
alt.canary.s3.ap-southeast-2.vpce.amazonaws.com
canary.s3.ap-southeast-2.vpce.amazonaws.com
*.canary4200b041c0e.wox2y5.c4.kafka.ap-southeast-3.amazonaws.com
*.iam.canary4200b041c0e.wox2y5.c4.kafka.ap-southeast-3.amazonaws.com
*.iam2.canary4200b041c0e.wox2y5.c4.kafka.ap-southeast-3.amazonaws.com
*.scram.canary4200b041c0e.wox2y5.c4.kafka.ap-southeast-3.amazonaws.com
*.scram2.canary4200b041c0e.wox2y5.c4.kafka.ap-southeast-3.amazonaws.com
*.tls.canary4200b041c0e.wox2y5.c4.kafka.ap-southeast-3.amazonaws.com
*.tls2.canary4200b041c0e.wox2y5.c4.kafka.ap-southeast-3.amazonaws.com
api359.ops.cgw-alex-g-p-c.dev.ugw.cloud.sap
app.www.www.www.app.portal.wwwportal.forms.archersettlement.com
www.support.gameoflife-in.cdn.secure.enter.insightandsound.co.uk
certstories.test.netflix.net
www.www.app.www.www.www.portal.secure.archersettlement.com
www.app.www.www.portal.portal.wwwdeployments.miniloop-01.cynova.dev
www.portal.uguy.ennlive.org
*.or.support-tickets-uife-stg.np.digital.business.comcast.com
*.support-tickets-uife-stg.np.digital.business.comcast.com
*.va.support-tickets-uife-stg.np.digital.business.comcast.com
support-tickets-uife-stg.np.digital.business.comcast.com
mail12.securitypersonnel.com.au
mail12.securitypersonnel.com.au
www.icgcpraisetempleny.com.jubilee-tours.com
www.icgcpraisetempleny.com.jubilee-tours.com
twitterbot.snip.ly
test.xxxbrwaf-157-8cf97.com.int.zone
www.www.www.wallet.miranda-world.de
*.lifecycle-prober-prod-3a2278d3-ab9f-4160-85e5-b7cd3bac060d.asia-south2.managedkafka.gmk-lifecycle-prober-prod-5.cloud.goog
www.wwwwwwwwwwww.www.www.wallet.idmanncommons.com
www.wwwwwwwwwwww.www.www.wallet.idmanncommons.com
*.fltx3-1.fna.whatsapp.net
fltx3-1.fna.whatsapp.net
www.dnjpgcollege.co.in.helplinemanagement.com
www.markandeymahavidyalaya.co.in.helplinemanagement.com
*.z1a.graphql.fabric.microsoft-int.com
*.z1a.w.api.fabric.microsoft-int.com
auto-s871070vi7-pbi-kv-HttpsZone1a.z1a.w.api.fabric.microsoft-int.com
*.z7a.graphql.fabric.microsoft-int.com
*.z7a.w.api.fabric.microsoft-int.com
auto-s871070vi7-pbi-kv-HttpsZone7a.z7a.w.api.fabric.microsoft-int.com
*.zba.graphql.fabric.microsoft-int.com
*.zba.w.api.fabric.microsoft-int.com
auto-s871070vi7-pbi-kv-HttpsZoneba.zba.w.api.fabric.microsoft-int.com
*.z3a.graphql.fabric.microsoft-int.com
*.z3a.w.api.fabric.microsoft-int.com
auto-s871070vi7-pbi-kv-HttpsZone3a.z3a.w.api.fabric.microsoft-int.com
www.ddmgymhf.64-227-108-172.103-41-207-114.cprapid.com
www.www.in.btapple.com
alt.canary.s3.us-east-1.vpce.amazonaws.com
canary.s3.us-east-1.vpce.amazonaws.com
*.canary9e13baa63d21.gs3u40.c3.kafka.ap-south-1.amazonaws.com
*.iam.canary9e13baa63d21.gs3u40.c3.kafka.ap-south-1.amazonaws.com
*.iam2.canary9e13baa63d21.gs3u40.c3.kafka.ap-south-1.amazonaws.com
*.scram.canary9e13baa63d21.gs3u40.c3.kafka.ap-south-1.amazonaws.com
*.scram2.canary9e13baa63d21.gs3u40.c3.kafka.ap-south-1.amazonaws.com
*.tls.canary9e13baa63d21.gs3u40.c3.kafka.ap-south-1.amazonaws.com
*.tls2.canary9e13baa63d21.gs3u40.c3.kafka.ap-south-1.amazonaws.com
*.canaryf6c9e7e0eb3b.5aluue.c4.kafka.sa-east-1.amazonaws.com
*.iam.canaryf6c9e7e0eb3b.5aluue.c4.kafka.sa-east-1.amazonaws.com
*.iam2.canaryf6c9e7e0eb3b.5aluue.c4.kafka.sa-east-1.amazonaws.com
*.scram.canaryf6c9e7e0eb3b.5aluue.c4.kafka.sa-east-1.amazonaws.com
*.scram2.canaryf6c9e7e0eb3b.5aluue.c4.kafka.sa-east-1.amazonaws.com
*.tls.canaryf6c9e7e0eb3b.5aluue.c4.kafka.sa-east-1.amazonaws.com
*.tls2.canaryf6c9e7e0eb3b.5aluue.c4.kafka.sa-east-1.amazonaws.com
public.login.ms.ict.eu
*.configcanary61d5b23d3b.z6gj3h.c2.kafka.us-east-2.amazonaws.com
*.iam.configcanary61d5b23d3b.z6gj3h.c2.kafka.us-east-2.amazonaws.com
*.iam2.configcanary61d5b23d3b.z6gj3h.c2.kafka.us-east-2.amazonaws.com
*.scram.configcanary61d5b23d3b.z6gj3h.c2.kafka.us-east-2.amazonaws.com
*.scram2.configcanary61d5b23d3b.z6gj3h.c2.kafka.us-east-2.amazonaws.com
*.tls.configcanary61d5b23d3b.z6gj3h.c2.kafka.us-east-2.amazonaws.com
*.tls2.configcanary61d5b23d3b.z6gj3h.c2.kafka.us-east-2.amazonaws.com
*.canary168a167661d6.0joqqu.c3.kafka.eu-central-1.amazonaws.com
*.iam.canary168a167661d6.0joqqu.c3.kafka.eu-central-1.amazonaws.com
*.iam2.canary168a167661d6.0joqqu.c3.kafka.eu-central-1.amazonaws.com
*.scram.canary168a167661d6.0joqqu.c3.kafka.eu-central-1.amazonaws.com
*.scram2.canary168a167661d6.0joqqu.c3.kafka.eu-central-1.amazonaws.com
*.tls.canary168a167661d6.0joqqu.c3.kafka.eu-central-1.amazonaws.com
*.tls2.canary168a167661d6.0joqqu.c3.kafka.eu-central-1.amazonaws.com
*.canary52fdf26ce4a3.okth32.c3.kafka.ap-east-1.amazonaws.com
*.iam.canary52fdf26ce4a3.okth32.c3.kafka.ap-east-1.amazonaws.com
*.iam2.canary52fdf26ce4a3.okth32.c3.kafka.ap-east-1.amazonaws.com
*.scram.canary52fdf26ce4a3.okth32.c3.kafka.ap-east-1.amazonaws.com
*.scram2.canary52fdf26ce4a3.okth32.c3.kafka.ap-east-1.amazonaws.com
*.tls.canary52fdf26ce4a3.okth32.c3.kafka.ap-east-1.amazonaws.com
*.tls2.canary52fdf26ce4a3.okth32.c3.kafka.ap-east-1.amazonaws.com
*.canary39965e5c6f1f.gxcjs0.c2.kafka.us-east-2.amazonaws.com
*.iam.canary39965e5c6f1f.gxcjs0.c2.kafka.us-east-2.amazonaws.com
*.iam2.canary39965e5c6f1f.gxcjs0.c2.kafka.us-east-2.amazonaws.com
*.scram.canary39965e5c6f1f.gxcjs0.c2.kafka.us-east-2.amazonaws.com
*.scram2.canary39965e5c6f1f.gxcjs0.c2.kafka.us-east-2.amazonaws.com
*.tls.canary39965e5c6f1f.gxcjs0.c2.kafka.us-east-2.amazonaws.com
*.tls2.canary39965e5c6f1f.gxcjs0.c2.kafka.us-east-2.amazonaws.com
*.configcanarya0eff0f.34w183.c3.kafka.eu-central-1.amazonaws.com
*.iam.configcanarya0eff0f.34w183.c3.kafka.eu-central-1.amazonaws.com
*.iam2.configcanarya0eff0f.34w183.c3.kafka.eu-central-1.amazonaws.com
*.scram.configcanarya0eff0f.34w183.c3.kafka.eu-central-1.amazonaws.com
*.scram2.configcanarya0eff0f.34w183.c3.kafka.eu-central-1.amazonaws.com
*.tls.configcanarya0eff0f.34w183.c3.kafka.eu-central-1.amazonaws.com
*.tls2.configcanarya0eff0f.34w183.c3.kafka.eu-central-1.amazonaws.com
*.configcanary444b026.z0bfzg.c2.kafka.eu-central-1.amazonaws.com
*.iam.configcanary444b026.z0bfzg.c2.kafka.eu-central-1.amazonaws.com
*.iam2.configcanary444b026.z0bfzg.c2.kafka.eu-central-1.amazonaws.com
*.scram.configcanary444b026.z0bfzg.c2.kafka.eu-central-1.amazonaws.com
*.scram2.configcanary444b026.z0bfzg.c2.kafka.eu-central-1.amazonaws.com
*.tls.configcanary444b026.z0bfzg.c2.kafka.eu-central-1.amazonaws.com
*.tls2.configcanary444b026.z0bfzg.c2.kafka.eu-central-1.amazonaws.com
websal-apitcc-hsbc.s2e-net.com
www.www.portal.www.portal.development-pipeline.red-dolphin-85.telebit.io
notexistssupport.api.cms.mail2.generatingresults.co.uk
*.lifecycle-prober-prod-52374b63-1bb5-44a5-bc99-a292c7fb1778.australia-southeast2.managedkafka.gmk-lifecycle-prober-prod-2.cloud.goog
*.7159.dev.secrets-manager.test.appdomain.cloud
certstories.test.netflix.net
sigmastorage.com.webscruise.in
univmanufacturers.com.webscruise.in
www.sigmastorage.com.webscruise.in
www.univmanufacturers.com.webscruise.in
www.meditegypt.com.khatmetna.com
*.blue-king-b51a.googledriveteam.workers.dev
googledriveteam.workers.dev
sberbank.pochtabank.pay.youla.sberbank.pqid2b.4tkh7gccy7tjtrr.api.dota2t.com
portal.wwwwww.a.h2775398.stratoserver.net
www.utrik.net.aguirrepsicologia.com
*.ag-72e5fb1.goats.shoot.live.k8s-hana.ondemand.com
yandex.blablacar.avito.avito.avito.www.covid19.schlosszimmer.com
www.unstoppable-twins.com.dwlatam.com
live-admin-ui-test-live-admin-ui.apps.v6fj.hk.topkee.top
live-admin-ui-test-live-admin-ui.apps.v6fj.hk.topkee.top
www.nexuswisesolutions.com.ndovucloud.org
www.tigerstwitter.com
portal.www.hlzctwwwwww.sitemaps.turk-rutv.ru
www.portal.www.hlzctwwwwww.sitemaps.turk-rutv.ru
*.geo.redis.cache.windows.net
*.geo.redis.cache.windows.net
yandex.www.rid2700.com
mp-di-webservice-elb-prod-us-east-1.mpaba50.eas.morningstar.com
2785.dev.secrets-manager.test.appdomain.cloud
deploy-delete-app-4.deploy-delete-test-s5cnxf1.us-west-2.forgeapps.ec2.aws.dev
r53lbr.deploy-delete-app-4.deploy-delete-test-s5cnxf1.forgeapps.ec2.aws.dev
*.canary1962629fc041.ih2nko.c4.kafka.eu-west-3.amazonaws.com
*.iam.canary1962629fc041.ih2nko.c4.kafka.eu-west-3.amazonaws.com
*.iam2.canary1962629fc041.ih2nko.c4.kafka.eu-west-3.amazonaws.com
*.scram.canary1962629fc041.ih2nko.c4.kafka.eu-west-3.amazonaws.com
*.scram2.canary1962629fc041.ih2nko.c4.kafka.eu-west-3.amazonaws.com
*.tls.canary1962629fc041.ih2nko.c4.kafka.eu-west-3.amazonaws.com
*.tls2.canary1962629fc041.ih2nko.c4.kafka.eu-west-3.amazonaws.com
*.accesspoint.vpce-0097f106036739e61-0b7xbgas-mx-central-1a.s3.mx-central-1.vpce.amazonaws.com
*.accesspoint.vpce-0097f106036739e61-0b7xbgas-mx-central-1b.s3.mx-central-1.vpce.amazonaws.com
*.accesspoint.vpce-0097f106036739e61-0b7xbgas-mx-central-1c.s3.mx-central-1.vpce.amazonaws.com
*.accesspoint.vpce-0097f106036739e61-0b7xbgas.s3.mx-central-1.vpce.amazonaws.com
*.bucket.vpce-0097f106036739e61-0b7xbgas-mx-central-1a.s3.mx-central-1.vpce.amazonaws.com
*.bucket.vpce-0097f106036739e61-0b7xbgas-mx-central-1b.s3.mx-central-1.vpce.amazonaws.com
*.bucket.vpce-0097f106036739e61-0b7xbgas-mx-central-1c.s3.mx-central-1.vpce.amazonaws.com
*.bucket.vpce-0097f106036739e61-0b7xbgas.s3.mx-central-1.vpce.amazonaws.com
*.control.vpce-0097f106036739e61-0b7xbgas-mx-central-1a.s3.mx-central-1.vpce.amazonaws.com
*.control.vpce-0097f106036739e61-0b7xbgas-mx-central-1b.s3.mx-central-1.vpce.amazonaws.com
*.control.vpce-0097f106036739e61-0b7xbgas-mx-central-1c.s3.mx-central-1.vpce.amazonaws.com
*.control.vpce-0097f106036739e61-0b7xbgas.s3.mx-central-1.vpce.amazonaws.com
*.s3-accesspoint.mx-central-1.amazonaws.com
*.s3-control.mx-central-1.amazonaws.com
*.s3.mx-central-1.amazonaws.com
bucket.vpce-0097f106036739e61-0b7xbgas-mx-central-1a.s3.mx-central-1.vpce.amazonaws.com
bucket.vpce-0097f106036739e61-0b7xbgas-mx-central-1b.s3.mx-central-1.vpce.amazonaws.com
bucket.vpce-0097f106036739e61-0b7xbgas-mx-central-1c.s3.mx-central-1.vpce.amazonaws.com
bucket.vpce-0097f106036739e61-0b7xbgas.s3.mx-central-1.vpce.amazonaws.com
s3.mx-central-1.amazonaws.com
*.canary0d85098f8434.swwymh.c3.kafka.il-central-1.amazonaws.com
*.iam.canary0d85098f8434.swwymh.c3.kafka.il-central-1.amazonaws.com
*.iam2.canary0d85098f8434.swwymh.c3.kafka.il-central-1.amazonaws.com
*.scram.canary0d85098f8434.swwymh.c3.kafka.il-central-1.amazonaws.com
*.scram2.canary0d85098f8434.swwymh.c3.kafka.il-central-1.amazonaws.com
*.tls.canary0d85098f8434.swwymh.c3.kafka.il-central-1.amazonaws.com
*.tls2.canary0d85098f8434.swwymh.c3.kafka.il-central-1.amazonaws.com
www.claritykennels.com.dogalog.ca
alt.canary.s3.eu-north-1.vpce.amazonaws.com
canary.s3.eu-north-1.vpce.amazonaws.com
*.canaryf14daf7819d.ngi0cb.c4.kafka.ap-northeast-3.amazonaws.com
*.iam.canaryf14daf7819d.ngi0cb.c4.kafka.ap-northeast-3.amazonaws.com
*.iam2.canaryf14daf7819d.ngi0cb.c4.kafka.ap-northeast-3.amazonaws.com
*.scram.canaryf14daf7819d.ngi0cb.c4.kafka.ap-northeast-3.amazonaws.com
*.scram2.canaryf14daf7819d.ngi0cb.c4.kafka.ap-northeast-3.amazonaws.com
*.tls.canaryf14daf7819d.ngi0cb.c4.kafka.ap-northeast-3.amazonaws.com
*.tls2.canaryf14daf7819d.ngi0cb.c4.kafka.ap-northeast-3.amazonaws.com
alt.canary.s3.ap-southeast-2.vpce.amazonaws.com
canary.s3.ap-southeast-2.vpce.amazonaws.com
*.canary4200b041c0e.wox2y5.c4.kafka.ap-southeast-3.amazonaws.com
*.iam.canary4200b041c0e.wox2y5.c4.kafka.ap-southeast-3.amazonaws.com
*.iam2.canary4200b041c0e.wox2y5.c4.kafka.ap-southeast-3.amazonaws.com
*.scram.canary4200b041c0e.wox2y5.c4.kafka.ap-southeast-3.amazonaws.com
*.scram2.canary4200b041c0e.wox2y5.c4.kafka.ap-southeast-3.amazonaws.com
*.tls.canary4200b041c0e.wox2y5.c4.kafka.ap-southeast-3.amazonaws.com
*.tls2.canary4200b041c0e.wox2y5.c4.kafka.ap-southeast-3.amazonaws.com
*.configcanaryf1f6c16.cetxrb.c5.kafka.eu-central-1.amazonaws.com
*.iam.configcanaryf1f6c16.cetxrb.c5.kafka.eu-central-1.amazonaws.com
*.iam2.configcanaryf1f6c16.cetxrb.c5.kafka.eu-central-1.amazonaws.com
*.scram.configcanaryf1f6c16.cetxrb.c5.kafka.eu-central-1.amazonaws.com
*.scram2.configcanaryf1f6c16.cetxrb.c5.kafka.eu-central-1.amazonaws.com
*.tls.configcanaryf1f6c16.cetxrb.c5.kafka.eu-central-1.amazonaws.com
*.tls2.configcanaryf1f6c16.cetxrb.c5.kafka.eu-central-1.amazonaws.com
canary-s3ccp.mrap.accesspoint.s3-global.amazonaws.com
alt.canary.s3.cn-northwest-1.vpce.amazonaws.com.cn
canary.s3.cn-northwest-1.vpce.amazonaws.com.cn
*.ag-6d57c1e.goats.shoot.live.k8s-hana.ondemand.com
outlook.deutscheoper.de
hubspotdemo.epicloud.com.tw
springcleancollegestation.com.jeremygaul.a2hosted.com
www.springcleancollegestation.com.jeremygaul.a2hosted.com
*.lifecycle-prober-staging-4c460390-98d3-4015-974a-13c12c1b25c1.us-central1.managedkafka-staging.gmk-lifecycle-prober-stg-3.cloud-staging.goog
meskana.com.ng.dictacareinitiative.com
www.meskana.com.ng.dictacareinitiative.com
avito.www.sberbank.newpassword2016.desireplum.com
avito.www.sberbank.newpassword2016.desireplum.com
*.z3a.graphql.fabric.microsoft-int.com
*.z3a.w.api.fabric.microsoft-int.com
auto-s871070vi7-pbi-kv-HttpsZone3a.z3a.w.api.fabric.microsoft-int.com
*.zd9.graphql.fabric.microsoft-int.com
*.zd9.w.api.fabric.microsoft-int.com
auto-s871070vi7-pbi-kv-HttpsZoned9.zd9.w.api.fabric.microsoft-int.com
*.z7a.graphql.fabric.microsoft-int.com
*.z7a.w.api.fabric.microsoft-int.com
auto-s871070vi7-pbi-kv-HttpsZone7a.z7a.w.api.fabric.microsoft-int.com
12.0google.com
HEI-GIS-MXCCHUB-P-AZCU-APM-01.portal-editor.azure-api.net
hei-gis-mxcchub-p-azcu-apm-01-northcentralus-01.unique.regional.azure-api.net
hei-gis-mxcchub-p-azcu-apm-01.management.azure-api.net
hei-gis-mxcchub-p-azcu-apm-01.portal.azure-api.net
hei-gis-mxcchub-p-azcu-apm-01.unique.management.azure-api.net
hei-gis-mxcchub-p-azcu-apm-01.unique.portal.azure-api.net
www.portal.w.ww.ww.ww.pensive-gould.13-68-225-194.plesk.page
www.www.comwwcqtbpaokhltn12ptb8ig.bgonlines.com.dns.freedyndns.org
portal.portal.www.www.wwwportal.deployments.miniloop-01.cynova.dev
www.www.www.w.lternaca.com.dns.freedyndns.org
certstories.test.netflix.net
4ns.old.login.gitlab.fr.partick.insightandsound.co.uk
webmail.hotmailal.ar.com.es
meskana.com.ng.dictacareinitiative.com
www.meskana.com.ng.dictacareinitiative.com
www.portal.www.www.app.virusprotect.ennlive.org
*.7159.dev.secrets-manager.test.appdomain.cloud
7159.dev.secrets-manager.test.appdomain.cloud
*.configcanaryf1f6c16.cetxrb.c5.kafka.eu-central-1.amazonaws.com
*.iam.configcanaryf1f6c16.cetxrb.c5.kafka.eu-central-1.amazonaws.com
*.iam2.configcanaryf1f6c16.cetxrb.c5.kafka.eu-central-1.amazonaws.com
*.scram.configcanaryf1f6c16.cetxrb.c5.kafka.eu-central-1.amazonaws.com
*.scram2.configcanaryf1f6c16.cetxrb.c5.kafka.eu-central-1.amazonaws.com
*.tls.configcanaryf1f6c16.cetxrb.c5.kafka.eu-central-1.amazonaws.com
*.tls2.configcanaryf1f6c16.cetxrb.c5.kafka.eu-central-1.amazonaws.com
canary-s3ccp.mrap.accesspoint.s3-global.amazonaws.com
alt.canary.s3.cn-northwest-1.vpce.amazonaws.com.cn
canary.s3.cn-northwest-1.vpce.amazonaws.com.cn
*.accesspoint.vpce-09b46472ef76ec4df-ncv61rm9-eu-south-2a.s3.eu-south-2.vpce.amazonaws.com
*.accesspoint.vpce-09b46472ef76ec4df-ncv61rm9-eu-south-2b.s3.eu-south-2.vpce.amazonaws.com
*.accesspoint.vpce-09b46472ef76ec4df-ncv61rm9-eu-south-2c.s3.eu-south-2.vpce.amazonaws.com
*.accesspoint.vpce-09b46472ef76ec4df-ncv61rm9.s3.eu-south-2.vpce.amazonaws.com
*.bucket.vpce-09b46472ef76ec4df-ncv61rm9-eu-south-2a.s3.eu-south-2.vpce.amazonaws.com
*.bucket.vpce-09b46472ef76ec4df-ncv61rm9-eu-south-2b.s3.eu-south-2.vpce.amazonaws.com
*.bucket.vpce-09b46472ef76ec4df-ncv61rm9-eu-south-2c.s3.eu-south-2.vpce.amazonaws.com
*.bucket.vpce-09b46472ef76ec4df-ncv61rm9.s3.eu-south-2.vpce.amazonaws.com
*.control.vpce-09b46472ef76ec4df-ncv61rm9-eu-south-2a.s3.eu-south-2.vpce.amazonaws.com
*.control.vpce-09b46472ef76ec4df-ncv61rm9-eu-south-2b.s3.eu-south-2.vpce.amazonaws.com
*.control.vpce-09b46472ef76ec4df-ncv61rm9-eu-south-2c.s3.eu-south-2.vpce.amazonaws.com
*.control.vpce-09b46472ef76ec4df-ncv61rm9.s3.eu-south-2.vpce.amazonaws.com
*.s3-accesspoint.eu-south-2.amazonaws.com
*.s3-control.eu-south-2.amazonaws.com
*.s3.eu-south-2.amazonaws.com
bucket.vpce-09b46472ef76ec4df-ncv61rm9-eu-south-2a.s3.eu-south-2.vpce.amazonaws.com
bucket.vpce-09b46472ef76ec4df-ncv61rm9-eu-south-2b.s3.eu-south-2.vpce.amazonaws.com
bucket.vpce-09b46472ef76ec4df-ncv61rm9-eu-south-2c.s3.eu-south-2.vpce.amazonaws.com
bucket.vpce-09b46472ef76ec4df-ncv61rm9.s3.eu-south-2.vpce.amazonaws.com
s3.eu-south-2.amazonaws.com
*.canary886c0aaa8059.rf972r.c5.kafka.us-east-2.amazonaws.com
*.iam.canary886c0aaa8059.rf972r.c5.kafka.us-east-2.amazonaws.com
*.iam2.canary886c0aaa8059.rf972r.c5.kafka.us-east-2.amazonaws.com
*.scram.canary886c0aaa8059.rf972r.c5.kafka.us-east-2.amazonaws.com
*.scram2.canary886c0aaa8059.rf972r.c5.kafka.us-east-2.amazonaws.com
*.tls.canary886c0aaa8059.rf972r.c5.kafka.us-east-2.amazonaws.com
*.tls2.canary886c0aaa8059.rf972r.c5.kafka.us-east-2.amazonaws.com
*.configcanarybc991659d1.ckmtkg.c5.kafka.us-east-2.amazonaws.com
*.iam.configcanarybc991659d1.ckmtkg.c5.kafka.us-east-2.amazonaws.com
*.iam2.configcanarybc991659d1.ckmtkg.c5.kafka.us-east-2.amazonaws.com
*.scram.configcanarybc991659d1.ckmtkg.c5.kafka.us-east-2.amazonaws.com
*.scram2.configcanarybc991659d1.ckmtkg.c5.kafka.us-east-2.amazonaws.com
*.tls.configcanarybc991659d1.ckmtkg.c5.kafka.us-east-2.amazonaws.com
*.tls2.configcanarybc991659d1.ckmtkg.c5.kafka.us-east-2.amazonaws.com
www.104-248-114-136.178-20-253-214.cprapid.com
portal.git.gitlab.dev15.myvyz.ru
www.portal.git.gitlab.dev15.myvyz.ru
portal.git.gitlab.dev15.myvyz.ru
www.portal.git.gitlab.dev15.myvyz.ru
www.thesocialdigest.com.esteempublication.com
www.thesocialdigest.com.esteempublication.com
crmtool.skyapple.jp
wallet-admin-m-buywork-dev.api-werkbite.com
www.starvieventmedia.com.demilo.vn
vgmail.vgemunstruttal.de
kac-sbom-publish-engine-eastus-uat-apim-eu-01.unique.regional.azure-api.net
kac-sbom-publish-engine-eastus-uat-apim.management.azure-api.net
kac-sbom-publish-engine-eastus-uat-apim.portal-editor.azure-api.net
kac-sbom-publish-engine-eastus-uat-apim.portal.azure-api.net
kac-sbom-publish-engine-eastus-uat-apim.unique.management.azure-api.net
kac-sbom-publish-engine-eastus-uat-apim.unique.portal.azure-api.net
de-sys11-frankfurt-production-1.alertmanager.zetcom.group
www.ridebd.com.obiplabon.com
ankform.skyapple.jp
www.portal.a.a.test.h2897493.stratoserver.net
*.noreply-amazon.com
noreply-amazon.com
www.bitsnetworks.com.socialberkley.com
www.portal.gitlab.pm.seocopywriting.ru
*.google.asn.lv
google.asn.lv
*.google.asn.lv
google.asn.lv
*.geo.redis.cache.windows.net
altinn-authentication-db-at22-pgflex-2a9e8872.postgres.database.azure.com
api.m-icloud.app
*.geo.redis.cache.windows.net
*.mathsolver-prod.microsoft.com
*.mathsolver.microsoft.com
math.microsoft.com
mathsolver-prod.microsoft.com
mathsolver.microsoft.com
*.accesspoint.vpce-0d46fb9c72d547d0c-rp72ez9o-us-east-2a.s3.us-east-2.vpce.amazonaws.com
*.accesspoint.vpce-0d46fb9c72d547d0c-rp72ez9o-us-east-2b.s3.us-east-2.vpce.amazonaws.com
*.accesspoint.vpce-0d46fb9c72d547d0c-rp72ez9o-us-east-2c.s3.us-east-2.vpce.amazonaws.com
*.accesspoint.vpce-0d46fb9c72d547d0c-rp72ez9o.s3.us-east-2.vpce.amazonaws.com
*.bucket.vpce-0d46fb9c72d547d0c-rp72ez9o-us-east-2a.s3.us-east-2.vpce.amazonaws.com
*.bucket.vpce-0d46fb9c72d547d0c-rp72ez9o-us-east-2b.s3.us-east-2.vpce.amazonaws.com
*.bucket.vpce-0d46fb9c72d547d0c-rp72ez9o-us-east-2c.s3.us-east-2.vpce.amazonaws.com
*.bucket.vpce-0d46fb9c72d547d0c-rp72ez9o.s3.us-east-2.vpce.amazonaws.com
*.control.vpce-0d46fb9c72d547d0c-rp72ez9o-us-east-2a.s3.us-east-2.vpce.amazonaws.com
*.control.vpce-0d46fb9c72d547d0c-rp72ez9o-us-east-2b.s3.us-east-2.vpce.amazonaws.com
*.control.vpce-0d46fb9c72d547d0c-rp72ez9o-us-east-2c.s3.us-east-2.vpce.amazonaws.com
*.control.vpce-0d46fb9c72d547d0c-rp72ez9o.s3.us-east-2.vpce.amazonaws.com
*.s3-accesspoint.us-east-2.amazonaws.com
*.s3-control.us-east-2.amazonaws.com
*.s3.us-east-2.amazonaws.com
bucket.vpce-0d46fb9c72d547d0c-rp72ez9o-us-east-2a.s3.us-east-2.vpce.amazonaws.com
bucket.vpce-0d46fb9c72d547d0c-rp72ez9o-us-east-2b.s3.us-east-2.vpce.amazonaws.com
bucket.vpce-0d46fb9c72d547d0c-rp72ez9o-us-east-2c.s3.us-east-2.vpce.amazonaws.com
bucket.vpce-0d46fb9c72d547d0c-rp72ez9o.s3.us-east-2.vpce.amazonaws.com
s3.us-east-2.amazonaws.com
*.canary2354b10641cf.uk6grc.c4.kafka.ca-central-1.amazonaws.com
*.iam.canary2354b10641cf.uk6grc.c4.kafka.ca-central-1.amazonaws.com
*.iam2.canary2354b10641cf.uk6grc.c4.kafka.ca-central-1.amazonaws.com
*.scram.canary2354b10641cf.uk6grc.c4.kafka.ca-central-1.amazonaws.com
*.scram2.canary2354b10641cf.uk6grc.c4.kafka.ca-central-1.amazonaws.com
*.tls.canary2354b10641cf.uk6grc.c4.kafka.ca-central-1.amazonaws.com
*.tls2.canary2354b10641cf.uk6grc.c4.kafka.ca-central-1.amazonaws.com
*.ap-south-1.es.amazonaws.com
lslrinpasryjrek3xte6xlw44e.ap-south-1.es.amazonaws.com
*.canary82cbf36779e7.l39fjf.c3.kafka.me-central-1.amazonaws.com
*.iam.canary82cbf36779e7.l39fjf.c3.kafka.me-central-1.amazonaws.com
*.iam2.canary82cbf36779e7.l39fjf.c3.kafka.me-central-1.amazonaws.com
*.scram.canary82cbf36779e7.l39fjf.c3.kafka.me-central-1.amazonaws.com
*.scram2.canary82cbf36779e7.l39fjf.c3.kafka.me-central-1.amazonaws.com
*.tls.canary82cbf36779e7.l39fjf.c3.kafka.me-central-1.amazonaws.com
*.tls2.canary82cbf36779e7.l39fjf.c3.kafka.me-central-1.amazonaws.com
*.configcanary61f36d72ba.mm7ntl.c4.kafka.eu-west-1.amazonaws.com
*.iam.configcanary61f36d72ba.mm7ntl.c4.kafka.eu-west-1.amazonaws.com
*.iam2.configcanary61f36d72ba.mm7ntl.c4.kafka.eu-west-1.amazonaws.com
*.scram.configcanary61f36d72ba.mm7ntl.c4.kafka.eu-west-1.amazonaws.com
*.scram2.configcanary61f36d72ba.mm7ntl.c4.kafka.eu-west-1.amazonaws.com
*.tls.configcanary61f36d72ba.mm7ntl.c4.kafka.eu-west-1.amazonaws.com
*.tls2.configcanary61f36d72ba.mm7ntl.c4.kafka.eu-west-1.amazonaws.com
mo3wtda3ogcc4.mrap.accesspoint.s3-global.amazonaws.com
*.accesspoint.vpce-05d0104f9a47a7445-mw92gjln-us-gov-east-1a.s3.us-gov-east-1.vpce.amazonaws.com
*.accesspoint.vpce-05d0104f9a47a7445-mw92gjln-us-gov-east-1b.s3.us-gov-east-1.vpce.amazonaws.com
*.accesspoint.vpce-05d0104f9a47a7445-mw92gjln-us-gov-east-1c.s3.us-gov-east-1.vpce.amazonaws.com
*.accesspoint.vpce-05d0104f9a47a7445-mw92gjln.s3.us-gov-east-1.vpce.amazonaws.com
*.bucket.vpce-05d0104f9a47a7445-mw92gjln-us-gov-east-1a.s3.us-gov-east-1.vpce.amazonaws.com
*.bucket.vpce-05d0104f9a47a7445-mw92gjln-us-gov-east-1b.s3.us-gov-east-1.vpce.amazonaws.com
*.bucket.vpce-05d0104f9a47a7445-mw92gjln-us-gov-east-1c.s3.us-gov-east-1.vpce.amazonaws.com
*.bucket.vpce-05d0104f9a47a7445-mw92gjln.s3.us-gov-east-1.vpce.amazonaws.com
*.control.vpce-05d0104f9a47a7445-mw92gjln-us-gov-east-1a.s3.us-gov-east-1.vpce.amazonaws.com
*.control.vpce-05d0104f9a47a7445-mw92gjln-us-gov-east-1b.s3.us-gov-east-1.vpce.amazonaws.com
*.control.vpce-05d0104f9a47a7445-mw92gjln-us-gov-east-1c.s3.us-gov-east-1.vpce.amazonaws.com
*.control.vpce-05d0104f9a47a7445-mw92gjln.s3.us-gov-east-1.vpce.amazonaws.com
*.s3-accesspoint.us-gov-east-1.amazonaws.com
*.s3-control.us-gov-east-1.amazonaws.com
*.s3.us-gov-east-1.amazonaws.com
bucket.vpce-05d0104f9a47a7445-mw92gjln-us-gov-east-1a.s3.us-gov-east-1.vpce.amazonaws.com
bucket.vpce-05d0104f9a47a7445-mw92gjln-us-gov-east-1b.s3.us-gov-east-1.vpce.amazonaws.com
bucket.vpce-05d0104f9a47a7445-mw92gjln-us-gov-east-1c.s3.us-gov-east-1.vpce.amazonaws.com
bucket.vpce-05d0104f9a47a7445-mw92gjln.s3.us-gov-east-1.vpce.amazonaws.com
s3.us-gov-east-1.amazonaws.com
alt.canary.s3.ap-northeast-1.vpce.amazonaws.com
canary.s3.ap-northeast-1.vpce.amazonaws.com
*.eu-west-2.es.amazonaws.com
zoq4jiv264t4pddfrlzpycqcg4.eu-west-2.es.amazonaws.com
*.accesspoint.vpce-01d51b7c4afdf2ac8-ia78tyfz-us-west-2a.s3.us-west-2.vpce.amazonaws.com
*.accesspoint.vpce-01d51b7c4afdf2ac8-ia78tyfz-us-west-2b.s3.us-west-2.vpce.amazonaws.com
*.accesspoint.vpce-01d51b7c4afdf2ac8-ia78tyfz-us-west-2c.s3.us-west-2.vpce.amazonaws.com
*.accesspoint.vpce-01d51b7c4afdf2ac8-ia78tyfz-us-west-2d.s3.us-west-2.vpce.amazonaws.com
*.accesspoint.vpce-01d51b7c4afdf2ac8-ia78tyfz.s3.us-west-2.vpce.amazonaws.com
*.bucket.vpce-01d51b7c4afdf2ac8-ia78tyfz-us-west-2a.s3.us-west-2.vpce.amazonaws.com
*.bucket.vpce-01d51b7c4afdf2ac8-ia78tyfz-us-west-2b.s3.us-west-2.vpce.amazonaws.com
*.bucket.vpce-01d51b7c4afdf2ac8-ia78tyfz-us-west-2c.s3.us-west-2.vpce.amazonaws.com
*.bucket.vpce-01d51b7c4afdf2ac8-ia78tyfz-us-west-2d.s3.us-west-2.vpce.amazonaws.com
*.bucket.vpce-01d51b7c4afdf2ac8-ia78tyfz.s3.us-west-2.vpce.amazonaws.com
*.control.vpce-01d51b7c4afdf2ac8-ia78tyfz-us-west-2a.s3.us-west-2.vpce.amazonaws.com
*.control.vpce-01d51b7c4afdf2ac8-ia78tyfz-us-west-2b.s3.us-west-2.vpce.amazonaws.com
*.control.vpce-01d51b7c4afdf2ac8-ia78tyfz-us-west-2c.s3.us-west-2.vpce.amazonaws.com
*.control.vpce-01d51b7c4afdf2ac8-ia78tyfz-us-west-2d.s3.us-west-2.vpce.amazonaws.com
*.control.vpce-01d51b7c4afdf2ac8-ia78tyfz.s3.us-west-2.vpce.amazonaws.com
*.s3-accesspoint.us-west-2.amazonaws.com
*.s3-control.us-west-2.amazonaws.com
*.s3.us-west-2.amazonaws.com
bucket.vpce-01d51b7c4afdf2ac8-ia78tyfz-us-west-2a.s3.us-west-2.vpce.amazonaws.com
bucket.vpce-01d51b7c4afdf2ac8-ia78tyfz-us-west-2b.s3.us-west-2.vpce.amazonaws.com
bucket.vpce-01d51b7c4afdf2ac8-ia78tyfz-us-west-2c.s3.us-west-2.vpce.amazonaws.com
bucket.vpce-01d51b7c4afdf2ac8-ia78tyfz-us-west-2d.s3.us-west-2.vpce.amazonaws.com
bucket.vpce-01d51b7c4afdf2ac8-ia78tyfz.s3.us-west-2.vpce.amazonaws.com
s3.us-west-2.amazonaws.com
www.defidynamicst.com.mkkpartner.net
*.canary424e886fa270.ri5nfr.c5.kafka.eu-central-1.amazonaws.com
*.iam.canary424e886fa270.ri5nfr.c5.kafka.eu-central-1.amazonaws.com
*.iam2.canary424e886fa270.ri5nfr.c5.kafka.eu-central-1.amazonaws.com
*.scram.canary424e886fa270.ri5nfr.c5.kafka.eu-central-1.amazonaws.com
*.scram2.canary424e886fa270.ri5nfr.c5.kafka.eu-central-1.amazonaws.com
*.tls.canary424e886fa270.ri5nfr.c5.kafka.eu-central-1.amazonaws.com
*.tls2.canary424e886fa270.ri5nfr.c5.kafka.eu-central-1.amazonaws.com
*.accesspoint.vpce-0c69e458786bb9f4a-mi0fvl3v-eu-central-2a.s3.eu-central-2.vpce.amazonaws.com
*.accesspoint.vpce-0c69e458786bb9f4a-mi0fvl3v-eu-central-2b.s3.eu-central-2.vpce.amazonaws.com
*.accesspoint.vpce-0c69e458786bb9f4a-mi0fvl3v-eu-central-2c.s3.eu-central-2.vpce.amazonaws.com
*.accesspoint.vpce-0c69e458786bb9f4a-mi0fvl3v.s3.eu-central-2.vpce.amazonaws.com
*.bucket.vpce-0c69e458786bb9f4a-mi0fvl3v-eu-central-2a.s3.eu-central-2.vpce.amazonaws.com
*.bucket.vpce-0c69e458786bb9f4a-mi0fvl3v-eu-central-2b.s3.eu-central-2.vpce.amazonaws.com
*.bucket.vpce-0c69e458786bb9f4a-mi0fvl3v-eu-central-2c.s3.eu-central-2.vpce.amazonaws.com
*.bucket.vpce-0c69e458786bb9f4a-mi0fvl3v.s3.eu-central-2.vpce.amazonaws.com
*.control.vpce-0c69e458786bb9f4a-mi0fvl3v-eu-central-2a.s3.eu-central-2.vpce.amazonaws.com
*.control.vpce-0c69e458786bb9f4a-mi0fvl3v-eu-central-2b.s3.eu-central-2.vpce.amazonaws.com
*.control.vpce-0c69e458786bb9f4a-mi0fvl3v-eu-central-2c.s3.eu-central-2.vpce.amazonaws.com
*.control.vpce-0c69e458786bb9f4a-mi0fvl3v.s3.eu-central-2.vpce.amazonaws.com
*.s3-accesspoint.eu-central-2.amazonaws.com
*.s3-control.eu-central-2.amazonaws.com
*.s3.eu-central-2.amazonaws.com
bucket.vpce-0c69e458786bb9f4a-mi0fvl3v-eu-central-2a.s3.eu-central-2.vpce.amazonaws.com
bucket.vpce-0c69e458786bb9f4a-mi0fvl3v-eu-central-2b.s3.eu-central-2.vpce.amazonaws.com
bucket.vpce-0c69e458786bb9f4a-mi0fvl3v-eu-central-2c.s3.eu-central-2.vpce.amazonaws.com
bucket.vpce-0c69e458786bb9f4a-mi0fvl3v.s3.eu-central-2.vpce.amazonaws.com
s3.eu-central-2.amazonaws.com
*.ap-south-1.es.amazonaws.com
owuqacmdqeuvolyv2vqeh6whzi.ap-south-1.es.amazonaws.com
ring-lp-amazon.dev-db.com
notexistsrdp.protonmai.com
www.portal.wwwwwwwwwwww.www.tk.h2897493.stratoserver.net
*.geo.redis.cache.windows.net
*.geo.redis.cache.windows.net
*.lifecycle-prober-prod-e33916ad-d1f6-4841-910f-88f1e407816a.europe-west10.managedkafka.gmk-lifecycle-prober-prod-2.cloud.goog
portal.tmamdlnrrbwww.git.stage.jour71.ru
www.portal.tmamdlnrrbwww.git.stage.jour71.ru
portal.creditoncebank.com
www.yandex.www.sber.pay.sber.1yvqjge2ld1l6yc.library.shagv.ru
yandex.www.sber.pay.sber.1yvqjge2ld1l6yc.library.shagv.ru
*.geo.redis.cache.windows.net
*.geo.redis.cache.windows.net
*.geo.redis.cache.windows.net
*.geo.redis.cache.windows.net
checkin.NA01.dm-selfhost.microsoft.com
checkin.dm-selfhost.microsoft.com
eu.checkin.dm-selfhost.microsoft.com
na.checkin.dm-selfhost.microsoft.com
*.geo.redis.cache.windows.net
www.workpartner.com.br.webguiaonline.com.br
2mcmadeiras.com.br.labbioclin.com.br
www.2mcmadeiras.com.br.labbioclin.com.br
notexistsrdp.protonmai.com
alt.canary.s3.ap-northeast-2.vpce.amazonaws.com
canary.s3.ap-northeast-2.vpce.amazonaws.com
*.canaryb7ffb2fc9d2.bpi9up.c4.kafka.ap-northeast-2.amazonaws.com
*.iam.canaryb7ffb2fc9d2.bpi9up.c4.kafka.ap-northeast-2.amazonaws.com
*.iam2.canaryb7ffb2fc9d2.bpi9up.c4.kafka.ap-northeast-2.amazonaws.com
*.scram.canaryb7ffb2fc9d2.bpi9up.c4.kafka.ap-northeast-2.amazonaws.com
*.scram2.canaryb7ffb2fc9d2.bpi9up.c4.kafka.ap-northeast-2.amazonaws.com
*.tls.canaryb7ffb2fc9d2.bpi9up.c4.kafka.ap-northeast-2.amazonaws.com
*.tls2.canaryb7ffb2fc9d2.bpi9up.c4.kafka.ap-northeast-2.amazonaws.com
*.canarya7bba2cc0386.e0qwk8.c4.kafka.eu-west-1.amazonaws.com
*.iam.canarya7bba2cc0386.e0qwk8.c4.kafka.eu-west-1.amazonaws.com
*.iam2.canarya7bba2cc0386.e0qwk8.c4.kafka.eu-west-1.amazonaws.com
*.scram.canarya7bba2cc0386.e0qwk8.c4.kafka.eu-west-1.amazonaws.com
*.scram2.canarya7bba2cc0386.e0qwk8.c4.kafka.eu-west-1.amazonaws.com
*.tls.canarya7bba2cc0386.e0qwk8.c4.kafka.eu-west-1.amazonaws.com
*.tls2.canarya7bba2cc0386.e0qwk8.c4.kafka.eu-west-1.amazonaws.com
alt.canary.s3.eu-west-1.vpce.amazonaws.com
canary.s3.eu-west-1.vpce.amazonaws.com
*.accesspoint.vpce-0d0b4b10b9876524d-wpbjsotd-ap-northeast-3a.s3.ap-northeast-3.vpce.amazonaws.com
*.accesspoint.vpce-0d0b4b10b9876524d-wpbjsotd-ap-northeast-3b.s3.ap-northeast-3.vpce.amazonaws.com
*.accesspoint.vpce-0d0b4b10b9876524d-wpbjsotd-ap-northeast-3c.s3.ap-northeast-3.vpce.amazonaws.com
*.accesspoint.vpce-0d0b4b10b9876524d-wpbjsotd.s3.ap-northeast-3.vpce.amazonaws.com
*.bucket.vpce-0d0b4b10b9876524d-wpbjsotd-ap-northeast-3a.s3.ap-northeast-3.vpce.amazonaws.com
*.bucket.vpce-0d0b4b10b9876524d-wpbjsotd-ap-northeast-3b.s3.ap-northeast-3.vpce.amazonaws.com
*.bucket.vpce-0d0b4b10b9876524d-wpbjsotd-ap-northeast-3c.s3.ap-northeast-3.vpce.amazonaws.com
*.bucket.vpce-0d0b4b10b9876524d-wpbjsotd.s3.ap-northeast-3.vpce.amazonaws.com
*.control.vpce-0d0b4b10b9876524d-wpbjsotd-ap-northeast-3a.s3.ap-northeast-3.vpce.amazonaws.com
*.control.vpce-0d0b4b10b9876524d-wpbjsotd-ap-northeast-3b.s3.ap-northeast-3.vpce.amazonaws.com
*.control.vpce-0d0b4b10b9876524d-wpbjsotd-ap-northeast-3c.s3.ap-northeast-3.vpce.amazonaws.com
*.control.vpce-0d0b4b10b9876524d-wpbjsotd.s3.ap-northeast-3.vpce.amazonaws.com
*.s3-accesspoint.ap-northeast-3.amazonaws.com
*.s3-control.ap-northeast-3.amazonaws.com
*.s3.ap-northeast-3.amazonaws.com
bucket.vpce-0d0b4b10b9876524d-wpbjsotd-ap-northeast-3a.s3.ap-northeast-3.vpce.amazonaws.com
bucket.vpce-0d0b4b10b9876524d-wpbjsotd-ap-northeast-3b.s3.ap-northeast-3.vpce.amazonaws.com
bucket.vpce-0d0b4b10b9876524d-wpbjsotd-ap-northeast-3c.s3.ap-northeast-3.vpce.amazonaws.com
bucket.vpce-0d0b4b10b9876524d-wpbjsotd.s3.ap-northeast-3.vpce.amazonaws.com
s3.ap-northeast-3.amazonaws.com
*.ap-south-1.es.amazonaws.com
owuqacmdqeuvolyv2vqeh6whzi.ap-south-1.es.amazonaws.com
*.canary424e886fa270.ri5nfr.c5.kafka.eu-central-1.amazonaws.com
*.iam.canary424e886fa270.ri5nfr.c5.kafka.eu-central-1.amazonaws.com
*.iam2.canary424e886fa270.ri5nfr.c5.kafka.eu-central-1.amazonaws.com
*.scram.canary424e886fa270.ri5nfr.c5.kafka.eu-central-1.amazonaws.com
*.scram2.canary424e886fa270.ri5nfr.c5.kafka.eu-central-1.amazonaws.com
*.tls.canary424e886fa270.ri5nfr.c5.kafka.eu-central-1.amazonaws.com
*.tls2.canary424e886fa270.ri5nfr.c5.kafka.eu-central-1.amazonaws.com
*.iam.registerandderegisterp.krn2z2.c2.kafka.us-west-1.amazonaws.com
*.iam2.registerandderegisterp.krn2z2.c2.kafka.us-west-1.amazonaws.com
*.registerandderegisterp.krn2z2.c2.kafka.us-west-1.amazonaws.com
*.scram.registerandderegisterp.krn2z2.c2.kafka.us-west-1.amazonaws.com
*.scram2.registerandderegisterp.krn2z2.c2.kafka.us-west-1.amazonaws.com
*.tls.registerandderegisterp.krn2z2.c2.kafka.us-west-1.amazonaws.com
*.tls2.registerandderegisterp.krn2z2.c2.kafka.us-west-1.amazonaws.com
*.eu-west-2.es.amazonaws.com
zoq4jiv264t4pddfrlzpycqcg4.eu-west-2.es.amazonaws.com
waws-prod-bn1-54a41fed.api.p.azurewebsites.windows.net
checkin.NA01.dm-selfhost.microsoft.com
checkin.dm-selfhost.microsoft.com
eu.checkin.dm-selfhost.microsoft.com
na.checkin.dm-selfhost.microsoft.com
*.configcanary08ad2.6hyx9w.c3.kafka.ap-southeast-2.amazonaws.com
*.iam.configcanary08ad2.6hyx9w.c3.kafka.ap-southeast-2.amazonaws.com
*.iam2.configcanary08ad2.6hyx9w.c3.kafka.ap-southeast-2.amazonaws.com
*.scram.configcanary08ad2.6hyx9w.c3.kafka.ap-southeast-2.amazonaws.com
*.scram2.configcanary08ad2.6hyx9w.c3.kafka.ap-southeast-2.amazonaws.com
*.tls.configcanary08ad2.6hyx9w.c3.kafka.ap-southeast-2.amazonaws.com
*.tls2.configcanary08ad2.6hyx9w.c3.kafka.ap-southeast-2.amazonaws.com
*.configcanary61f36d72ba.mm7ntl.c4.kafka.eu-west-1.amazonaws.com
*.iam.configcanary61f36d72ba.mm7ntl.c4.kafka.eu-west-1.amazonaws.com
*.iam2.configcanary61f36d72ba.mm7ntl.c4.kafka.eu-west-1.amazonaws.com
*.scram.configcanary61f36d72ba.mm7ntl.c4.kafka.eu-west-1.amazonaws.com
*.scram2.configcanary61f36d72ba.mm7ntl.c4.kafka.eu-west-1.amazonaws.com
*.tls.configcanary61f36d72ba.mm7ntl.c4.kafka.eu-west-1.amazonaws.com
*.tls2.configcanary61f36d72ba.mm7ntl.c4.kafka.eu-west-1.amazonaws.com
*.geo.redis.cache.windows.net
demo.en.docs.login.ns.auth.exchange.dozenvpn.ru
demo.en.docs.login.ns.auth.exchange.dozenvpn.ru
*.geo.redis.cache.windows.net
*.geo.redis.cache.windows.net
auto-s871082va7-pbi-kv-dummyonecertv2publicca.analysis.windows-int.net
*.geo.redis.cache.windows.net
*.geo.redis.cache.windows.net
account.municpleonlinepayments.com
account.municpleonlinepayments.com
portal.wwwwww.a.h2775398.stratoserver.net
www.utrik.net.aguirrepsicologia.com
login.azuremicrosoft.store
teams.azuremicrosoft.store
www.azuremicrosoft.store
*.ag-af92759.goats.shoot.live.k8s-hana.ondemand.com
www.notexistsgitlab.gitlab.gitlab.secure.ezmod.ru
alt.canary.s3.us-west-1.vpce.amazonaws.com
canary.s3.us-west-1.vpce.amazonaws.com
*.ap-south-1.es.amazonaws.com
aa6txsca53z6uq6s4y63dkymry.ap-south-1.es.amazonaws.com
*.ap-south-1.es.amazonaws.com
4guhy5nlse7zo724paoyvntzpe.ap-south-1.es.amazonaws.com
*.ap-southeast-2.es.amazonaws.com
zzgoktuo7bfu3orbkq62ckku7i.ap-southeast-2.es.amazonaws.com
*.ap-south-1.es.amazonaws.com
bqddo56m3uldghq54y4rpwr6du.ap-south-1.es.amazonaws.com
*.ap-southeast-2.es.amazonaws.com
zmzt44gdtdn62p3xrm3o3l6z3m.ap-southeast-2.es.amazonaws.com
*.ap-south-1.es.amazonaws.com
5dtzs54z36qqutctxjibkhjd44.ap-south-1.es.amazonaws.com
*.ap-south-1.es.amazonaws.com
7bwkxpxtkdrynskj6ybls2chbm.ap-south-1.es.amazonaws.com
*.ap-southeast-2.es.amazonaws.com
z7px3a6ufnpfsp4oguqspxdth4.ap-southeast-2.es.amazonaws.com
alt.canary.s3.ap-southeast-5.vpce.amazonaws.com
canary.s3.ap-southeast-5.vpce.amazonaws.com
*.accesspoint.vpce-0e16180b88c06574c-eap2amzf-ap-southeast-4a.s3.ap-southeast-4.vpce.amazonaws.com
*.accesspoint.vpce-0e16180b88c06574c-eap2amzf-ap-southeast-4b.s3.ap-southeast-4.vpce.amazonaws.com
*.accesspoint.vpce-0e16180b88c06574c-eap2amzf-ap-southeast-4c.s3.ap-southeast-4.vpce.amazonaws.com
*.accesspoint.vpce-0e16180b88c06574c-eap2amzf.s3.ap-southeast-4.vpce.amazonaws.com
*.bucket.vpce-0e16180b88c06574c-eap2amzf-ap-southeast-4a.s3.ap-southeast-4.vpce.amazonaws.com
*.bucket.vpce-0e16180b88c06574c-eap2amzf-ap-southeast-4b.s3.ap-southeast-4.vpce.amazonaws.com
*.bucket.vpce-0e16180b88c06574c-eap2amzf-ap-southeast-4c.s3.ap-southeast-4.vpce.amazonaws.com
*.bucket.vpce-0e16180b88c06574c-eap2amzf.s3.ap-southeast-4.vpce.amazonaws.com
*.control.vpce-0e16180b88c06574c-eap2amzf-ap-southeast-4a.s3.ap-southeast-4.vpce.amazonaws.com
*.control.vpce-0e16180b88c06574c-eap2amzf-ap-southeast-4b.s3.ap-southeast-4.vpce.amazonaws.com
*.control.vpce-0e16180b88c06574c-eap2amzf-ap-southeast-4c.s3.ap-southeast-4.vpce.amazonaws.com
*.control.vpce-0e16180b88c06574c-eap2amzf.s3.ap-southeast-4.vpce.amazonaws.com
*.s3-accesspoint.ap-southeast-4.amazonaws.com
*.s3-control.ap-southeast-4.amazonaws.com
*.s3.ap-southeast-4.amazonaws.com
bucket.vpce-0e16180b88c06574c-eap2amzf-ap-southeast-4a.s3.ap-southeast-4.vpce.amazonaws.com
bucket.vpce-0e16180b88c06574c-eap2amzf-ap-southeast-4b.s3.ap-southeast-4.vpce.amazonaws.com
bucket.vpce-0e16180b88c06574c-eap2amzf-ap-southeast-4c.s3.ap-southeast-4.vpce.amazonaws.com
bucket.vpce-0e16180b88c06574c-eap2amzf.s3.ap-southeast-4.vpce.amazonaws.com
s3.ap-southeast-4.amazonaws.com
alt.canary.s3.us-gov-west-1.vpce.amazonaws.com
canary.s3.us-gov-west-1.vpce.amazonaws.com
*.configcanary398cbe16bf.l80vpp.c5.kafka.eu-west-1.amazonaws.com
*.iam.configcanary398cbe16bf.l80vpp.c5.kafka.eu-west-1.amazonaws.com
*.iam2.configcanary398cbe16bf.l80vpp.c5.kafka.eu-west-1.amazonaws.com
*.scram.configcanary398cbe16bf.l80vpp.c5.kafka.eu-west-1.amazonaws.com
*.scram2.configcanary398cbe16bf.l80vpp.c5.kafka.eu-west-1.amazonaws.com
*.tls.configcanary398cbe16bf.l80vpp.c5.kafka.eu-west-1.amazonaws.com
*.tls2.configcanary398cbe16bf.l80vpp.c5.kafka.eu-west-1.amazonaws.com
*.canaryffa44fd58f70.7pjn5t.c3.kafka.eu-central-2.amazonaws.com
*.iam.canaryffa44fd58f70.7pjn5t.c3.kafka.eu-central-2.amazonaws.com
*.iam2.canaryffa44fd58f70.7pjn5t.c3.kafka.eu-central-2.amazonaws.com
*.scram.canaryffa44fd58f70.7pjn5t.c3.kafka.eu-central-2.amazonaws.com
*.scram2.canaryffa44fd58f70.7pjn5t.c3.kafka.eu-central-2.amazonaws.com
*.tls.canaryffa44fd58f70.7pjn5t.c3.kafka.eu-central-2.amazonaws.com
*.tls2.canaryffa44fd58f70.7pjn5t.c3.kafka.eu-central-2.amazonaws.com
*.us-west-2.es.amazonaws.com
aemdsvhv366m5sjxrwfgsxj3ty.us-west-2.es.amazonaws.com
vai-055ab6cd4fb4bf0e8.ava.ap-southeast-3.amazonaws.com
portal.cyprusbank.com
login.dashboard.dashboard.fr.partick.insightandsound.co.uk
tagetrustbonline.com.dns.freedyndns.org
m.portal.www.wwwwww.wwwwwwwww.frosty-newton.13-68-225-194.plesk.page
www.portal.app.wwwportal.valorebarca.macbook-pro-di-luca.tunnel.oneam.cloud
www.www.www.www.www.notexistscisco.ourtimesupport.com
www.app.portal.portal.www.app.www.forms.archersettlement.com
www.www.portal.portal.app.wwwepic-sanderson.13-68-225-194.plesk.page
*.geo.redis.cache.windows.net
*.lifecycle-prober-prod-727eea8d-da89-4c71-b27e-98c349acac08.southamerica-east1.managedkafka.gmk-lifecycle-prober-prod-2.cloud.goog
*.geo.redis.cache.windows.net
support.admin.lehrerfortbildung-leo-baeck.de
www.pochta.avito.avito.avito.www.financesolid1051.euowa.bloxawards.com
www.jkdroptaxi.com.hostaloj.com
www.portal.www.portal.ww.eployments.miniloop-01.cynova.dev
portal.app.www.portal.app.app.www.essure.archersettlement.com
portal.www.lsfqegitlab.gitlab.devops.seocopywriting.ru
www.portal.www.lsfqegitlab.gitlab.devops.seocopywriting.ru
www.www.login.muchogustomilano.it
app.www.portal.app.portal.www.234cde3d.nip.io
*.lifecycle-prober-prod-0e02977d-55b4-4310-a0e1-b39745849d61.europe-west9.managedkafka.gmk-lifecycle-prober-prod-3.cloud.goog
certstories.test.netflix.net
www.terapiapsicologicaenbenitojuarez.com.enpodi.com.mx
old.portal.hotmaile.de
www.www.www.csudmh0khltshaalg52g.w.marketingemporiums.com.dns.freedyndns.org
www.www.www.www.www.www.global.ourtimesupport.com
www.www.vpn.teehaa.comkhltn12ptb820.wwwheritagetrustbonline.com.dns.freedyndns.org
gtest.autoconfig.static.webmail.old.login.clientes.insightandsound.co.uk
www.www.www.www.app.portal.wwwfestive-torvalds.13-68-225-194.plesk.page
zmail.media-work.it
meskana.com.ng.dictacareinitiative.com
www.meskana.com.ng.dictacareinitiative.com
static.146.95.4.46.clients.your-server.de
outlook.gwcby.cn
39824.7159.dev.secrets-manager.test.appdomain.cloud
*.ag-f5d21af.goats.shoot.live.k8s-hana.ondemand.com
portal.cyprusbank.com
zahrarezaicloud.com
zahrarezaicloud.com
www.yelpnepal.com.devluktech.com
www.0ab.git.gitlab.gitlab.157-90-17-33.affectionate-dubinsky.103-82-242-18.plesk.page
www.alpha.143-244-152-170.vibrant-payne.103-102-153-188.plesk.page
portal.git.gitlab.robincox.comg.magento.dianji.duckdns.org
www.portal.git.gitlab.robincox.comg.magento.dianji.duckdns.org
horizons.go.caform.seut-qa-5539-1829.cname.support.cc
horizons.go.caform.seut-qa-5539-1829.cname.support.cc
*.geo.redis.cache.windows.net
www.tigerstwitter.com
*.geo.redis.cache.windows.net
www.exonoia.com.jasaibnu.com
meskana.com.ng.dictacareinitiative.com
www.meskana.com.ng.dictacareinitiative.com
hubspotdemo.epicloud.com.tw
avito.www.sberbank.newpassword2016.desireplum.com
www.isoogallery.com.wpbus.ir
www.satcelltechnologies.com.wpbus.ir
www.talashservice.com.wpbus.ir
creativecenter.com.np.drmadhusudhanadhikari.com
www.creativecenter.com.np.drmadhusudhanadhikari.com
www.mattikhanmountainviewresort.com.prowebsitenepal.com
www.winterbothamtrust.com.mckenziefoundations.com
www.wwwww1.localhost.jby.mybluehog.client.turboelectronic.ru
wwwww1.localhost.jby.mybluehog.client.turboelectronic.ru
*.ag-009c8d6.goats.shoot.live.k8s-hana.ondemand.com
alt.canary.s3.eu-west-1.vpce.amazonaws.com
canary.s3.eu-west-1.vpce.amazonaws.com
*.canarya7bba2cc0386.e0qwk8.c4.kafka.eu-west-1.amazonaws.com
*.iam.canarya7bba2cc0386.e0qwk8.c4.kafka.eu-west-1.amazonaws.com
*.iam2.canarya7bba2cc0386.e0qwk8.c4.kafka.eu-west-1.amazonaws.com
*.scram.canarya7bba2cc0386.e0qwk8.c4.kafka.eu-west-1.amazonaws.com
*.scram2.canarya7bba2cc0386.e0qwk8.c4.kafka.eu-west-1.amazonaws.com
*.tls.canarya7bba2cc0386.e0qwk8.c4.kafka.eu-west-1.amazonaws.com
*.tls2.canarya7bba2cc0386.e0qwk8.c4.kafka.eu-west-1.amazonaws.com
mpzfjyacixnwx.mrap.accesspoint.s3-global.amazonaws.com
alt.canary.s3.af-south-1.vpce.amazonaws.com
canary.s3.af-south-1.vpce.amazonaws.com
*.canary4200b041c0e.wox2y5.c4.kafka.ap-southeast-3.amazonaws.com
*.iam.canary4200b041c0e.wox2y5.c4.kafka.ap-southeast-3.amazonaws.com
*.iam2.canary4200b041c0e.wox2y5.c4.kafka.ap-southeast-3.amazonaws.com
*.scram.canary4200b041c0e.wox2y5.c4.kafka.ap-southeast-3.amazonaws.com
*.scram2.canary4200b041c0e.wox2y5.c4.kafka.ap-southeast-3.amazonaws.com
*.tls.canary4200b041c0e.wox2y5.c4.kafka.ap-southeast-3.amazonaws.com
*.tls2.canary4200b041c0e.wox2y5.c4.kafka.ap-southeast-3.amazonaws.com
alt.canary.s3.eu-west-1.vpce.amazonaws.com
canary.s3.eu-west-1.vpce.amazonaws.com
*.cfnlaunchpadcanar.pve57r.c2.kafka.ap-southeast-3.amazonaws.com
*.iam.cfnlaunchpadcanar.pve57r.c2.kafka.ap-southeast-3.amazonaws.com
*.iam2.cfnlaunchpadcanar.pve57r.c2.kafka.ap-southeast-3.amazonaws.com
*.scram.cfnlaunchpadcanar.pve57r.c2.kafka.ap-southeast-3.amazonaws.com
*.scram2.cfnlaunchpadcanar.pve57r.c2.kafka.ap-southeast-3.amazonaws.com
*.tls.cfnlaunchpadcanar.pve57r.c2.kafka.ap-southeast-3.amazonaws.com
*.tls2.cfnlaunchpadcanar.pve57r.c2.kafka.ap-southeast-3.amazonaws.com
alt.canary.s3.eu-north-1.vpce.amazonaws.com
canary.s3.eu-north-1.vpce.amazonaws.com
*.iam.registerandderegisterp.krn2z2.c2.kafka.us-west-1.amazonaws.com
*.iam2.registerandderegisterp.krn2z2.c2.kafka.us-west-1.amazonaws.com
*.registerandderegisterp.krn2z2.c2.kafka.us-west-1.amazonaws.com
*.scram.registerandderegisterp.krn2z2.c2.kafka.us-west-1.amazonaws.com
*.scram2.registerandderegisterp.krn2z2.c2.kafka.us-west-1.amazonaws.com
*.tls.registerandderegisterp.krn2z2.c2.kafka.us-west-1.amazonaws.com
*.tls2.registerandderegisterp.krn2z2.c2.kafka.us-west-1.amazonaws.com
2mcmadeiras.com.br.labbioclin.com.br
www.2mcmadeiras.com.br.labbioclin.com.br
notexistsrdp.protonmai.com
www.aggarwalrototechnik.com.ewstechnologies.com
www.groversteelworks.com.ewstechnologies.com
portal.m-icloud.app
*.canaryf14daf7819d.ngi0cb.c4.kafka.ap-northeast-3.amazonaws.com
*.iam.canaryf14daf7819d.ngi0cb.c4.kafka.ap-northeast-3.amazonaws.com
*.iam2.canaryf14daf7819d.ngi0cb.c4.kafka.ap-northeast-3.amazonaws.com
*.scram.canaryf14daf7819d.ngi0cb.c4.kafka.ap-northeast-3.amazonaws.com
*.scram2.canaryf14daf7819d.ngi0cb.c4.kafka.ap-northeast-3.amazonaws.com
*.tls.canaryf14daf7819d.ngi0cb.c4.kafka.ap-northeast-3.amazonaws.com
*.tls2.canaryf14daf7819d.ngi0cb.c4.kafka.ap-northeast-3.amazonaws.com
*.zda.graphql.fabric.microsoft-int.com
*.zda.w.api.fabric.microsoft-int.com
auto-s871070vi7-pbi-kv-HttpsZoneda.zda.w.api.fabric.microsoft-int.com
*.z9b.graphql.fabric.microsoft-int.com
*.z9b.w.api.fabric.microsoft-int.com
auto-s871070vi7-pbi-kv-HttpsZone9b.z9b.w.api.fabric.microsoft-int.com
*.z3b.graphql.fabric.microsoft-int.com
*.z3b.w.api.fabric.microsoft-int.com
auto-s871070vi7-pbi-kv-HttpsZone3b.z3b.w.api.fabric.microsoft-int.com
auto-s871082va7-pbi-kv-dummyonecertv2publicca.analysis.windows-int.net
www.cakesewa.com.nepalworldhr.com
www.yatramagazine.com.nepalworldhr.com
www.amanahjayaexpress.com.goldenpark3serpong.com
www.exonoia.com.jasaibnu.com
lyncdiscover.webmail.windowspedia.de
*.ag-f9f705a.goats.shoot.live.k8s-hana.ondemand.com
www.65-108-45-171.elated-noether.103-172-204-48.plesk.page
www.www.whatsup.google.messages.com
*.ftp.jainh3.antares-test.windows-int.net
*.jainh3.australiaeast-01.antares-test.windows-int.net
*.publish.jainh3.antares-test.windows-int.net
*.scm.jainh3.antares-test.windows-int.net
*.scm.jainh3.australiaeast-01.antares-test.windows-int.net
kc-deploy-test-ffm.apps.c-frankfurt-ga-test1.vshnmanaged.net
wwwoutlook.blackmagick.nl
www.acibra.com.br.charlespadilha.com.br
www.nesbra.com.charlespadilha.com.br
*.microsoft.da57c848-7f12-4ad5-9205-cda13e93d148.com.admin-mcas-df.ms
*.microsoft.da57c848-7f12-4ad5-9205-cda13e93d148.com.admin-mcas.ms
*.microsoft.da57c848-7f12-4ad5-9205-cda13e93d148.com.mcas-df.ms
*.microsoft.da57c848-7f12-4ad5-9205-cda13e93d148.com.mcas.ms
waws-prod-dm1-187.ftp.azurewebsites.windows.net
waws-prod-dm1-187.publish.azurewebsites.windows.net
portal-e2e-pg-conf-ha-autogrow-202516-091833015.pg.ossmc-scus1-a.mscds.com
www.eu.ddmgymhf.64-227-108-172.www.103-112-244-88.cprapid.com
psql-ctp-ch-rems-inbound-service-tst-weeu-01-c9b5ee2a.postgres.database.azure.com
qmail.zoomx.com
0www.superset.alpha.149-28-135-250.ecstatic-gauss.103-109-154-45.plesk.page
secure-fb-ads-manager.pa-batusangkar.go.id
www.secure-fb-ads-manager.pa-batusangkar.go.id
meskana.com.ng.dictacareinitiative.com
www.meskana.com.ng.dictacareinitiative.com
hubspotdemo.epicloud.com.tw
avito.www.sberbank.newpassword2016.desireplum.com
*.overstock-sell.com
overstock-sell.com
*.overstock-sell.com
overstock-sell.com
auto-s2518801-pbi-kv-dummyonecertv2publicca.analysis.windows-int.net
pstgs-backoffice-flex-homolog-8b501044.postgres.database.azure.com
*.ftp.jainh3.antares-test.windows-int.net
*.jainh3.australiaeast-01.antares-test.windows-int.net
*.publish.jainh3.antares-test.windows-int.net
*.scm.jainh3.antares-test.windows-int.net
*.scm.jainh3.australiaeast-01.antares-test.windows-int.net
www.wwwww1.localhost.jby.mybluehog.client.turboelectronic.ru
wwwww1.localhost.jby.mybluehog.client.turboelectronic.ru
*.coolify-githubwebhook-proxy.flo-mair.workers.dev
witidaalar-medewerkers.hu.minor.infosupport.dev
witidaalar-webshop.hu.minor.infosupport.dev
www.ww9.instagramdp.com
syainmat.skyapple.jp
www.portal.secureplatformeserver.actor
portal.dream-manager.com
dev.mockservices-banking.dev01.modelmatrix.ai
www.wwwww1.localhost.jby.mybluehog.client.turboelectronic.ru
wwwww1.localhost.jby.mybluehog.client.turboelectronic.ru
user-management.api.v2.synq-platform.com
user-management.api.v2.synq-platform.com
mail.paninjawan-slk.desa.id.103-225-242-123.cprapid.com
paninjawan-slk.desa.id.103-225-242-123.cprapid.com
www.paninjawan-slk.desa.id.103-225-242-123.cprapid.com
*.me-central-1.es.amazonaws.com
kdld6mnxswgnn3joe5kphmqdde.me-central-1.es.amazonaws.com
alt.canary.s3.us-east-2.vpce.amazonaws.com
canary.s3.us-east-2.vpce.amazonaws.com
*.accesspoint.vpce-003e1cef89f48ac74-1ti7p2ra-ca-west-1a.s3.ca-west-1.vpce.amazonaws.com
*.accesspoint.vpce-003e1cef89f48ac74-1ti7p2ra-ca-west-1b.s3.ca-west-1.vpce.amazonaws.com
*.accesspoint.vpce-003e1cef89f48ac74-1ti7p2ra-ca-west-1c.s3.ca-west-1.vpce.amazonaws.com
*.accesspoint.vpce-003e1cef89f48ac74-1ti7p2ra.s3.ca-west-1.vpce.amazonaws.com
*.bucket.vpce-003e1cef89f48ac74-1ti7p2ra-ca-west-1a.s3.ca-west-1.vpce.amazonaws.com
*.bucket.vpce-003e1cef89f48ac74-1ti7p2ra-ca-west-1b.s3.ca-west-1.vpce.amazonaws.com
*.bucket.vpce-003e1cef89f48ac74-1ti7p2ra-ca-west-1c.s3.ca-west-1.vpce.amazonaws.com
*.bucket.vpce-003e1cef89f48ac74-1ti7p2ra.s3.ca-west-1.vpce.amazonaws.com
*.control.vpce-003e1cef89f48ac74-1ti7p2ra-ca-west-1a.s3.ca-west-1.vpce.amazonaws.com
*.control.vpce-003e1cef89f48ac74-1ti7p2ra-ca-west-1b.s3.ca-west-1.vpce.amazonaws.com
*.control.vpce-003e1cef89f48ac74-1ti7p2ra-ca-west-1c.s3.ca-west-1.vpce.amazonaws.com
*.control.vpce-003e1cef89f48ac74-1ti7p2ra.s3.ca-west-1.vpce.amazonaws.com
*.s3-accesspoint.ca-west-1.amazonaws.com
*.s3-control.ca-west-1.amazonaws.com
*.s3.ca-west-1.amazonaws.com
bucket.vpce-003e1cef89f48ac74-1ti7p2ra-ca-west-1a.s3.ca-west-1.vpce.amazonaws.com
bucket.vpce-003e1cef89f48ac74-1ti7p2ra-ca-west-1b.s3.ca-west-1.vpce.amazonaws.com
bucket.vpce-003e1cef89f48ac74-1ti7p2ra-ca-west-1c.s3.ca-west-1.vpce.amazonaws.com
bucket.vpce-003e1cef89f48ac74-1ti7p2ra.s3.ca-west-1.vpce.amazonaws.com
s3.ca-west-1.amazonaws.com
alt.canary.s3.sa-east-1.vpce.amazonaws.com
canary.s3.sa-east-1.vpce.amazonaws.com
*.us-east-2.es.amazonaws.com
ev2rurna5b3dmvhk5vavv5l7uq.us-east-2.es.amazonaws.com
*.eu-central-2.es.amazonaws.com
pkcbbefqje2ixaysg6eez42c2a.eu-central-2.es.amazonaws.com
alt.canary.s3.ap-south-1.vpce.amazonaws.com
canary.s3.ap-south-1.vpce.amazonaws.com
*.us-east-2.es.amazonaws.com
cmngppfzezlor2mi2g7qtz2twm.us-east-2.es.amazonaws.com
www.portal.www.satscores.ennlive.org
www.www.www.wwwwwwhealthfulcosmetic.com.shafran.wegs.konimbo.co.il
www.www.www.www.us-west-2.amazonbalibaby.konimbo.co.il
www.wcqtbpbpbokhltn12ptb8qg.arclaysoffshoresservice.com.dns.freedyndns.org
csv2050khltt1d91id10.www.farmaciarebba.comedits.com.dns.freedyndns.org
vgmail.vgemunstruttal.de
www.www.www.ww.w.barclaysoffshoresservice.com.dns.freedyndns.org
www.held-gmbh.comtbonline.com.dns.freedyndns.org
nalozhka.www.sberbank.pay.pay.sberbank.covid19disasterreliefgandglancrm.karabruce.com
certstories.test.netflix.net
www.wwwzkrslwww.netflix.sutch.the.monster
admin.m-icloud.app
*.ag-72e5fb1.goats.shoot.live.k8s-hana.ondemand.com
*.ag-9664959.goats.shoot.live.k8s-hana.ondemand.com
econetflix.com
www.econetflix.com
crmtool.skyapple.jp
lrsofficial.com.frieghtdelivery.com
www.lrsofficial.com.frieghtdelivery.com
www.qpk.gmagl.com
www.snohomishaaplumbing.com.cloud206411.com
jensen-twitter.cb01hd.net
www.wwwgitlab.wwwwww.104-248-114-136.147-139-161-0.cprapid.com
www.isoogallery.com.wpbus.ir
www.satcelltechnologies.com.wpbus.ir
www.talashservice.com.wpbus.ir
www.outlook.animal.pro
www.0www.www.www.prod-airflow.157-90-17-33.affectionate-sanderson.34-101-150-1.plesk.page
www.mattikhanmountainviewresort.com.prowebsitenepal.com
www.ridebd.com.obiplabon.com
ankform.skyapple.jp
*.noreply-amazon.com
noreply-amazon.com
www.bitsnetworks.com.socialberkley.com
www.git.gitlab.gitlab.157-90-17-33.serene-cohen.103-140-54-138.plesk.page
0www.alpha-airflow.143-244-152-170.interesting-bell.103-41-205-4.plesk.page
mail.laminatedwindows.co.uk
portal.m-icloud.app
www.0production.analytics.157-90-17-33.suspicious-boyd.103-41-207-152.plesk.page
*.zdb.graphql.fabric.microsoft-int.com
*.zdb.w.api.fabric.microsoft-int.com
auto-s871070vi7-pbi-kv-HttpsZonedb.zdb.w.api.fabric.microsoft-int.com
psql-ctp-ch-rems-inbound-service-tst-weeu-01-c9b5ee2a.postgres.database.azure.com
*.z9c.graphql.fabric.microsoft-int.com
*.z9c.w.api.fabric.microsoft-int.com
auto-s871070vi7-pbi-kv-HttpsZone9c.z9c.w.api.fabric.microsoft-int.com
*.us-east-2.es.amazonaws.com
k7xntsx4xx33oekkfdwguwzl7a.us-east-2.es.amazonaws.com
*.me-central-1.es.amazonaws.com
kdld6mnxswgnn3joe5kphmqdde.me-central-1.es.amazonaws.com
alt.canary.s3.us-east-2.vpce.amazonaws.com
canary.s3.us-east-2.vpce.amazonaws.com
*.accesspoint.vpce-003e1cef89f48ac74-1ti7p2ra-ca-west-1a.s3.ca-west-1.vpce.amazonaws.com
*.accesspoint.vpce-003e1cef89f48ac74-1ti7p2ra-ca-west-1b.s3.ca-west-1.vpce.amazonaws.com
*.accesspoint.vpce-003e1cef89f48ac74-1ti7p2ra-ca-west-1c.s3.ca-west-1.vpce.amazonaws.com
*.accesspoint.vpce-003e1cef89f48ac74-1ti7p2ra.s3.ca-west-1.vpce.amazonaws.com
*.bucket.vpce-003e1cef89f48ac74-1ti7p2ra-ca-west-1a.s3.ca-west-1.vpce.amazonaws.com
*.bucket.vpce-003e1cef89f48ac74-1ti7p2ra-ca-west-1b.s3.ca-west-1.vpce.amazonaws.com
*.bucket.vpce-003e1cef89f48ac74-1ti7p2ra-ca-west-1c.s3.ca-west-1.vpce.amazonaws.com
*.bucket.vpce-003e1cef89f48ac74-1ti7p2ra.s3.ca-west-1.vpce.amazonaws.com
*.control.vpce-003e1cef89f48ac74-1ti7p2ra-ca-west-1a.s3.ca-west-1.vpce.amazonaws.com
*.control.vpce-003e1cef89f48ac74-1ti7p2ra-ca-west-1b.s3.ca-west-1.vpce.amazonaws.com
*.control.vpce-003e1cef89f48ac74-1ti7p2ra-ca-west-1c.s3.ca-west-1.vpce.amazonaws.com
*.control.vpce-003e1cef89f48ac74-1ti7p2ra.s3.ca-west-1.vpce.amazonaws.com
*.s3-accesspoint.ca-west-1.amazonaws.com
*.s3-control.ca-west-1.amazonaws.com
*.s3.ca-west-1.amazonaws.com
bucket.vpce-003e1cef89f48ac74-1ti7p2ra-ca-west-1a.s3.ca-west-1.vpce.amazonaws.com
bucket.vpce-003e1cef89f48ac74-1ti7p2ra-ca-west-1b.s3.ca-west-1.vpce.amazonaws.com
bucket.vpce-003e1cef89f48ac74-1ti7p2ra-ca-west-1c.s3.ca-west-1.vpce.amazonaws.com
bucket.vpce-003e1cef89f48ac74-1ti7p2ra.s3.ca-west-1.vpce.amazonaws.com
s3.ca-west-1.amazonaws.com
alt.canary.s3.sa-east-1.vpce.amazonaws.com
canary.s3.sa-east-1.vpce.amazonaws.com
*.ftp.jainh3.antares-test.windows-int.net
*.jainh3.australiaeast-01.antares-test.windows-int.net
*.publish.jainh3.antares-test.windows-int.net
*.scm.jainh3.antares-test.windows-int.net
*.scm.jainh3.australiaeast-01.antares-test.windows-int.net
*.us-east-2.es.amazonaws.com
ev2rurna5b3dmvhk5vavv5l7uq.us-east-2.es.amazonaws.com
*.eu-central-2.es.amazonaws.com
pkcbbefqje2ixaysg6eez42c2a.eu-central-2.es.amazonaws.com
alt.canary.s3.ap-south-1.vpce.amazonaws.com
canary.s3.ap-south-1.vpce.amazonaws.com
*.us-east-2.es.amazonaws.com
cmngppfzezlor2mi2g7qtz2twm.us-east-2.es.amazonaws.com
*.us-east-1.es.amazonaws.com
z2x5jrmt67qdqbjcbbgtnjpapm.us-east-1.es.amazonaws.com
api.m-icloud.app
*.lifecycle-prober-prod-2983e207-6463-440c-b18d-91e662266fa8.europe-west1.managedkafka.gmk-lifecycle-prober-prod-2.cloud.goog
shop.m-icloud.app
store.m-icloud.app
api.m-icloud.app
*.geo.redis.cache.windows.net
psql-ctp-password-rule-service-acc-weeu-01-d24a127a.postgres.database.azure.com
*.geo.redis.cache.windows.net
intranet.m-icloud.app
0www.alpha-airflow.143-244-152-170.interesting-bell.103-41-205-4.plesk.page
*.geo.redis.cache.windows.net
portal.lsfqegitlab.gitlab.devops.seocopywriting.ru
www.portal.lsfqegitlab.gitlab.devops.seocopywriting.ru
portal.lsfqegitlab.gitlab.devops.seocopywriting.ru
www.portal.lsfqegitlab.gitlab.devops.seocopywriting.ru
app.m-icloud.app
vai-0ca13fa2d9ca9af4f.ava.eu-west-2.amazonaws.com
*.us-west-2.es.amazonaws.com
aemdsvhv366m5sjxrwfgsxj3ty.us-west-2.es.amazonaws.com
www.belibyd.com.toyota-veloz.com
www.promocheryfatmawati.com.toyota-veloz.com
www.promomurahhyundai.com.toyota-veloz.com
*.us-east-1.es.amazonaws.com
i5gbvof2e2zyes4vl4a2xntoym.us-east-1.es.amazonaws.com
*.accesspoint.vpce-07e33a07c24a8272e-8cj4scg0-ap-south-2a.s3.ap-south-2.vpce.amazonaws.com
*.accesspoint.vpce-07e33a07c24a8272e-8cj4scg0-ap-south-2b.s3.ap-south-2.vpce.amazonaws.com
*.accesspoint.vpce-07e33a07c24a8272e-8cj4scg0-ap-south-2c.s3.ap-south-2.vpce.amazonaws.com
*.accesspoint.vpce-07e33a07c24a8272e-8cj4scg0.s3.ap-south-2.vpce.amazonaws.com
*.bucket.vpce-07e33a07c24a8272e-8cj4scg0-ap-south-2a.s3.ap-south-2.vpce.amazonaws.com
*.bucket.vpce-07e33a07c24a8272e-8cj4scg0-ap-south-2b.s3.ap-south-2.vpce.amazonaws.com
*.bucket.vpce-07e33a07c24a8272e-8cj4scg0-ap-south-2c.s3.ap-south-2.vpce.amazonaws.com
*.bucket.vpce-07e33a07c24a8272e-8cj4scg0.s3.ap-south-2.vpce.amazonaws.com
*.control.vpce-07e33a07c24a8272e-8cj4scg0-ap-south-2a.s3.ap-south-2.vpce.amazonaws.com
*.control.vpce-07e33a07c24a8272e-8cj4scg0-ap-south-2b.s3.ap-south-2.vpce.amazonaws.com
*.control.vpce-07e33a07c24a8272e-8cj4scg0-ap-south-2c.s3.ap-south-2.vpce.amazonaws.com
*.control.vpce-07e33a07c24a8272e-8cj4scg0.s3.ap-south-2.vpce.amazonaws.com
*.s3-accesspoint.ap-south-2.amazonaws.com
*.s3-control.ap-south-2.amazonaws.com
*.s3.ap-south-2.amazonaws.com
bucket.vpce-07e33a07c24a8272e-8cj4scg0-ap-south-2a.s3.ap-south-2.vpce.amazonaws.com
bucket.vpce-07e33a07c24a8272e-8cj4scg0-ap-south-2b.s3.ap-south-2.vpce.amazonaws.com
bucket.vpce-07e33a07c24a8272e-8cj4scg0-ap-south-2c.s3.ap-south-2.vpce.amazonaws.com
bucket.vpce-07e33a07c24a8272e-8cj4scg0.s3.ap-south-2.vpce.amazonaws.com
s3.ap-south-2.amazonaws.com
*.accesspoint.vpce-0f925d3f4eb977b3c-fqtyxxx4-eu-west-3a.s3.eu-west-3.vpce.amazonaws.com
*.accesspoint.vpce-0f925d3f4eb977b3c-fqtyxxx4-eu-west-3b.s3.eu-west-3.vpce.amazonaws.com
*.accesspoint.vpce-0f925d3f4eb977b3c-fqtyxxx4-eu-west-3c.s3.eu-west-3.vpce.amazonaws.com
*.accesspoint.vpce-0f925d3f4eb977b3c-fqtyxxx4.s3.eu-west-3.vpce.amazonaws.com
*.bucket.vpce-0f925d3f4eb977b3c-fqtyxxx4-eu-west-3a.s3.eu-west-3.vpce.amazonaws.com
*.bucket.vpce-0f925d3f4eb977b3c-fqtyxxx4-eu-west-3b.s3.eu-west-3.vpce.amazonaws.com
*.bucket.vpce-0f925d3f4eb977b3c-fqtyxxx4-eu-west-3c.s3.eu-west-3.vpce.amazonaws.com
*.bucket.vpce-0f925d3f4eb977b3c-fqtyxxx4.s3.eu-west-3.vpce.amazonaws.com
*.control.vpce-0f925d3f4eb977b3c-fqtyxxx4-eu-west-3a.s3.eu-west-3.vpce.amazonaws.com
*.control.vpce-0f925d3f4eb977b3c-fqtyxxx4-eu-west-3b.s3.eu-west-3.vpce.amazonaws.com
*.control.vpce-0f925d3f4eb977b3c-fqtyxxx4-eu-west-3c.s3.eu-west-3.vpce.amazonaws.com
*.control.vpce-0f925d3f4eb977b3c-fqtyxxx4.s3.eu-west-3.vpce.amazonaws.com
*.s3-accesspoint.eu-west-3.amazonaws.com
*.s3-control.eu-west-3.amazonaws.com
*.s3.eu-west-3.amazonaws.com
bucket.vpce-0f925d3f4eb977b3c-fqtyxxx4-eu-west-3a.s3.eu-west-3.vpce.amazonaws.com
bucket.vpce-0f925d3f4eb977b3c-fqtyxxx4-eu-west-3b.s3.eu-west-3.vpce.amazonaws.com
bucket.vpce-0f925d3f4eb977b3c-fqtyxxx4-eu-west-3c.s3.eu-west-3.vpce.amazonaws.com
bucket.vpce-0f925d3f4eb977b3c-fqtyxxx4.s3.eu-west-3.vpce.amazonaws.com
s3.eu-west-3.amazonaws.com
vai-0066b33daaacda014.ava.il-central-1.amazonaws.com
*.ap-southeast-1.es.amazonaws.com
wfn5mw5q6kkwozjncyulnjfkoy.ap-southeast-1.es.amazonaws.com
vai-0cf9ad1dd403763d8.ava.eu-central-1.amazonaws.com
*.ap-south-1.es.amazonaws.com
5dtzs54z36qqutctxjibkhjd44.ap-south-1.es.amazonaws.com
vai-055ab6cd4fb4bf0e8.ava.ap-southeast-3.amazonaws.com
*.canaryc8546918c24b.aijrvk.c7.kafka.us-east-2.amazonaws.com
*.iam.canaryc8546918c24b.aijrvk.c7.kafka.us-east-2.amazonaws.com
*.iam2.canaryc8546918c24b.aijrvk.c7.kafka.us-east-2.amazonaws.com
*.scram.canaryc8546918c24b.aijrvk.c7.kafka.us-east-2.amazonaws.com
*.scram2.canaryc8546918c24b.aijrvk.c7.kafka.us-east-2.amazonaws.com
*.tls.canaryc8546918c24b.aijrvk.c7.kafka.us-east-2.amazonaws.com
*.tls2.canaryc8546918c24b.aijrvk.c7.kafka.us-east-2.amazonaws.com
*.canarya9e53bc9410b.5gbozc.c5.kafka.eu-west-1.amazonaws.com
*.iam.canarya9e53bc9410b.5gbozc.c5.kafka.eu-west-1.amazonaws.com
*.iam2.canarya9e53bc9410b.5gbozc.c5.kafka.eu-west-1.amazonaws.com
*.scram.canarya9e53bc9410b.5gbozc.c5.kafka.eu-west-1.amazonaws.com
*.scram2.canarya9e53bc9410b.5gbozc.c5.kafka.eu-west-1.amazonaws.com
*.tls.canarya9e53bc9410b.5gbozc.c5.kafka.eu-west-1.amazonaws.com
*.tls2.canarya9e53bc9410b.5gbozc.c5.kafka.eu-west-1.amazonaws.com
vai-07f4247524d47d7da.ava.ca-central-1.amazonaws.com
*.accesspoint.vpce-0aaede9fa0ce3a2f5-jqml5akd-eu-west-2a.s3.eu-west-2.vpce.amazonaws.com
*.accesspoint.vpce-0aaede9fa0ce3a2f5-jqml5akd-eu-west-2b.s3.eu-west-2.vpce.amazonaws.com
*.accesspoint.vpce-0aaede9fa0ce3a2f5-jqml5akd-eu-west-2c.s3.eu-west-2.vpce.amazonaws.com
*.accesspoint.vpce-0aaede9fa0ce3a2f5-jqml5akd.s3.eu-west-2.vpce.amazonaws.com
*.bucket.vpce-0aaede9fa0ce3a2f5-jqml5akd-eu-west-2a.s3.eu-west-2.vpce.amazonaws.com
*.bucket.vpce-0aaede9fa0ce3a2f5-jqml5akd-eu-west-2b.s3.eu-west-2.vpce.amazonaws.com
*.bucket.vpce-0aaede9fa0ce3a2f5-jqml5akd-eu-west-2c.s3.eu-west-2.vpce.amazonaws.com
*.bucket.vpce-0aaede9fa0ce3a2f5-jqml5akd.s3.eu-west-2.vpce.amazonaws.com
*.control.vpce-0aaede9fa0ce3a2f5-jqml5akd-eu-west-2a.s3.eu-west-2.vpce.amazonaws.com
*.control.vpce-0aaede9fa0ce3a2f5-jqml5akd-eu-west-2b.s3.eu-west-2.vpce.amazonaws.com
*.control.vpce-0aaede9fa0ce3a2f5-jqml5akd-eu-west-2c.s3.eu-west-2.vpce.amazonaws.com
*.control.vpce-0aaede9fa0ce3a2f5-jqml5akd.s3.eu-west-2.vpce.amazonaws.com
*.s3-accesspoint.eu-west-2.amazonaws.com
*.s3-control.eu-west-2.amazonaws.com
*.s3.eu-west-2.amazonaws.com
bucket.vpce-0aaede9fa0ce3a2f5-jqml5akd-eu-west-2a.s3.eu-west-2.vpce.amazonaws.com
bucket.vpce-0aaede9fa0ce3a2f5-jqml5akd-eu-west-2b.s3.eu-west-2.vpce.amazonaws.com
bucket.vpce-0aaede9fa0ce3a2f5-jqml5akd-eu-west-2c.s3.eu-west-2.vpce.amazonaws.com
bucket.vpce-0aaede9fa0ce3a2f5-jqml5akd.s3.eu-west-2.vpce.amazonaws.com
s3.eu-west-2.amazonaws.com
*.ap-south-1.es.amazonaws.com
tjxwtuc4u75wqm4gex7c5u33ea.ap-south-1.es.amazonaws.com
*.ap-south-1.es.amazonaws.com
7eepclyxh3jdkkf7754e3g3yvy.ap-south-1.es.amazonaws.com
vai-079673a559ecd06e2.ava.eu-west-1.amazonaws.com
quiz.vidio.com.aioupdate.kensoko.us.kg
app.m-icloud.app
*.lifecycle-prober-prod-0e02977d-55b4-4310-a0e1-b39745849d61.europe-west9.managedkafka.gmk-lifecycle-prober-prod-3.cloud.goog
www.adultnepal.com.devluktech.com
www.nepalayanepal.com.devluktech.com
facebook.diamondsetring.com
www.cakesewa.com.nepalworldhr.com
www.yatramagazine.com.nepalworldhr.com
admin.m-icloud.app
www.exonoia.com.jasaibnu.com
static.146.95.4.46.clients.your-server.de
outlook.gwcby.cn
quiz.vidio.com.aioupdate.kensoko.us.kg
www.0www.east.vpn.jrsgrimi.165-22-124-182.www.103-157-96-48.cprapid.com
www.portal.secureplatformeserver.actor
yandex.pay.food4lesskrogerbipasettlment.com
www.graphicdesign.com.my.rubysoft8.com.my
www.massmedia.com.my.rubysoft8.com.my
www.teacher2u.com.my.rubysoft8.com.my
youla.www.sbermarket.ozon.avito.avito.www.covid19.tamayouze.com
xmail.asimonoficial.com
mockservices-banking-dev.dev01.modelmatrix.ai
support.static.eofficeportal.ing.secure.webmail.dozenvpn.ru
syainmat.skyapple.jp
portal.www.ohgvzwwwww.2024.turk-rutv.ru
www.portal.www.ohgvzwwwww.2024.turk-rutv.ru
www.www.64-227-108-172.149-129-217-142.cprapid.com
mail.momo-innovations.com.95-217-204-70.cprapid.com
momo-innovations.com.95-217-204-70.cprapid.com
www.momo-innovations.com.95-217-204-70.cprapid.com
video-front-next-tvnxt-2161-tracking-sb.yatta.integ.ftven.net
*.geo.redis.cache.windows.net
*.z19.graphql.fabric.microsoft-int.com
*.z19.w.api.fabric.microsoft-int.com
auto-s870927vi2-pbi-kv-HttpsZone19.z19.w.api.fabric.microsoft-int.com
*.us-east-2.es.amazonaws.com
k7xntsx4xx33oekkfdwguwzl7a.us-east-2.es.amazonaws.com
alt.canary.s3.us-east-2.vpce.amazonaws.com
canary.s3.us-east-2.vpce.amazonaws.com
*.us-east-2.es.amazonaws.com
ev2rurna5b3dmvhk5vavv5l7uq.us-east-2.es.amazonaws.com
*.ftp.jainh3.antares-test.windows-int.net
*.jainh3.australiaeast-01.antares-test.windows-int.net
*.publish.jainh3.antares-test.windows-int.net
*.scm.jainh3.antares-test.windows-int.net
*.scm.jainh3.australiaeast-01.antares-test.windows-int.net
www.nowet-indonesia.com.arkco.co.id
alt.canary.s3.ap-south-1.vpce.amazonaws.com
canary.s3.ap-south-1.vpce.amazonaws.com
*.us-gov-west-1.es.amazonaws.com
rx5lnjww6bgaaazkzrvtlmd5xe.us-gov-west-1.es.amazonaws.com
*.eu-central-2.es.amazonaws.com
pkcbbefqje2ixaysg6eez42c2a.eu-central-2.es.amazonaws.com
*.geo.redis.cache.windows.net
waws-prod-euapbn1-dec6134a.api.p.azurewebsites.windows.net
portal.www.ohgvzwwwww.2024.turk-rutv.ru
www.portal.www.ohgvzwwwww.2024.turk-rutv.ru
mail.momo-innovations.com.95-217-204-70.cprapid.com
momo-innovations.com.95-217-204-70.cprapid.com
www.momo-innovations.com.95-217-204-70.cprapid.com
tms.tiaas-timanagementumgebung-dev02.tiltu.risecloud.de
*.z3d.graphql.fabric.microsoft-int.com
*.z3d.w.api.fabric.microsoft-int.com
auto-s871070vi7-pbi-kv-HttpsZone3d.z3d.w.api.fabric.microsoft-int.com
rprnr-dedicated-twnw-01060917.unique.management.azure-api.net
rprnr-dedicated-twnw-01060917.unique.portal.azure-api.net
*.geo.redis.cache.windows.net
qdelivery-main-pgsql-master-nonprod.postgres.database.azure.com
*.geo.redis.cache.windows.net
*.z7d.graphql.fabric.microsoft-int.com
*.z7d.w.api.fabric.microsoft-int.com
auto-s871070vi7-pbi-kv-HttpsZone7d.z7d.w.api.fabric.microsoft-int.com
alt.canary.s3.us-east-2.vpce.amazonaws.com
canary.s3.us-east-2.vpce.amazonaws.com
*.me-central-1.es.amazonaws.com
kdld6mnxswgnn3joe5kphmqdde.me-central-1.es.amazonaws.com
*.us-east-2.es.amazonaws.com
ev2rurna5b3dmvhk5vavv5l7uq.us-east-2.es.amazonaws.com
*.us-east-2.es.amazonaws.com
cmngppfzezlor2mi2g7qtz2twm.us-east-2.es.amazonaws.com
deploy-delete-app-sa-east-1-0.deploy-delete-test-sa-east-1-e4g9tgu.forgeapps.ec2.aws.dev
deploy-delete-app-sa-east-1-0.deploy-delete-test-sa-east-1-e4g9tgu.sa-east-1.forgeapps.ec2.aws.dev
r53lbr.deploy-delete-app-sa-east-1-0.deploy-delete-test-sa-east-1-e4g9tgu.forgeapps.ec2.aws.dev
*.eu-central-2.es.amazonaws.com
pkcbbefqje2ixaysg6eez42c2a.eu-central-2.es.amazonaws.com
*.us-west-2.es.amazonaws.com
jdkwifi77gprzdb5ejk57ifo5a.us-west-2.es.amazonaws.com
www.www.csudmbgkhltshaalg4hg.w.bellstride.com.dns.freedyndns.org
app.www.portal.www.app.www.forms.archersettlement.com
www.www.www.satwatch.orgstprivate.com.dns.freedyndns.org
www.www.vpn.teehaa.comkhltn12ptb820.eritagetrustbonline.com.dns.freedyndns.org
www.www.www.www.www.jjengsltd.com.dns.freedyndns.org
certstories.test.netflix.net
app.portal.www.app.app.wwwwww.deployments.miniloop-01.cynova.dev
www.csvn138khltt2e6p8oe0.wwbritanniccrest.com.dns.freedyndns.org
*.geo.redis.cache.windows.net
qdelivery-main-pgsql-master-nonprod.postgres.database.azure.com
waws-prod-dm1-651574c0.ftp.p.azurewebsites.windows.net
waws-prod-dm1-651574c0.publish.p.azurewebsites.windows.net
*.z59.graphql.fabric.microsoft-int.com
*.z59.w.api.fabric.microsoft-int.com
auto-s870927vi2-pbi-kv-HttpsZone59.z59.w.api.fabric.microsoft-int.com
*.zd9.graphql.fabric.microsoft-int.com
*.zd9.w.api.fabric.microsoft-int.com
auto-s870927vi2-pbi-kv-HttpsZoned9.zd9.w.api.fabric.microsoft-int.com
*.z1d.graphql.fabric.microsoft-int.com
*.z1d.w.api.fabric.microsoft-int.com
auto-s871070vi7-pbi-kv-HttpsZone1d.z1d.w.api.fabric.microsoft-int.com
*.eu-west-1.es.amazonaws.com
4fuqp3r7icsjfdft7keuenw6du.eu-west-1.es.amazonaws.com
*.eu-west-1.es.amazonaws.com
ll22le5vp36suuhu3cbudyvyua.eu-west-1.es.amazonaws.com
*.api.jainh3.antares-test.windows-int.net
api.jainh3.antares-test.windows-int.net
jainh3.api.jainh3.antares-test.windows-int.net
*.service-manager.stg.developer.interact-lighting.com
service-manager.stg.developer.interact-lighting.com
*.ap-northeast-2.es.amazonaws.com
gpzm375dmqexcsgl37z7z4oiki.ap-northeast-2.es.amazonaws.com
*.eu-west-1.es.amazonaws.com
2wax5oax2rana4r5heiwgumcna.eu-west-1.es.amazonaws.com
rprnr-dedicated-twnw-01060917.unique.management.azure-api.net
rprnr-dedicated-twnw-01060917.unique.portal.azure-api.net
*.zdc.graphql.fabric.microsoft-int.com
*.zdc.w.api.fabric.microsoft-int.com
auto-s871070vi7-pbi-kv-HttpsZonedc.zdc.w.api.fabric.microsoft-int.com
*.z9d.graphql.fabric.microsoft-int.com
*.z9d.w.api.fabric.microsoft-int.com
auto-s871070vi7-pbi-kv-HttpsZone9d.z9d.w.api.fabric.microsoft-int.com
*.z3d.graphql.fabric.microsoft-int.com
*.z3d.w.api.fabric.microsoft-int.com
auto-s871070vi7-pbi-kv-HttpsZone3d.z3d.w.api.fabric.microsoft-int.com
*.z79.graphql.fabric.microsoft-int.com
*.z79.w.api.fabric.microsoft-int.com
auto-s870927vi2-pbi-kv-HttpsZone79.z79.w.api.fabric.microsoft-int.com
*.ag-86431fc.goats.shoot.live.k8s-hana.ondemand.com
portal.jenkins.www.autodiscover.miks-karting.ru
www.portal.jenkins.www.autodiscover.miks-karting.ru
www.novalivenews.com.harithorganic.com
notexistsnb.windowsanddoors.com
*.geo.redis.cache.windows.net
*.zb9.graphql.fabric.microsoft-int.com
*.zb9.w.api.fabric.microsoft-int.com
auto-s870927vi2-pbi-kv-HttpsZoneb9.zb9.w.api.fabric.microsoft-int.com
*.z99.graphql.fabric.microsoft-int.com
*.z99.w.api.fabric.microsoft-int.com
auto-s870927vi2-pbi-kv-HttpsZone99.z99.w.api.fabric.microsoft-int.com
*.z39.graphql.fabric.microsoft-int.com
*.z39.w.api.fabric.microsoft-int.com
auto-s870927vi2-pbi-kv-HttpsZone39.z39.w.api.fabric.microsoft-int.com
training-api-manage-eastus-01.unique.regional.azure-api.net
training-api-manage.portal-editor.azure-api.net
training-api-manage.unique.portal.azure-api.net
*.api.jainh3.antares-test.windows-int.net
api.jainh3.antares-test.windows-int.net
jainh3.api.jainh3.antares-test.windows-int.net
www.graphicdesign.com.my.rubysoft8.com.my
www.massmedia.com.my.rubysoft8.com.my
www.teacher2u.com.my.rubysoft8.com.my
plantdemo.skyapple.jp
jpamazon.life
*.ag-714b48b.goats.shoot.live.k8s-hana.ondemand.com
certstories.test.netflix.net
*.geo.redis.cache.windows.net
waws-prod-os1-0b25c7ac.api.p.azurewebsites.windows.net
*.geo.redis.cache.windows.net
*.geo.redis.cache.windows.net
www.amanahjayaexpress.com.goldenpark3serpong.com
www.winterbothamtrust.com.mckenziefoundations.com
portal.wwwsunrisecreditservices.com
cc-chat-assistant-v2-apim.unique.management.azure-api.net
cc-chat-assistant-v2-apim.unique.portal.azure-api.net
cc-chat-assistant-v2-apim.unique.management.azure-api.net
cc-chat-assistant-v2-apim.unique.portal.azure-api.net
portal.www.mysql.antispam.news-sports.ru
www.portal.www.mysql.antispam.news-sports.ru
portal.www.mysql.antispam.news-sports.ru
www.portal.www.mysql.antispam.news-sports.ru
flexserviceapi-pfzqa5.vi-miami-prod.modeln-k8-int.net
*.ag-714b48b.goats.shoot.live.k8s-hana.ondemand.com
mail.paninjawan-slk.desa.id.103-225-242-123.cprapid.com
paninjawan-slk.desa.id.103-225-242-123.cprapid.com
www.paninjawan-slk.desa.id.103-225-242-123.cprapid.com
store.m-icloud.app
*.mh-bgwhmkfstbdkmskmsqyt-6fc3ea743571ba7392ba4250a5946fd9-0000.eu-gb.containers.appdomain.cloud
mh-bgwhmkfstbdkmskmsqyt-6fc3ea743571ba7392ba4250a5946fd9-0000.eu-gb.containers.appdomain.cloud
*.service-manager.stg.developer.interact-lighting.com
service-manager.stg.developer.interact-lighting.com
*.ap-northeast-2.es.amazonaws.com
gpzm375dmqexcsgl37z7z4oiki.ap-northeast-2.es.amazonaws.com
*.eu-west-1.es.amazonaws.com
2wax5oax2rana4r5heiwgumcna.eu-west-1.es.amazonaws.com
*.ap-southeast-1.es.amazonaws.com
wqnftuvipghueexmqjhmxnuxty.ap-southeast-1.es.amazonaws.com
*.accesspoint.vpce-0257f0d7445966f3c-y681vvvw-us-west-2a.s3.us-west-2.vpce.amazonaws.com
*.accesspoint.vpce-0257f0d7445966f3c-y681vvvw-us-west-2b.s3.us-west-2.vpce.amazonaws.com
*.accesspoint.vpce-0257f0d7445966f3c-y681vvvw-us-west-2c.s3.us-west-2.vpce.amazonaws.com
*.accesspoint.vpce-0257f0d7445966f3c-y681vvvw-us-west-2d.s3.us-west-2.vpce.amazonaws.com
*.accesspoint.vpce-0257f0d7445966f3c-y681vvvw.s3.us-west-2.vpce.amazonaws.com
*.bucket.vpce-0257f0d7445966f3c-y681vvvw-us-west-2a.s3.us-west-2.vpce.amazonaws.com
*.bucket.vpce-0257f0d7445966f3c-y681vvvw-us-west-2b.s3.us-west-2.vpce.amazonaws.com
*.bucket.vpce-0257f0d7445966f3c-y681vvvw-us-west-2c.s3.us-west-2.vpce.amazonaws.com
*.bucket.vpce-0257f0d7445966f3c-y681vvvw-us-west-2d.s3.us-west-2.vpce.amazonaws.com
*.bucket.vpce-0257f0d7445966f3c-y681vvvw.s3.us-west-2.vpce.amazonaws.com
*.control.vpce-0257f0d7445966f3c-y681vvvw-us-west-2a.s3.us-west-2.vpce.amazonaws.com
*.control.vpce-0257f0d7445966f3c-y681vvvw-us-west-2b.s3.us-west-2.vpce.amazonaws.com
*.control.vpce-0257f0d7445966f3c-y681vvvw-us-west-2c.s3.us-west-2.vpce.amazonaws.com
*.control.vpce-0257f0d7445966f3c-y681vvvw-us-west-2d.s3.us-west-2.vpce.amazonaws.com
*.control.vpce-0257f0d7445966f3c-y681vvvw.s3.us-west-2.vpce.amazonaws.com
*.s3-accesspoint.us-west-2.amazonaws.com
*.s3-control.us-west-2.amazonaws.com
*.s3.us-west-2.amazonaws.com
bucket.vpce-0257f0d7445966f3c-y681vvvw-us-west-2a.s3.us-west-2.vpce.amazonaws.com
bucket.vpce-0257f0d7445966f3c-y681vvvw-us-west-2b.s3.us-west-2.vpce.amazonaws.com
bucket.vpce-0257f0d7445966f3c-y681vvvw-us-west-2c.s3.us-west-2.vpce.amazonaws.com
bucket.vpce-0257f0d7445966f3c-y681vvvw-us-west-2d.s3.us-west-2.vpce.amazonaws.com
bucket.vpce-0257f0d7445966f3c-y681vvvw.s3.us-west-2.vpce.amazonaws.com
s3.us-west-2.amazonaws.com
*.configcanary3fd27f4604.vswwa4.c8.kafka.us-west-2.amazonaws.com
*.iam.configcanary3fd27f4604.vswwa4.c8.kafka.us-west-2.amazonaws.com
*.iam2.configcanary3fd27f4604.vswwa4.c8.kafka.us-west-2.amazonaws.com
*.scram.configcanary3fd27f4604.vswwa4.c8.kafka.us-west-2.amazonaws.com
*.scram2.configcanary3fd27f4604.vswwa4.c8.kafka.us-west-2.amazonaws.com
*.tls.configcanary3fd27f4604.vswwa4.c8.kafka.us-west-2.amazonaws.com
*.tls2.configcanary3fd27f4604.vswwa4.c8.kafka.us-west-2.amazonaws.com
*.canaryd6f373b324fb.rrgoe6.c8.kafka.us-west-2.amazonaws.com
*.iam.canaryd6f373b324fb.rrgoe6.c8.kafka.us-west-2.amazonaws.com
*.iam2.canaryd6f373b324fb.rrgoe6.c8.kafka.us-west-2.amazonaws.com
*.scram.canaryd6f373b324fb.rrgoe6.c8.kafka.us-west-2.amazonaws.com
*.scram2.canaryd6f373b324fb.rrgoe6.c8.kafka.us-west-2.amazonaws.com
*.tls.canaryd6f373b324fb.rrgoe6.c8.kafka.us-west-2.amazonaws.com
*.tls2.canaryd6f373b324fb.rrgoe6.c8.kafka.us-west-2.amazonaws.com
*.ap-northeast-1.es.amazonaws.com
vlg2n4dkebxfu4c6mxo57rw2ha.ap-northeast-1.es.amazonaws.com
*.accesspoint.vpce-03998bf2999f56830-0w7fw1ju-sa-east-1a.s3.sa-east-1.vpce.amazonaws.com
*.accesspoint.vpce-03998bf2999f56830-0w7fw1ju-sa-east-1b.s3.sa-east-1.vpce.amazonaws.com
*.accesspoint.vpce-03998bf2999f56830-0w7fw1ju-sa-east-1c.s3.sa-east-1.vpce.amazonaws.com
*.accesspoint.vpce-03998bf2999f56830-0w7fw1ju.s3.sa-east-1.vpce.amazonaws.com
*.bucket.vpce-03998bf2999f56830-0w7fw1ju-sa-east-1a.s3.sa-east-1.vpce.amazonaws.com
*.bucket.vpce-03998bf2999f56830-0w7fw1ju-sa-east-1b.s3.sa-east-1.vpce.amazonaws.com
*.bucket.vpce-03998bf2999f56830-0w7fw1ju-sa-east-1c.s3.sa-east-1.vpce.amazonaws.com
*.bucket.vpce-03998bf2999f56830-0w7fw1ju.s3.sa-east-1.vpce.amazonaws.com
*.control.vpce-03998bf2999f56830-0w7fw1ju-sa-east-1a.s3.sa-east-1.vpce.amazonaws.com
*.control.vpce-03998bf2999f56830-0w7fw1ju-sa-east-1b.s3.sa-east-1.vpce.amazonaws.com
*.control.vpce-03998bf2999f56830-0w7fw1ju-sa-east-1c.s3.sa-east-1.vpce.amazonaws.com
*.control.vpce-03998bf2999f56830-0w7fw1ju.s3.sa-east-1.vpce.amazonaws.com
*.s3-accesspoint.sa-east-1.amazonaws.com
*.s3-control.sa-east-1.amazonaws.com
*.s3.sa-east-1.amazonaws.com
bucket.vpce-03998bf2999f56830-0w7fw1ju-sa-east-1a.s3.sa-east-1.vpce.amazonaws.com
bucket.vpce-03998bf2999f56830-0w7fw1ju-sa-east-1b.s3.sa-east-1.vpce.amazonaws.com
bucket.vpce-03998bf2999f56830-0w7fw1ju-sa-east-1c.s3.sa-east-1.vpce.amazonaws.com
bucket.vpce-03998bf2999f56830-0w7fw1ju.s3.sa-east-1.vpce.amazonaws.com
s3.sa-east-1.amazonaws.com
mail.tyahoo.co.uk
cnag-current-tailwndtradrs-111780837-1-westus2-01.regional.current.int-azure-api.net
cnag-current-tailwndtradrs-111780837-1-wu2-01.unique.regional.current.int-azure-api.net
cnag-current-tailwndtradrs-111780837-1.management.current.int-azure-api.net
cnag-current-tailwndtradrs-111780837-1.portal-editor.current.int-azure-api.net
cnag-current-tailwndtradrs-111780837-1.portal.current.int-azure-api.net
cnag-current-tailwndtradrs-111780837-1.unique.management.current.int-azure-api.net
cnag-current-tailwndtradrs-111780837-1.unique.portal.current.int-azure-api.net
flexserviceapi-pfzqa.vi-miami-prod.modeln-k8-int.net
support.static.eofficeportal.ing.secure.webmail.dozenvpn.ru
www.ellamuri.com.bravodarussalam.com
*.zf9.graphql.fabric.microsoft-int.com
*.zf9.w.api.fabric.microsoft-int.com
auto-s870927vi2-pbi-kv-HttpsZonef9.zf9.w.api.fabric.microsoft-int.com
waws-prod-blu-79e03a22.api.p.azurewebsites.windows.net
creativecenter.com.np.drmadhusudhanadhikari.com
www.creativecenter.com.np.drmadhusudhanadhikari.com
www.portal.www.wwwold.blog.blog.blog.h2897493.stratoserver.net
*.api.jainh3.antares-test.windows-int.net
api.jainh3.antares-test.windows-int.net
jainh3.api.jainh3.antares-test.windows-int.net
www.portal.www.www.www.jwellextra.test.h2897493.stratoserver.net
m.youtube-spot.com
outlook.casinosupport.net
support.static.eofficeportal.ing.secure.webmail.dozenvpn.ru
www.portal.www.www.www.jwellextra.test.h2897493.stratoserver.net
www.portal.secureplatformeserver.actor
www.aberston.com.fahrenheit.ie
oshirase.skyapple.jp
www.aberston.com.fahrenheit.ie
www.ellamuri.com.bravodarussalam.com
vpn.exchange.amazonwaxing.de
www.acibra.com.br.charlespadilha.com.br
www.nesbra.com.charlespadilha.com.br
sitemap.online.dealertrack.co
*.accesspoint.vpce-0c4343d3697f893ed-7z1j80to-ca-central-1a.s3.ca-central-1.vpce.amazonaws.com
*.accesspoint.vpce-0c4343d3697f893ed-7z1j80to-ca-central-1b.s3.ca-central-1.vpce.amazonaws.com
*.accesspoint.vpce-0c4343d3697f893ed-7z1j80to-ca-central-1c.s3.ca-central-1.vpce.amazonaws.com
*.accesspoint.vpce-0c4343d3697f893ed-7z1j80to-ca-central-1d.s3.ca-central-1.vpce.amazonaws.com
*.accesspoint.vpce-0c4343d3697f893ed-7z1j80to.s3.ca-central-1.vpce.amazonaws.com
*.bucket.vpce-0c4343d3697f893ed-7z1j80to-ca-central-1a.s3.ca-central-1.vpce.amazonaws.com
*.bucket.vpce-0c4343d3697f893ed-7z1j80to-ca-central-1b.s3.ca-central-1.vpce.amazonaws.com
*.bucket.vpce-0c4343d3697f893ed-7z1j80to-ca-central-1c.s3.ca-central-1.vpce.amazonaws.com
*.bucket.vpce-0c4343d3697f893ed-7z1j80to-ca-central-1d.s3.ca-central-1.vpce.amazonaws.com
*.bucket.vpce-0c4343d3697f893ed-7z1j80to.s3.ca-central-1.vpce.amazonaws.com
*.control.vpce-0c4343d3697f893ed-7z1j80to-ca-central-1a.s3.ca-central-1.vpce.amazonaws.com
*.control.vpce-0c4343d3697f893ed-7z1j80to-ca-central-1b.s3.ca-central-1.vpce.amazonaws.com
*.control.vpce-0c4343d3697f893ed-7z1j80to-ca-central-1c.s3.ca-central-1.vpce.amazonaws.com
*.control.vpce-0c4343d3697f893ed-7z1j80to-ca-central-1d.s3.ca-central-1.vpce.amazonaws.com
*.control.vpce-0c4343d3697f893ed-7z1j80to.s3.ca-central-1.vpce.amazonaws.com
*.s3-accesspoint.ca-central-1.amazonaws.com
*.s3-control.ca-central-1.amazonaws.com
*.s3.ca-central-1.amazonaws.com
bucket.vpce-0c4343d3697f893ed-7z1j80to-ca-central-1a.s3.ca-central-1.vpce.amazonaws.com
bucket.vpce-0c4343d3697f893ed-7z1j80to-ca-central-1b.s3.ca-central-1.vpce.amazonaws.com
bucket.vpce-0c4343d3697f893ed-7z1j80to-ca-central-1c.s3.ca-central-1.vpce.amazonaws.com
bucket.vpce-0c4343d3697f893ed-7z1j80to-ca-central-1d.s3.ca-central-1.vpce.amazonaws.com
bucket.vpce-0c4343d3697f893ed-7z1j80to.s3.ca-central-1.vpce.amazonaws.com
s3.ca-central-1.amazonaws.com
*.us-east-2.es.amazonaws.com
cmngppfzezlor2mi2g7qtz2twm.us-east-2.es.amazonaws.com
*.us-west-2.es.amazonaws.com
3fe6a6s5yeebb4c4swlr5hg7g4.us-west-2.es.amazonaws.com
*.accesspoint.vpce-05b220d016cee7864-qfsj6luo-us-east-1a.s3.us-east-1.vpce.amazonaws.com
*.accesspoint.vpce-05b220d016cee7864-qfsj6luo-us-east-1b.s3.us-east-1.vpce.amazonaws.com
*.accesspoint.vpce-05b220d016cee7864-qfsj6luo-us-east-1c.s3.us-east-1.vpce.amazonaws.com
*.accesspoint.vpce-05b220d016cee7864-qfsj6luo-us-east-1d.s3.us-east-1.vpce.amazonaws.com
*.accesspoint.vpce-05b220d016cee7864-qfsj6luo-us-east-1e.s3.us-east-1.vpce.amazonaws.com
*.accesspoint.vpce-05b220d016cee7864-qfsj6luo-us-east-1f.s3.us-east-1.vpce.amazonaws.com
*.accesspoint.vpce-05b220d016cee7864-qfsj6luo.s3.us-east-1.vpce.amazonaws.com
*.bucket.vpce-05b220d016cee7864-qfsj6luo-us-east-1a.s3.us-east-1.vpce.amazonaws.com
*.bucket.vpce-05b220d016cee7864-qfsj6luo-us-east-1b.s3.us-east-1.vpce.amazonaws.com
*.bucket.vpce-05b220d016cee7864-qfsj6luo-us-east-1c.s3.us-east-1.vpce.amazonaws.com
*.bucket.vpce-05b220d016cee7864-qfsj6luo-us-east-1d.s3.us-east-1.vpce.amazonaws.com
*.bucket.vpce-05b220d016cee7864-qfsj6luo-us-east-1e.s3.us-east-1.vpce.amazonaws.com
*.bucket.vpce-05b220d016cee7864-qfsj6luo-us-east-1f.s3.us-east-1.vpce.amazonaws.com
*.bucket.vpce-05b220d016cee7864-qfsj6luo.s3.us-east-1.vpce.amazonaws.com
*.control.vpce-05b220d016cee7864-qfsj6luo-us-east-1a.s3.us-east-1.vpce.amazonaws.com
*.control.vpce-05b220d016cee7864-qfsj6luo-us-east-1b.s3.us-east-1.vpce.amazonaws.com
*.control.vpce-05b220d016cee7864-qfsj6luo-us-east-1c.s3.us-east-1.vpce.amazonaws.com
*.control.vpce-05b220d016cee7864-qfsj6luo-us-east-1d.s3.us-east-1.vpce.amazonaws.com
*.control.vpce-05b220d016cee7864-qfsj6luo-us-east-1e.s3.us-east-1.vpce.amazonaws.com
*.control.vpce-05b220d016cee7864-qfsj6luo-us-east-1f.s3.us-east-1.vpce.amazonaws.com
*.control.vpce-05b220d016cee7864-qfsj6luo.s3.us-east-1.vpce.amazonaws.com
bucket.vpce-05b220d016cee7864-qfsj6luo-us-east-1a.s3.us-east-1.vpce.amazonaws.com
bucket.vpce-05b220d016cee7864-qfsj6luo-us-east-1b.s3.us-east-1.vpce.amazonaws.com
bucket.vpce-05b220d016cee7864-qfsj6luo-us-east-1c.s3.us-east-1.vpce.amazonaws.com
bucket.vpce-05b220d016cee7864-qfsj6luo-us-east-1d.s3.us-east-1.vpce.amazonaws.com
bucket.vpce-05b220d016cee7864-qfsj6luo-us-east-1e.s3.us-east-1.vpce.amazonaws.com
bucket.vpce-05b220d016cee7864-qfsj6luo-us-east-1f.s3.us-east-1.vpce.amazonaws.com
bucket.vpce-05b220d016cee7864-qfsj6luo.s3.us-east-1.vpce.amazonaws.com
alt.canary.s3.sa-east-1.vpce.amazonaws.com
canary.s3.sa-east-1.vpce.amazonaws.com
*.us-east-1.es.amazonaws.com
z2x5jrmt67qdqbjcbbgtnjpapm.us-east-1.es.amazonaws.com
www.65-108-45-171.elated-noether.103-172-204-48.plesk.page
*.ap-southeast-3.es.amazonaws.com
nwkg2w4muwg7nhuld3zjd25mw4.ap-southeast-3.es.amazonaws.com
alt.canary.s3.us-west-2.vpce.amazonaws.com
canary.s3.us-west-2.vpce.amazonaws.com
*.accesspoint.vpce-0fbf2d5b5120e34f7-269760lq-us-east-1a.s3.us-east-1.vpce.amazonaws.com
*.accesspoint.vpce-0fbf2d5b5120e34f7-269760lq-us-east-1b.s3.us-east-1.vpce.amazonaws.com
*.accesspoint.vpce-0fbf2d5b5120e34f7-269760lq-us-east-1c.s3.us-east-1.vpce.amazonaws.com
*.accesspoint.vpce-0fbf2d5b5120e34f7-269760lq-us-east-1d.s3.us-east-1.vpce.amazonaws.com
*.accesspoint.vpce-0fbf2d5b5120e34f7-269760lq-us-east-1e.s3.us-east-1.vpce.amazonaws.com
*.accesspoint.vpce-0fbf2d5b5120e34f7-269760lq-us-east-1f.s3.us-east-1.vpce.amazonaws.com
*.accesspoint.vpce-0fbf2d5b5120e34f7-269760lq.s3.us-east-1.vpce.amazonaws.com
*.bucket.vpce-0fbf2d5b5120e34f7-269760lq-us-east-1a.s3.us-east-1.vpce.amazonaws.com
*.bucket.vpce-0fbf2d5b5120e34f7-269760lq-us-east-1b.s3.us-east-1.vpce.amazonaws.com
*.bucket.vpce-0fbf2d5b5120e34f7-269760lq-us-east-1c.s3.us-east-1.vpce.amazonaws.com
*.bucket.vpce-0fbf2d5b5120e34f7-269760lq-us-east-1d.s3.us-east-1.vpce.amazonaws.com
*.bucket.vpce-0fbf2d5b5120e34f7-269760lq-us-east-1e.s3.us-east-1.vpce.amazonaws.com
*.bucket.vpce-0fbf2d5b5120e34f7-269760lq-us-east-1f.s3.us-east-1.vpce.amazonaws.com
*.bucket.vpce-0fbf2d5b5120e34f7-269760lq.s3.us-east-1.vpce.amazonaws.com
*.control.vpce-0fbf2d5b5120e34f7-269760lq-us-east-1a.s3.us-east-1.vpce.amazonaws.com
*.control.vpce-0fbf2d5b5120e34f7-269760lq-us-east-1b.s3.us-east-1.vpce.amazonaws.com
*.control.vpce-0fbf2d5b5120e34f7-269760lq-us-east-1c.s3.us-east-1.vpce.amazonaws.com
*.control.vpce-0fbf2d5b5120e34f7-269760lq-us-east-1d.s3.us-east-1.vpce.amazonaws.com
*.control.vpce-0fbf2d5b5120e34f7-269760lq-us-east-1e.s3.us-east-1.vpce.amazonaws.com
*.control.vpce-0fbf2d5b5120e34f7-269760lq-us-east-1f.s3.us-east-1.vpce.amazonaws.com
*.control.vpce-0fbf2d5b5120e34f7-269760lq.s3.us-east-1.vpce.amazonaws.com
bucket.vpce-0fbf2d5b5120e34f7-269760lq-us-east-1a.s3.us-east-1.vpce.amazonaws.com
bucket.vpce-0fbf2d5b5120e34f7-269760lq-us-east-1b.s3.us-east-1.vpce.amazonaws.com
bucket.vpce-0fbf2d5b5120e34f7-269760lq-us-east-1c.s3.us-east-1.vpce.amazonaws.com
bucket.vpce-0fbf2d5b5120e34f7-269760lq-us-east-1d.s3.us-east-1.vpce.amazonaws.com
bucket.vpce-0fbf2d5b5120e34f7-269760lq-us-east-1e.s3.us-east-1.vpce.amazonaws.com
bucket.vpce-0fbf2d5b5120e34f7-269760lq-us-east-1f.s3.us-east-1.vpce.amazonaws.com
bucket.vpce-0fbf2d5b5120e34f7-269760lq.s3.us-east-1.vpce.amazonaws.com
alt.canary.s3.ca-west-1.vpce.amazonaws.com
canary.s3.ca-west-1.vpce.amazonaws.com
mi-gqghxttlu5zgc.1bd3d9d005db.database.windows.net
*.accesspoint.vpce-003e1cef89f48ac74-1ti7p2ra-ca-west-1a.s3.ca-west-1.vpce.amazonaws.com
*.accesspoint.vpce-003e1cef89f48ac74-1ti7p2ra-ca-west-1b.s3.ca-west-1.vpce.amazonaws.com
*.accesspoint.vpce-003e1cef89f48ac74-1ti7p2ra-ca-west-1c.s3.ca-west-1.vpce.amazonaws.com
*.accesspoint.vpce-003e1cef89f48ac74-1ti7p2ra.s3.ca-west-1.vpce.amazonaws.com
*.bucket.vpce-003e1cef89f48ac74-1ti7p2ra-ca-west-1a.s3.ca-west-1.vpce.amazonaws.com
*.bucket.vpce-003e1cef89f48ac74-1ti7p2ra-ca-west-1b.s3.ca-west-1.vpce.amazonaws.com
*.bucket.vpce-003e1cef89f48ac74-1ti7p2ra-ca-west-1c.s3.ca-west-1.vpce.amazonaws.com
*.bucket.vpce-003e1cef89f48ac74-1ti7p2ra.s3.ca-west-1.vpce.amazonaws.com
*.control.vpce-003e1cef89f48ac74-1ti7p2ra-ca-west-1a.s3.ca-west-1.vpce.amazonaws.com
*.control.vpce-003e1cef89f48ac74-1ti7p2ra-ca-west-1b.s3.ca-west-1.vpce.amazonaws.com
*.control.vpce-003e1cef89f48ac74-1ti7p2ra-ca-west-1c.s3.ca-west-1.vpce.amazonaws.com
*.control.vpce-003e1cef89f48ac74-1ti7p2ra.s3.ca-west-1.vpce.amazonaws.com
*.s3-accesspoint.ca-west-1.amazonaws.com
*.s3-control.ca-west-1.amazonaws.com
*.s3.ca-west-1.amazonaws.com
bucket.vpce-003e1cef89f48ac74-1ti7p2ra-ca-west-1a.s3.ca-west-1.vpce.amazonaws.com
bucket.vpce-003e1cef89f48ac74-1ti7p2ra-ca-west-1b.s3.ca-west-1.vpce.amazonaws.com
bucket.vpce-003e1cef89f48ac74-1ti7p2ra-ca-west-1c.s3.ca-west-1.vpce.amazonaws.com
bucket.vpce-003e1cef89f48ac74-1ti7p2ra.s3.ca-west-1.vpce.amazonaws.com
s3.ca-west-1.amazonaws.com
deploy-delete-app-ap-south-1-4.deploy-delete-test-ap-south-1-3byj2le.ap-south-1.forgeapps.ec2.aws.dev
deploy-delete-app-ap-south-1-4.deploy-delete-test-ap-south-1-3byj2le.forgeapps.ec2.aws.dev
r53lbr.deploy-delete-app-ap-south-1-4.deploy-delete-test-ap-south-1-3byj2le.forgeapps.ec2.aws.dev
www.dejankrsmanovic.com.planeta-racunari.com
app.app.portal.app.www.234cde3d.nip.io
*.amazonasplataypiedras.es
amazonasplataypiedras.es
www.0pudof1b6h2zotbu.mwww.146-190-36-149.103-150-155-45.cprapid.com
jafarkingcity.com.pk.zmlawportal.com
www.jafarkingcity.com.pk.zmlawportal.com
28239c3a-d40f-4336-9fa6-fc30a08d2f51.staplerservice-essen.de
e2e-2025-01-06-084619-3e3cc03f-60348106040-api.asia-east1.autopush.sourcemanager.dev
e2e-2025-01-06-084619-3e3cc03f-60348106040-git.asia-east1.autopush.sourcemanager.dev
e2e-2025-01-06-084619-3e3cc03f-60348106040.asia-east1.autopush.sourcemanager.dev
login.vptresortservices.com
www.geosdigital.org.beton888.io
www.instalmentloansera.com.beton888.io
www.koreanwives.net.beton888.io
www.livescore-bola.com.beton888.io
www.treeserviceschampaignil.com.beton888.io
www.0ab.git.gitlab.gitlab.157-90-17-33.jolly-hermann.103-82-243-119.plesk.page
805-45133267-3386-38a7-9e91-dbae3abcfc3b-backend.siteloft.pr.rexlabs.io
805-827332ad-0323-49e9-ab0b-52ac09fa801a-backend.siteloft.pr.rexlabs.io
805-ca8b3e3a-96cf-4bb5-9c23-5258752eb5b9-backend.siteloft.pr.rexlabs.io
*.zfa.graphql.fabric.microsoft-int.com
*.zfa.w.api.fabric.microsoft-int.com
auto-s870927vi2-pbi-kv-HttpsZonefa.zfa.w.api.fabric.microsoft-int.com
mockservices-banking-dev.dev01.modelmatrix.ai
*.geo.redis.cache.windows.net
xmail.asimonoficial.com
eu.phaabqsa.64-227-108-172.103-77-107-113.cprapid.com
www.noo-problems.com.rcpa.sa
*.prod.ftl.netflix.com
*.staging.ftl.netflix.com
anycast.ftl.netflix.com
ftl.netflix.com
livreforma.com.pruebasagencia.com.mx
www.livreforma.com.pruebasagencia.com.mx
zmail.wingingit.us
zmail.wingingit.us
xmail.asimonoficial.com
p-euw-dat-finance-psql-invoice-matching-41b70966.postgres.database.azure.com
*.mkc-prober-cluster-f97fc117-c3ab-40a0-800c-2b8d162a63d6.europe-west1.managedkafka-autopush.mkc-lifecycle-prober-ap.cloud-test.goog
www.snmadvertising.com.belghat.com
jenkins.preprod.security-camera-shop.online
*.amazonasplataypiedras.es
amazonasplataypiedras.es
www.noviacreative.com.slicknetworks.com.au
youla.www.sbermarket.ozon.avito.avito.www.covid19.tamayouze.com
ww38.mx1.myyoutube.com
ww38.mx1.myyoutube.com
www.0pudof1b6h2zotbu.mwww.146-190-36-149.103-150-155-45.cprapid.com
*.amazonasplataypiedras.es
amazonasplataypiedras.es
jafarkingcity.com.pk.zmlawportal.com
www.jafarkingcity.com.pk.zmlawportal.com
www.gmail.pocketmechanic.com
www.www.1749.cname.support.cc
alertmanager.api.breet.io
www.growingganjaseeds.com.pinealgland.eu
www.metrologyinstitute.org.metrologyinstitute.com
www.metrologyinstitute.org.metrologyinstitute.com
mockservices-banking-dev.dev01.modelmatrix.ai
forum.haberler.comgoogle.de
*.eu-west-2.es.amazonaws.com
py675bumxgktidrm5tqsca6wfa.eu-west-2.es.amazonaws.com
vai-0937f97dadf863052.ava.ap-southeast-2.amazonaws.com
vai-075088dd239dc5291.ava.ap-southeast-3.amazonaws.com
*.eu-west-1.es.amazonaws.com
dixxgqvvdntwai4sh7muyehuci.eu-west-1.es.amazonaws.com
*.eu-west-1.es.amazonaws.com
6qdbbybsnsljbni27yfwufdhqy.eu-west-1.es.amazonaws.com
*.eu-west-1.es.amazonaws.com
tr2dn4vy7i4kb3dwjks7lfif7i.eu-west-1.es.amazonaws.com
alt.canary.s3.us-east-1.vpce.amazonaws.com
canary.s3.us-east-1.vpce.amazonaws.com
*.eu-west-1.es.amazonaws.com
euixob77enlno66pfs5432qfly.eu-west-1.es.amazonaws.com
*.accesspoint.vpce-0186db035f5151320-e63hzb8w-ap-south-2a.s3.ap-south-2.vpce.amazonaws.com
*.accesspoint.vpce-0186db035f5151320-e63hzb8w-ap-south-2b.s3.ap-south-2.vpce.amazonaws.com
*.accesspoint.vpce-0186db035f5151320-e63hzb8w-ap-south-2c.s3.ap-south-2.vpce.amazonaws.com
*.accesspoint.vpce-0186db035f5151320-e63hzb8w.s3.ap-south-2.vpce.amazonaws.com
*.bucket.vpce-0186db035f5151320-e63hzb8w-ap-south-2a.s3.ap-south-2.vpce.amazonaws.com
*.bucket.vpce-0186db035f5151320-e63hzb8w-ap-south-2b.s3.ap-south-2.vpce.amazonaws.com
*.bucket.vpce-0186db035f5151320-e63hzb8w-ap-south-2c.s3.ap-south-2.vpce.amazonaws.com
*.bucket.vpce-0186db035f5151320-e63hzb8w.s3.ap-south-2.vpce.amazonaws.com
*.control.vpce-0186db035f5151320-e63hzb8w-ap-south-2a.s3.ap-south-2.vpce.amazonaws.com
*.control.vpce-0186db035f5151320-e63hzb8w-ap-south-2b.s3.ap-south-2.vpce.amazonaws.com
*.control.vpce-0186db035f5151320-e63hzb8w-ap-south-2c.s3.ap-south-2.vpce.amazonaws.com
*.control.vpce-0186db035f5151320-e63hzb8w.s3.ap-south-2.vpce.amazonaws.com
*.s3-accesspoint.ap-south-2.amazonaws.com
*.s3-control.ap-south-2.amazonaws.com
*.s3.ap-south-2.amazonaws.com
bucket.vpce-0186db035f5151320-e63hzb8w-ap-south-2a.s3.ap-south-2.vpce.amazonaws.com
bucket.vpce-0186db035f5151320-e63hzb8w-ap-south-2b.s3.ap-south-2.vpce.amazonaws.com
bucket.vpce-0186db035f5151320-e63hzb8w-ap-south-2c.s3.ap-south-2.vpce.amazonaws.com
bucket.vpce-0186db035f5151320-e63hzb8w.s3.ap-south-2.vpce.amazonaws.com
s3.ap-south-2.amazonaws.com
deploy-delete-app-ap-southeast-2-1.deploy-delete-test-ap-southeast-2-6m7z83x.ap-southeast-2.forgeapps.ec2.aws.dev
deploy-delete-app-ap-southeast-2-1.deploy-delete-test-ap-southeast-2-6m7z83x.forgeapps.ec2.aws.dev
r53lbr.deploy-delete-app-ap-southeast-2-1.deploy-delete-test-ap-southeast-2-6m7z83x.forgeapps.ec2.aws.dev
*.eu-west-1.es.amazonaws.com
blyougxmvqc2b7sbpmedumrbfy.eu-west-1.es.amazonaws.com
vai-079d5a30b6db25d8f.ava.eu-south-1.amazonaws.com
mhtstbytc8gnj.mrap.accesspoint.s3-global.amazonaws.com
*.ap-southeast-2.es.amazonaws.com
y4dzmfmmfa2dwjv6gk72776mk4.ap-southeast-2.es.amazonaws.com
*.accesspoint.vpce-065635946e0951ec1-dwfm3pnl-eu-south-2a.s3.eu-south-2.vpce.amazonaws.com
*.accesspoint.vpce-065635946e0951ec1-dwfm3pnl-eu-south-2b.s3.eu-south-2.vpce.amazonaws.com
*.accesspoint.vpce-065635946e0951ec1-dwfm3pnl-eu-south-2c.s3.eu-south-2.vpce.amazonaws.com
*.accesspoint.vpce-065635946e0951ec1-dwfm3pnl.s3.eu-south-2.vpce.amazonaws.com
*.bucket.vpce-065635946e0951ec1-dwfm3pnl-eu-south-2a.s3.eu-south-2.vpce.amazonaws.com
*.bucket.vpce-065635946e0951ec1-dwfm3pnl-eu-south-2b.s3.eu-south-2.vpce.amazonaws.com
*.bucket.vpce-065635946e0951ec1-dwfm3pnl-eu-south-2c.s3.eu-south-2.vpce.amazonaws.com
*.bucket.vpce-065635946e0951ec1-dwfm3pnl.s3.eu-south-2.vpce.amazonaws.com
*.control.vpce-065635946e0951ec1-dwfm3pnl-eu-south-2a.s3.eu-south-2.vpce.amazonaws.com
*.control.vpce-065635946e0951ec1-dwfm3pnl-eu-south-2b.s3.eu-south-2.vpce.amazonaws.com
*.control.vpce-065635946e0951ec1-dwfm3pnl-eu-south-2c.s3.eu-south-2.vpce.amazonaws.com
*.control.vpce-065635946e0951ec1-dwfm3pnl.s3.eu-south-2.vpce.amazonaws.com
*.s3-accesspoint.eu-south-2.amazonaws.com
*.s3-control.eu-south-2.amazonaws.com
*.s3.eu-south-2.amazonaws.com
bucket.vpce-065635946e0951ec1-dwfm3pnl-eu-south-2a.s3.eu-south-2.vpce.amazonaws.com
bucket.vpce-065635946e0951ec1-dwfm3pnl-eu-south-2b.s3.eu-south-2.vpce.amazonaws.com
bucket.vpce-065635946e0951ec1-dwfm3pnl-eu-south-2c.s3.eu-south-2.vpce.amazonaws.com
bucket.vpce-065635946e0951ec1-dwfm3pnl.s3.eu-south-2.vpce.amazonaws.com
s3.eu-south-2.amazonaws.com
www.portal.wwwtlab.old.h2897493.stratoserver.net
www.portal.wwwtlab.old.h2897493.stratoserver.net
*.lifecycle-prober-prod-d790868e-a2d5-4387-97c9-6204cd4bbf67.northamerica-northeast1.managedkafka.gmk-lifecycle-prober-prod-1.cloud.goog
*.canary7552ac38b9c2.7r6tqi.c7.kafka.eu-west-1.amazonaws.com
*.iam.canary7552ac38b9c2.7r6tqi.c7.kafka.eu-west-1.amazonaws.com
*.iam2.canary7552ac38b9c2.7r6tqi.c7.kafka.eu-west-1.amazonaws.com
*.scram.canary7552ac38b9c2.7r6tqi.c7.kafka.eu-west-1.amazonaws.com
*.scram2.canary7552ac38b9c2.7r6tqi.c7.kafka.eu-west-1.amazonaws.com
*.tls.canary7552ac38b9c2.7r6tqi.c7.kafka.eu-west-1.amazonaws.com
*.tls2.canary7552ac38b9c2.7r6tqi.c7.kafka.eu-west-1.amazonaws.com
*.eu-west-3.es.amazonaws.com
3tmmfkgtv3cpanksf4juy4xtna.eu-west-3.es.amazonaws.com
*.configcanaryd521e3ca64.2vs9jr.c7.kafka.us-west-2.amazonaws.com
*.iam.configcanaryd521e3ca64.2vs9jr.c7.kafka.us-west-2.amazonaws.com
*.iam2.configcanaryd521e3ca64.2vs9jr.c7.kafka.us-west-2.amazonaws.com
*.scram.configcanaryd521e3ca64.2vs9jr.c7.kafka.us-west-2.amazonaws.com
*.scram2.configcanaryd521e3ca64.2vs9jr.c7.kafka.us-west-2.amazonaws.com
*.tls.configcanaryd521e3ca64.2vs9jr.c7.kafka.us-west-2.amazonaws.com
*.tls2.configcanaryd521e3ca64.2vs9jr.c7.kafka.us-west-2.amazonaws.com
*.configcanary684add7fa2.ot3s87.c7.kafka.eu-west-1.amazonaws.com
*.iam.configcanary684add7fa2.ot3s87.c7.kafka.eu-west-1.amazonaws.com
*.iam2.configcanary684add7fa2.ot3s87.c7.kafka.eu-west-1.amazonaws.com
*.scram.configcanary684add7fa2.ot3s87.c7.kafka.eu-west-1.amazonaws.com
*.scram2.configcanary684add7fa2.ot3s87.c7.kafka.eu-west-1.amazonaws.com
*.tls.configcanary684add7fa2.ot3s87.c7.kafka.eu-west-1.amazonaws.com
*.tls2.configcanary684add7fa2.ot3s87.c7.kafka.eu-west-1.amazonaws.com
canary-s3ccp.mrap.accesspoint.s3-global.amazonaws.com
*.us-west-2.es.amazonaws.com
b7m2aeo7z7qcbx3jchkronasta.us-west-2.es.amazonaws.com
*.accesspoint.vpce-02ad2b7e185aaaefb-wq08lpr6-af-south-1a.s3.af-south-1.vpce.amazonaws.com
*.accesspoint.vpce-02ad2b7e185aaaefb-wq08lpr6-af-south-1b.s3.af-south-1.vpce.amazonaws.com
*.accesspoint.vpce-02ad2b7e185aaaefb-wq08lpr6-af-south-1c.s3.af-south-1.vpce.amazonaws.com
*.accesspoint.vpce-02ad2b7e185aaaefb-wq08lpr6.s3.af-south-1.vpce.amazonaws.com
*.bucket.vpce-02ad2b7e185aaaefb-wq08lpr6-af-south-1a.s3.af-south-1.vpce.amazonaws.com
*.bucket.vpce-02ad2b7e185aaaefb-wq08lpr6-af-south-1b.s3.af-south-1.vpce.amazonaws.com
*.bucket.vpce-02ad2b7e185aaaefb-wq08lpr6-af-south-1c.s3.af-south-1.vpce.amazonaws.com
*.bucket.vpce-02ad2b7e185aaaefb-wq08lpr6.s3.af-south-1.vpce.amazonaws.com
*.control.vpce-02ad2b7e185aaaefb-wq08lpr6-af-south-1a.s3.af-south-1.vpce.amazonaws.com
*.control.vpce-02ad2b7e185aaaefb-wq08lpr6-af-south-1b.s3.af-south-1.vpce.amazonaws.com
*.control.vpce-02ad2b7e185aaaefb-wq08lpr6-af-south-1c.s3.af-south-1.vpce.amazonaws.com
*.control.vpce-02ad2b7e185aaaefb-wq08lpr6.s3.af-south-1.vpce.amazonaws.com
*.s3-accesspoint.af-south-1.amazonaws.com
*.s3-control.af-south-1.amazonaws.com
*.s3.af-south-1.amazonaws.com
bucket.vpce-02ad2b7e185aaaefb-wq08lpr6-af-south-1a.s3.af-south-1.vpce.amazonaws.com
bucket.vpce-02ad2b7e185aaaefb-wq08lpr6-af-south-1b.s3.af-south-1.vpce.amazonaws.com
bucket.vpce-02ad2b7e185aaaefb-wq08lpr6-af-south-1c.s3.af-south-1.vpce.amazonaws.com
bucket.vpce-02ad2b7e185aaaefb-wq08lpr6.s3.af-south-1.vpce.amazonaws.com
s3.af-south-1.amazonaws.com
*.me-south-1.es.amazonaws.com
2iw4t5smmcgpzzpjyyjf4n6ug4.me-south-1.es.amazonaws.com
*.eu-west-1.es.amazonaws.com
4fuqp3r7icsjfdft7keuenw6du.eu-west-1.es.amazonaws.com
*.us-west-2.es.amazonaws.com
ysha63lflny5frgvqacequfk7a.us-west-2.es.amazonaws.com
*.canary435afca556c5.dwtrzm.c7.kafka.us-west-2.amazonaws.com
*.iam.canary435afca556c5.dwtrzm.c7.kafka.us-west-2.amazonaws.com
*.iam2.canary435afca556c5.dwtrzm.c7.kafka.us-west-2.amazonaws.com
*.scram.canary435afca556c5.dwtrzm.c7.kafka.us-west-2.amazonaws.com
*.scram2.canary435afca556c5.dwtrzm.c7.kafka.us-west-2.amazonaws.com
*.tls.canary435afca556c5.dwtrzm.c7.kafka.us-west-2.amazonaws.com
*.tls2.canary435afca556c5.dwtrzm.c7.kafka.us-west-2.amazonaws.com
*.eu-west-1.es.amazonaws.com
ll22le5vp36suuhu3cbudyvyua.eu-west-1.es.amazonaws.com
p-euw-dat-finance-psql-invoice-matching-41b70966.postgres.database.azure.com
*.ca-west-1.es.amazonaws.com
ndtl7gxzyg6lkqf76et7nbzyoy.ca-west-1.es.amazonaws.com
*.ap-southeast-5.es.amazonaws.com
5zpayrdoez463g6i7jiid3yahi.ap-southeast-5.es.amazonaws.com
*.geo.redis.cache.windows.net
www.0www.www.superset.alpha.149-28-135-250.interesting-spence.103-31-38-57.plesk.page
*.eu-west-2.es.amazonaws.com
py675bumxgktidrm5tqsca6wfa.eu-west-2.es.amazonaws.com
vai-0937f97dadf863052.ava.ap-southeast-2.amazonaws.com
vai-075088dd239dc5291.ava.ap-southeast-3.amazonaws.com
*.eu-west-1.es.amazonaws.com
dixxgqvvdntwai4sh7muyehuci.eu-west-1.es.amazonaws.com
*.eu-west-1.es.amazonaws.com
6qdbbybsnsljbni27yfwufdhqy.eu-west-1.es.amazonaws.com
*.eu-west-1.es.amazonaws.com
tr2dn4vy7i4kb3dwjks7lfif7i.eu-west-1.es.amazonaws.com
alt.canary.s3.us-east-1.vpce.amazonaws.com
canary.s3.us-east-1.vpce.amazonaws.com
*.eu-west-1.es.amazonaws.com
euixob77enlno66pfs5432qfly.eu-west-1.es.amazonaws.com
*.accesspoint.vpce-0186db035f5151320-e63hzb8w-ap-south-2a.s3.ap-south-2.vpce.amazonaws.com
*.accesspoint.vpce-0186db035f5151320-e63hzb8w-ap-south-2b.s3.ap-south-2.vpce.amazonaws.com
*.accesspoint.vpce-0186db035f5151320-e63hzb8w-ap-south-2c.s3.ap-south-2.vpce.amazonaws.com
*.accesspoint.vpce-0186db035f5151320-e63hzb8w.s3.ap-south-2.vpce.amazonaws.com
*.bucket.vpce-0186db035f5151320-e63hzb8w-ap-south-2a.s3.ap-south-2.vpce.amazonaws.com
*.bucket.vpce-0186db035f5151320-e63hzb8w-ap-south-2b.s3.ap-south-2.vpce.amazonaws.com
*.bucket.vpce-0186db035f5151320-e63hzb8w-ap-south-2c.s3.ap-south-2.vpce.amazonaws.com
*.bucket.vpce-0186db035f5151320-e63hzb8w.s3.ap-south-2.vpce.amazonaws.com
*.control.vpce-0186db035f5151320-e63hzb8w-ap-south-2a.s3.ap-south-2.vpce.amazonaws.com
*.control.vpce-0186db035f5151320-e63hzb8w-ap-south-2b.s3.ap-south-2.vpce.amazonaws.com
*.control.vpce-0186db035f5151320-e63hzb8w-ap-south-2c.s3.ap-south-2.vpce.amazonaws.com
*.control.vpce-0186db035f5151320-e63hzb8w.s3.ap-south-2.vpce.amazonaws.com
*.s3-accesspoint.ap-south-2.amazonaws.com
*.s3-control.ap-south-2.amazonaws.com
*.s3.ap-south-2.amazonaws.com
bucket.vpce-0186db035f5151320-e63hzb8w-ap-south-2a.s3.ap-south-2.vpce.amazonaws.com
bucket.vpce-0186db035f5151320-e63hzb8w-ap-south-2b.s3.ap-south-2.vpce.amazonaws.com
bucket.vpce-0186db035f5151320-e63hzb8w-ap-south-2c.s3.ap-south-2.vpce.amazonaws.com
bucket.vpce-0186db035f5151320-e63hzb8w.s3.ap-south-2.vpce.amazonaws.com
s3.ap-south-2.amazonaws.com
deploy-delete-app-ap-southeast-2-1.deploy-delete-test-ap-southeast-2-6m7z83x.ap-southeast-2.forgeapps.ec2.aws.dev
deploy-delete-app-ap-southeast-2-1.deploy-delete-test-ap-southeast-2-6m7z83x.forgeapps.ec2.aws.dev
r53lbr.deploy-delete-app-ap-southeast-2-1.deploy-delete-test-ap-southeast-2-6m7z83x.forgeapps.ec2.aws.dev
*.eu-west-1.es.amazonaws.com
blyougxmvqc2b7sbpmedumrbfy.eu-west-1.es.amazonaws.com
vai-079d5a30b6db25d8f.ava.eu-south-1.amazonaws.com
mhtstbytc8gnj.mrap.accesspoint.s3-global.amazonaws.com
*.ap-southeast-2.es.amazonaws.com
y4dzmfmmfa2dwjv6gk72776mk4.ap-southeast-2.es.amazonaws.com
*.accesspoint.vpce-065635946e0951ec1-dwfm3pnl-eu-south-2a.s3.eu-south-2.vpce.amazonaws.com
*.accesspoint.vpce-065635946e0951ec1-dwfm3pnl-eu-south-2b.s3.eu-south-2.vpce.amazonaws.com
*.accesspoint.vpce-065635946e0951ec1-dwfm3pnl-eu-south-2c.s3.eu-south-2.vpce.amazonaws.com
*.accesspoint.vpce-065635946e0951ec1-dwfm3pnl.s3.eu-south-2.vpce.amazonaws.com
*.bucket.vpce-065635946e0951ec1-dwfm3pnl-eu-south-2a.s3.eu-south-2.vpce.amazonaws.com
*.bucket.vpce-065635946e0951ec1-dwfm3pnl-eu-south-2b.s3.eu-south-2.vpce.amazonaws.com
*.bucket.vpce-065635946e0951ec1-dwfm3pnl-eu-south-2c.s3.eu-south-2.vpce.amazonaws.com
*.bucket.vpce-065635946e0951ec1-dwfm3pnl.s3.eu-south-2.vpce.amazonaws.com
*.control.vpce-065635946e0951ec1-dwfm3pnl-eu-south-2a.s3.eu-south-2.vpce.amazonaws.com
*.control.vpce-065635946e0951ec1-dwfm3pnl-eu-south-2b.s3.eu-south-2.vpce.amazonaws.com
*.control.vpce-065635946e0951ec1-dwfm3pnl-eu-south-2c.s3.eu-south-2.vpce.amazonaws.com
*.control.vpce-065635946e0951ec1-dwfm3pnl.s3.eu-south-2.vpce.amazonaws.com
*.s3-accesspoint.eu-south-2.amazonaws.com
*.s3-control.eu-south-2.amazonaws.com
*.s3.eu-south-2.amazonaws.com
bucket.vpce-065635946e0951ec1-dwfm3pnl-eu-south-2a.s3.eu-south-2.vpce.amazonaws.com
bucket.vpce-065635946e0951ec1-dwfm3pnl-eu-south-2b.s3.eu-south-2.vpce.amazonaws.com
bucket.vpce-065635946e0951ec1-dwfm3pnl-eu-south-2c.s3.eu-south-2.vpce.amazonaws.com
bucket.vpce-065635946e0951ec1-dwfm3pnl.s3.eu-south-2.vpce.amazonaws.com
s3.eu-south-2.amazonaws.com
vai-0b970bc0f4890c6a4.ava.eu-west-2.amazonaws.com
www.hauskatmukit.com.naihinhommiineisynnyta.fi
mail.onnetbdit.com.202-59-209-18.cprapid.com
onnetbdit.com.202-59-209-18.cprapid.com
www.onnetbdit.com.202-59-209-18.cprapid.com
mail.onnetbdit.com.202-59-209-18.cprapid.com
onnetbdit.com.202-59-209-18.cprapid.com
www.onnetbdit.com.202-59-209-18.cprapid.com
mi-ucufwkkt26gss.9b891779574a.database.windows.net
certstories.test.netflix.net
cpanel.hsbco.com.au
cpcalendars.hsbco.com.au
cpcontacts.hsbco.com.au
ipv6.hsbco.com.au
mail.hsbco.com.au
webdisk.hsbco.com.au
cpanel.hsbco.com.au
cpcalendars.hsbco.com.au
cpcontacts.hsbco.com.au
ipv6.hsbco.com.au
mail.hsbco.com.au
webdisk.hsbco.com.au
valtrex365.com.xxx.cfbx.jp
www.valtrex365.com.xxx.cfbx.jp
mx.www.cyber-security-89607.bond
avito.sberbank.yandex.wwwnalozhka.yas4od8flrtndvd.in.wp.ilbet.info
www.avito.sberbank.yandex.wwwnalozhka.yas4od8flrtndvd.in.wp.ilbet.info
www.boxelderdesigns.com.ourfamiglia.com
