www.yandex.cdek.avito.sberbank.www.wuopgouaid5q9ti.booking.engmtt.ru
yandex.cdek.avito.sberbank.www.wuopgouaid5q9ti.booking.engmtt.ru
906afa65-f5ea-4a59-9d7a-099e938d0f8f.git.uiwwu6.ypdgq.aooooz.com
755883.com-755883.com.755883dh2.buzz
755883.com-755883.com.755883dh3.buzz
755883.com-755883.com.755883dh4.buzz
755883.com-755883.com.755883dh5.buzz
keycloak.dbl24tstw50.demo.traefiklabs.tech
*.af-south-1.es.amazonaws.com
yjrd76picm2smbbjluuykqun3a.af-south-1.es.amazonaws.com
*.iam.mtlspubliccanary411f9.4ynpu9.c1.kafka.af-south-1.amazonaws.com
*.iam2.mtlspubliccanary411f9.4ynpu9.c1.kafka.af-south-1.amazonaws.com
*.mtlspubliccanary411f9.4ynpu9.c1.kafka.af-south-1.amazonaws.com
*.scram.mtlspubliccanary411f9.4ynpu9.c1.kafka.af-south-1.amazonaws.com
*.scram2.mtlspubliccanary411f9.4ynpu9.c1.kafka.af-south-1.amazonaws.com
*.tls.mtlspubliccanary411f9.4ynpu9.c1.kafka.af-south-1.amazonaws.com
*.tls2.mtlspubliccanary411f9.4ynpu9.c1.kafka.af-south-1.amazonaws.com
*.iam.publicaccessandop.gsexnh.c1.kafka.ap-southeast-1.amazonaws.com
*.iam2.publicaccessandop.gsexnh.c1.kafka.ap-southeast-1.amazonaws.com
*.publicaccessandop.gsexnh.c1.kafka.ap-southeast-1.amazonaws.com
*.scram.publicaccessandop.gsexnh.c1.kafka.ap-southeast-1.amazonaws.com
*.scram2.publicaccessandop.gsexnh.c1.kafka.ap-southeast-1.amazonaws.com
*.tls.publicaccessandop.gsexnh.c1.kafka.ap-southeast-1.amazonaws.com
*.tls2.publicaccessandop.gsexnh.c1.kafka.ap-southeast-1.amazonaws.com
*.canary63d69a4dd431.trrhbh.c1.kafka.af-south-1.amazonaws.com
*.iam.canary63d69a4dd431.trrhbh.c1.kafka.af-south-1.amazonaws.com
*.iam2.canary63d69a4dd431.trrhbh.c1.kafka.af-south-1.amazonaws.com
*.scram.canary63d69a4dd431.trrhbh.c1.kafka.af-south-1.amazonaws.com
*.scram2.canary63d69a4dd431.trrhbh.c1.kafka.af-south-1.amazonaws.com
*.tls.canary63d69a4dd431.trrhbh.c1.kafka.af-south-1.amazonaws.com
*.tls2.canary63d69a4dd431.trrhbh.c1.kafka.af-south-1.amazonaws.com
mgxgcds7i7nrj.mrap.accesspoint.s3-global.amazonaws.com
*.canaryf2d5d48dd94.tp1lj2.c2.kafka.ap-northeast-2.amazonaws.com
*.iam.canaryf2d5d48dd94.tp1lj2.c2.kafka.ap-northeast-2.amazonaws.com
*.iam2.canaryf2d5d48dd94.tp1lj2.c2.kafka.ap-northeast-2.amazonaws.com
*.scram.canaryf2d5d48dd94.tp1lj2.c2.kafka.ap-northeast-2.amazonaws.com
*.scram2.canaryf2d5d48dd94.tp1lj2.c2.kafka.ap-northeast-2.amazonaws.com
*.tls.canaryf2d5d48dd94.tp1lj2.c2.kafka.ap-northeast-2.amazonaws.com
*.tls2.canaryf2d5d48dd94.tp1lj2.c2.kafka.ap-northeast-2.amazonaws.com
vai-0fd1370e372f20251.ava.eu-west-2.amazonaws.com
*.configcanary0832430f39.oxdjke.c5.kafka.us-east-2.amazonaws.com
*.iam.configcanary0832430f39.oxdjke.c5.kafka.us-east-2.amazonaws.com
*.iam2.configcanary0832430f39.oxdjke.c5.kafka.us-east-2.amazonaws.com
*.scram.configcanary0832430f39.oxdjke.c5.kafka.us-east-2.amazonaws.com
*.scram2.configcanary0832430f39.oxdjke.c5.kafka.us-east-2.amazonaws.com
*.tls.configcanary0832430f39.oxdjke.c5.kafka.us-east-2.amazonaws.com
*.tls2.configcanary0832430f39.oxdjke.c5.kafka.us-east-2.amazonaws.com
vai-0df43c917ef00738f.ava.eu-south-1.amazonaws.com
*.ap-southeast-2.es.amazonaws.com
ofqgpfzmztjiwpyzcbstkszw2q.ap-southeast-2.es.amazonaws.com
*.1.oca.ocp-qa.netflixtest.net
fcdtnhse.auth.login.ns.eofficeportal.ing.secure.dozenvpn.ru
www.www.www.www.www.bercoportal.ourtimesupport.com
www.www.portal.www.jenkins.ensive-gould.13-68-225-194.plesk.page
www.www.www.netcqtbp8gkhltn12ptb820.eritagetrustbonline.com.dns.freedyndns.org
www.www.app.portal.ww.frosty-newton.13-68-225-194.plesk.page
*.eu-west-1.es-staging.amazonaws.com
4od3wjvhrgyuv7fjhtzumcq5pq.eu-west-1.es-staging.amazonaws.com
vai-02ec7d20b35801f38.ava.us-west-2.amazonaws.com
*.ap-southeast-2.es.amazonaws.com
isayb53ue3hmwnx2fh6oymzh3q.ap-southeast-2.es.amazonaws.com
vai-072444a4390d66820.ava.eu-west-1.amazonaws.com
portal.www.www.wwwwww.www.modest-jennings.13-68-225-194.plesk.page
www.wwwgit.git.git.git.accounting.yikj.work
www.csdb3q0khltl6lj5rk40.www.wwwwwwrnxapp.com.dns.freedyndns.org
*.canary4803d9727df5.r61mmq.c3.kafka.us-gov-east-1.amazonaws.com
*.iam.canary4803d9727df5.r61mmq.c3.kafka.us-gov-east-1.amazonaws.com
*.iam2.canary4803d9727df5.r61mmq.c3.kafka.us-gov-east-1.amazonaws.com
*.scram.canary4803d9727df5.r61mmq.c3.kafka.us-gov-east-1.amazonaws.com
*.scram2.canary4803d9727df5.r61mmq.c3.kafka.us-gov-east-1.amazonaws.com
*.tls.canary4803d9727df5.r61mmq.c3.kafka.us-gov-east-1.amazonaws.com
*.tls2.canary4803d9727df5.r61mmq.c3.kafka.us-gov-east-1.amazonaws.com
*.accesspoint.vpce-0b7bce48ed3c0f4e8-5cvg778n-cn-north-1a.s3.cn-north-1.vpce.amazonaws.com.cn
*.accesspoint.vpce-0b7bce48ed3c0f4e8-5cvg778n-cn-north-1b.s3.cn-north-1.vpce.amazonaws.com.cn
*.accesspoint.vpce-0b7bce48ed3c0f4e8-5cvg778n-cn-north-1c.s3.cn-north-1.vpce.amazonaws.com.cn
*.accesspoint.vpce-0b7bce48ed3c0f4e8-5cvg778n-cn-north-1d.s3.cn-north-1.vpce.amazonaws.com.cn
*.accesspoint.vpce-0b7bce48ed3c0f4e8-5cvg778n.s3.cn-north-1.vpce.amazonaws.com.cn
*.bucket.vpce-0b7bce48ed3c0f4e8-5cvg778n-cn-north-1a.s3.cn-north-1.vpce.amazonaws.com.cn
*.bucket.vpce-0b7bce48ed3c0f4e8-5cvg778n-cn-north-1b.s3.cn-north-1.vpce.amazonaws.com.cn
*.bucket.vpce-0b7bce48ed3c0f4e8-5cvg778n-cn-north-1c.s3.cn-north-1.vpce.amazonaws.com.cn
*.bucket.vpce-0b7bce48ed3c0f4e8-5cvg778n-cn-north-1d.s3.cn-north-1.vpce.amazonaws.com.cn
*.bucket.vpce-0b7bce48ed3c0f4e8-5cvg778n.s3.cn-north-1.vpce.amazonaws.com.cn
*.control.vpce-0b7bce48ed3c0f4e8-5cvg778n-cn-north-1a.s3.cn-north-1.vpce.amazonaws.com.cn
*.control.vpce-0b7bce48ed3c0f4e8-5cvg778n-cn-north-1b.s3.cn-north-1.vpce.amazonaws.com.cn
*.control.vpce-0b7bce48ed3c0f4e8-5cvg778n-cn-north-1c.s3.cn-north-1.vpce.amazonaws.com.cn
*.control.vpce-0b7bce48ed3c0f4e8-5cvg778n-cn-north-1d.s3.cn-north-1.vpce.amazonaws.com.cn
*.control.vpce-0b7bce48ed3c0f4e8-5cvg778n.s3.cn-north-1.vpce.amazonaws.com.cn
*.s3-accesspoint.cn-north-1.amazonaws.com.cn
*.s3-control.cn-north-1.amazonaws.com.cn
*.s3.cn-north-1.amazonaws.com.cn
bucket.vpce-0b7bce48ed3c0f4e8-5cvg778n-cn-north-1a.s3.cn-north-1.vpce.amazonaws.com.cn
bucket.vpce-0b7bce48ed3c0f4e8-5cvg778n-cn-north-1b.s3.cn-north-1.vpce.amazonaws.com.cn
bucket.vpce-0b7bce48ed3c0f4e8-5cvg778n-cn-north-1c.s3.cn-north-1.vpce.amazonaws.com.cn
bucket.vpce-0b7bce48ed3c0f4e8-5cvg778n-cn-north-1d.s3.cn-north-1.vpce.amazonaws.com.cn
bucket.vpce-0b7bce48ed3c0f4e8-5cvg778n.s3.cn-north-1.vpce.amazonaws.com.cn
s3.cn-north-1.amazonaws.com.cn
alt.canary.s3.us-east-1.vpce.amazonaws.com
canary.s3.us-east-1.vpce.amazonaws.com
*.canarye6d45a82dd5b.bg5uf8.c3.kafka.af-south-1.amazonaws.com
*.iam.canarye6d45a82dd5b.bg5uf8.c3.kafka.af-south-1.amazonaws.com
*.iam2.canarye6d45a82dd5b.bg5uf8.c3.kafka.af-south-1.amazonaws.com
*.scram.canarye6d45a82dd5b.bg5uf8.c3.kafka.af-south-1.amazonaws.com
*.scram2.canarye6d45a82dd5b.bg5uf8.c3.kafka.af-south-1.amazonaws.com
*.tls.canarye6d45a82dd5b.bg5uf8.c3.kafka.af-south-1.amazonaws.com
*.tls2.canarye6d45a82dd5b.bg5uf8.c3.kafka.af-south-1.amazonaws.com
www.csudmeokhltshaalg4r0.wwwwwwwwwnbgonlines.com.dns.freedyndns.org
git.git.git.git.gitlab.git.git.correo.yikj.work
com12ptb8qg.ww.barclaysoffshoresservice.com.dns.freedyndns.org
git.git.git.gitlab.gitlab.blog.login.innfinite.co.uk
*.geo.redis.cache.windows.net
*.geo.redis.cache.windows.net
www.wwwcru629gkhlti5fft9cf0.wwwwwwbarclaysoffshoresservice.com.dns.freedyndns.org
*.1.oca.ocp-qa.netflixtest.net
uimg.hostmaster.chat.pop.login.kshthome.synocanariesandeclientes.insightandsound.co.uk
admin.onn.support.innfinite.co.u-tecn.support.innfinite.co.uk
*.canary718da55c39a.gshiq4.c4.kafka.ap-northeast-2.amazonaws.com
*.iam.canary718da55c39a.gshiq4.c4.kafka.ap-northeast-2.amazonaws.com
*.iam2.canary718da55c39a.gshiq4.c4.kafka.ap-northeast-2.amazonaws.com
*.scram.canary718da55c39a.gshiq4.c4.kafka.ap-northeast-2.amazonaws.com
*.scram2.canary718da55c39a.gshiq4.c4.kafka.ap-northeast-2.amazonaws.com
*.tls.canary718da55c39a.gshiq4.c4.kafka.ap-northeast-2.amazonaws.com
*.tls2.canary718da55c39a.gshiq4.c4.kafka.ap-northeast-2.amazonaws.com
*.eu-central-1.es.amazonaws.com
fgk4cahoxenzldbt56xnwrcd7a.eu-central-1.es.amazonaws.com
*.amazonaf.co
amazonaf.co
alt.canary.s3.il-central-1.vpce.amazonaws.com
canary.s3.il-central-1.vpce.amazonaws.com
*.geo.redis.cache.windows.net
*.geo.redis.cache.windows.net
*.geo.redis.cache.windows.net
*.geo.redis.cache.windows.net
auto-s702593m5-pbi-kv-dummyonecertv2publicca.analysis.windows-int.net
*.fiza7-1.fna.whatsapp.net
fiza7-1.fna.whatsapp.net
*.canary4c0b7b3925f.xvn8be.c4.kafka.ap-southeast-4.amazonaws.com
*.iam.canary4c0b7b3925f.xvn8be.c4.kafka.ap-southeast-4.amazonaws.com
*.iam2.canary4c0b7b3925f.xvn8be.c4.kafka.ap-southeast-4.amazonaws.com
*.scram.canary4c0b7b3925f.xvn8be.c4.kafka.ap-southeast-4.amazonaws.com
*.scram2.canary4c0b7b3925f.xvn8be.c4.kafka.ap-southeast-4.amazonaws.com
*.tls.canary4c0b7b3925f.xvn8be.c4.kafka.ap-southeast-4.amazonaws.com
*.tls2.canary4c0b7b3925f.xvn8be.c4.kafka.ap-southeast-4.amazonaws.com
*.ap-east-1.es.amazonaws.com
dln36fjpzahtzhalzhkebg7u4m.ap-east-1.es.amazonaws.com
*.ap-east-1.es.amazonaws.com
t25botj4promdl6k6fmolnizte.ap-east-1.es.amazonaws.com
alt.canary.s3.ap-northeast-1.vpce.amazonaws.com
canary.s3.ap-northeast-1.vpce.amazonaws.com
*.ftll2-1.fna.whatsapp.net
ftll2-1.fna.whatsapp.net
cdek.cdek.comgen.deectworld2.org.cdwebdisk.capital-rp.ru
www.cdek.cdek.comgen.deectworld2.org.cdwebdisk.capital-rp.ru
sbermegamarket.blablacar.sbermarket.kwid9.digitaloffice.xyz
*.geo.redis.cache.windows.net
*.geo.redis.cache.windows.net
*.pinkwhatsapp.me
pinkwhatsapp.me
*.geo.redis.cache.windows.net
auto-s702595mza7-pbi-kv-dummyonecertv2publicca.analysis.windows-int.net
*.accesspoint.vpce-03ea8bb0445457767-e40yjmvo-eu-north-1a.s3.eu-north-1.vpce.amazonaws.com
*.accesspoint.vpce-03ea8bb0445457767-e40yjmvo-eu-north-1b.s3.eu-north-1.vpce.amazonaws.com
*.accesspoint.vpce-03ea8bb0445457767-e40yjmvo-eu-north-1c.s3.eu-north-1.vpce.amazonaws.com
*.accesspoint.vpce-03ea8bb0445457767-e40yjmvo.s3.eu-north-1.vpce.amazonaws.com
*.bucket.vpce-03ea8bb0445457767-e40yjmvo-eu-north-1a.s3.eu-north-1.vpce.amazonaws.com
*.bucket.vpce-03ea8bb0445457767-e40yjmvo-eu-north-1b.s3.eu-north-1.vpce.amazonaws.com
*.bucket.vpce-03ea8bb0445457767-e40yjmvo-eu-north-1c.s3.eu-north-1.vpce.amazonaws.com
*.bucket.vpce-03ea8bb0445457767-e40yjmvo.s3.eu-north-1.vpce.amazonaws.com
*.control.vpce-03ea8bb0445457767-e40yjmvo-eu-north-1a.s3.eu-north-1.vpce.amazonaws.com
*.control.vpce-03ea8bb0445457767-e40yjmvo-eu-north-1b.s3.eu-north-1.vpce.amazonaws.com
*.control.vpce-03ea8bb0445457767-e40yjmvo-eu-north-1c.s3.eu-north-1.vpce.amazonaws.com
*.control.vpce-03ea8bb0445457767-e40yjmvo.s3.eu-north-1.vpce.amazonaws.com
*.s3-accesspoint.eu-north-1.amazonaws.com
*.s3-control.eu-north-1.amazonaws.com
*.s3.eu-north-1.amazonaws.com
bucket.vpce-03ea8bb0445457767-e40yjmvo-eu-north-1a.s3.eu-north-1.vpce.amazonaws.com
bucket.vpce-03ea8bb0445457767-e40yjmvo-eu-north-1b.s3.eu-north-1.vpce.amazonaws.com
bucket.vpce-03ea8bb0445457767-e40yjmvo-eu-north-1c.s3.eu-north-1.vpce.amazonaws.com
bucket.vpce-03ea8bb0445457767-e40yjmvo.s3.eu-north-1.vpce.amazonaws.com
s3.eu-north-1.amazonaws.com
*.eu-central-1.es.amazonaws.com
fgk4cahoxenzldbt56xnwrcd7a.eu-central-1.es.amazonaws.com
*.cn-north-1.es.amazonaws.com.cn
oj245lgcajaxe6o45nlbk5r4oq.cn-north-1.es.amazonaws.com.cn
alt.canary.s3.il-central-1.vpce.amazonaws.com
canary.s3.il-central-1.vpce.amazonaws.com
*.canary4c0b7b3925f.xvn8be.c4.kafka.ap-southeast-4.amazonaws.com
*.iam.canary4c0b7b3925f.xvn8be.c4.kafka.ap-southeast-4.amazonaws.com
*.iam2.canary4c0b7b3925f.xvn8be.c4.kafka.ap-southeast-4.amazonaws.com
*.ap-east-1.es.amazonaws.com
dln36fjpzahtzhalzhkebg7u4m.ap-east-1.es.amazonaws.com
*.ap-east-1.es.amazonaws.com
t25botj4promdl6k6fmolnizte.ap-east-1.es.amazonaws.com
alt.canary.s3.ap-northeast-1.vpce.amazonaws.com
canary.s3.ap-northeast-1.vpce.amazonaws.com
*.us-west-1.es.amazonaws.com
aermltaznj57rffntnedyfqoae.us-west-1.es.amazonaws.com
*.cf.hana-tooling.ingress.orchestration.i562460-orc-hc-dev.dev-aws.hanacloud.ondemand.com
*.hana-tooling.ingress.orchestration.i562460-orc-hc-dev.dev-aws.hanacloud.ondemand.com
w-t-v3sh1-19f6f74f.ftp.private.antares-test.windows-int.net
w-t-v3sh1-19f6f74f.publish.private.antares-test.windows-int.net
*.gateway.vault.807-25-vlt-hc-vault.vault-dev-gcp.hanacloud.ondemand.com
*.ingress.vault.807-25-vlt-hc-vault.vault-dev-gcp.hanacloud.ondemand.com
waws-prod-euapdm1-2f1e5528.ftp.p.azurewebsites.windows.net
waws-prod-euapdm1-2f1e5528.publish.p.azurewebsites.windows.net
waws-prod-euapdm1-c22e84bf.ftp.p.azurewebsites.windows.net
waws-prod-euapdm1-c22e84bf.publish.p.azurewebsites.windows.net
www.lunaittech.com.2kinfotech.com
admin.gitlab.gitlab.login.insightandsound.co.uk
mail.jacinth-fortresssecurity.co.za
alertmanager.dashvertise.com
*.zf9.graphql.fabric.microsoft-int.com
*.zf9.w.api.fabric.microsoft-int.com
auto-s2501201-pbi-kv-HttpsZonef9.zf9.w.api.fabric.microsoft-int.com
*.z39.graphql.fabric.microsoft-int.com
*.z39.w.api.fabric.microsoft-int.com
auto-s2501201-pbi-kv-HttpsZone39.z39.w.api.fabric.microsoft-int.com
*.ap-southeast-2.es.amazonaws.com
4dzlphhyw4qrk6xttndsx4tkvi.ap-southeast-2.es.amazonaws.com
*.canary9922227850d.6xtt93.c3.kafka.ap-northeast-2.amazonaws.com
*.iam.canary9922227850d.6xtt93.c3.kafka.ap-northeast-2.amazonaws.com
*.iam2.canary9922227850d.6xtt93.c3.kafka.ap-northeast-2.amazonaws.com
*.scram.canary9922227850d.6xtt93.c3.kafka.ap-northeast-2.amazonaws.com
*.scram2.canary9922227850d.6xtt93.c3.kafka.ap-northeast-2.amazonaws.com
*.tls.canary9922227850d.6xtt93.c3.kafka.ap-northeast-2.amazonaws.com
*.tls2.canary9922227850d.6xtt93.c3.kafka.ap-northeast-2.amazonaws.com
*.ap-southeast-2.es.amazonaws.com
fx5dlbhideorqc6n7o5nwdrhsu.ap-southeast-2.es.amazonaws.com
*.canarybe43e0fb6b50.vz6auy.c4.kafka.eu-south-1.amazonaws.com
*.iam.canarybe43e0fb6b50.vz6auy.c4.kafka.eu-south-1.amazonaws.com
*.iam2.canarybe43e0fb6b50.vz6auy.c4.kafka.eu-south-1.amazonaws.com
*.scram.canarybe43e0fb6b50.vz6auy.c4.kafka.eu-south-1.amazonaws.com
*.scram2.canarybe43e0fb6b50.vz6auy.c4.kafka.eu-south-1.amazonaws.com
*.tls.canarybe43e0fb6b50.vz6auy.c4.kafka.eu-south-1.amazonaws.com
*.tls2.canarybe43e0fb6b50.vz6auy.c4.kafka.eu-south-1.amazonaws.com
*.ap-southeast-1.es.amazonaws.com
zi6mifncz34dwtmis3we6evuoa.ap-southeast-1.es.amazonaws.com
*.ap-southeast-2.es.amazonaws.com
m3xblov4cjlexuzy5rzg37lbqy.ap-southeast-2.es.amazonaws.com
*.ap-southeast-2.es.amazonaws.com
pmpehtzmz3khmbd32yzuee4v7m.ap-southeast-2.es.amazonaws.com
*.geo.redis.cache.windows.net
ozon.blablacar.sber.kwid9.digitaloffice.xyz
certauth.fs.edsicloud.com
enterpriseregistration.edsicloud.com
fs.edsicloud.com
www.fs.edsicloud.com
vai-00efadd1651e5ef9a.ava.eu-west-1.amazonaws.com
vai-07b6620e03142849e.ava.eu-central-1.amazonaws.com
*.accesspoint.vpce-0b7bce48ed3c0f4e8-5cvg778n-cn-north-1a.s3.cn-north-1.vpce.amazonaws.com.cn
*.accesspoint.vpce-0b7bce48ed3c0f4e8-5cvg778n-cn-north-1b.s3.cn-north-1.vpce.amazonaws.com.cn
*.accesspoint.vpce-0b7bce48ed3c0f4e8-5cvg778n-cn-north-1c.s3.cn-north-1.vpce.amazonaws.com.cn
*.accesspoint.vpce-0b7bce48ed3c0f4e8-5cvg778n-cn-north-1d.s3.cn-north-1.vpce.amazonaws.com.cn
*.accesspoint.vpce-0b7bce48ed3c0f4e8-5cvg778n.s3.cn-north-1.vpce.amazonaws.com.cn
*.bucket.vpce-0b7bce48ed3c0f4e8-5cvg778n-cn-north-1a.s3.cn-north-1.vpce.amazonaws.com.cn
*.bucket.vpce-0b7bce48ed3c0f4e8-5cvg778n-cn-north-1b.s3.cn-north-1.vpce.amazonaws.com.cn
*.bucket.vpce-0b7bce48ed3c0f4e8-5cvg778n-cn-north-1c.s3.cn-north-1.vpce.amazonaws.com.cn
*.bucket.vpce-0b7bce48ed3c0f4e8-5cvg778n-cn-north-1d.s3.cn-north-1.vpce.amazonaws.com.cn
*.bucket.vpce-0b7bce48ed3c0f4e8-5cvg778n.s3.cn-north-1.vpce.amazonaws.com.cn
*.control.vpce-0b7bce48ed3c0f4e8-5cvg778n-cn-north-1a.s3.cn-north-1.vpce.amazonaws.com.cn
*.control.vpce-0b7bce48ed3c0f4e8-5cvg778n-cn-north-1b.s3.cn-north-1.vpce.amazonaws.com.cn
*.control.vpce-0b7bce48ed3c0f4e8-5cvg778n-cn-north-1c.s3.cn-north-1.vpce.amazonaws.com.cn
*.control.vpce-0b7bce48ed3c0f4e8-5cvg778n-cn-north-1d.s3.cn-north-1.vpce.amazonaws.com.cn
*.control.vpce-0b7bce48ed3c0f4e8-5cvg778n.s3.cn-north-1.vpce.amazonaws.com.cn
*.s3-accesspoint.cn-north-1.amazonaws.com.cn
*.s3-control.cn-north-1.amazonaws.com.cn
*.s3.cn-north-1.amazonaws.com.cn
bucket.vpce-0b7bce48ed3c0f4e8-5cvg778n-cn-north-1a.s3.cn-north-1.vpce.amazonaws.com.cn
bucket.vpce-0b7bce48ed3c0f4e8-5cvg778n-cn-north-1b.s3.cn-north-1.vpce.amazonaws.com.cn
bucket.vpce-0b7bce48ed3c0f4e8-5cvg778n-cn-north-1c.s3.cn-north-1.vpce.amazonaws.com.cn
bucket.vpce-0b7bce48ed3c0f4e8-5cvg778n-cn-north-1d.s3.cn-north-1.vpce.amazonaws.com.cn
bucket.vpce-0b7bce48ed3c0f4e8-5cvg778n.s3.cn-north-1.vpce.amazonaws.com.cn
s3.cn-north-1.amazonaws.com.cn
dw0-cost-basis-core-api-internal.ecs.us-west-2.retailinvest1t.c1.vanguard.com
vai-04f916eb65358196c.ava.us-west-1.amazonaws.com
*.configcanaryc5aafc7cdd.e9sk89.c6.kafka.us-west-2.amazonaws.com
*.iam.configcanaryc5aafc7cdd.e9sk89.c6.kafka.us-west-2.amazonaws.com
*.iam2.configcanaryc5aafc7cdd.e9sk89.c6.kafka.us-west-2.amazonaws.com
*.scram.configcanaryc5aafc7cdd.e9sk89.c6.kafka.us-west-2.amazonaws.com
*.scram2.configcanaryc5aafc7cdd.e9sk89.c6.kafka.us-west-2.amazonaws.com
*.tls.configcanaryc5aafc7cdd.e9sk89.c6.kafka.us-west-2.amazonaws.com
*.tls2.configcanaryc5aafc7cdd.e9sk89.c6.kafka.us-west-2.amazonaws.com
stg-santander.identify-me.co.uk
vmail.optinvent.hu
7517b445010f33c9.common.cloud.aurora.tech
test-drive-named.test-drive.named.common.cloud.aurora.tech
test-drive-perception-test-424.common.cloud.aurora.tech
nalozhka.yandex.yandex.blablacar.ozon.www.kwid9.4800011.top
youla.yandex.blablacar.ozon.www.kwid9.4800011.top
*.landing-37f7-management-c-3b5bf5f75003778663c521c8c35ad277-0000.us-south.containers.appdomain.cloud
landing-37f7-management-c-3b5bf5f75003778663c521c8c35ad277-0000.us-south.containers.appdomain.cloud
landing-37f7-management-c.us-south.containers.appdomain.cloud
www.www.www.www.www.portal.apwwwowa.marionstronks.nl
pay.blablacar.avito.sberbank.akssid2ad8fxg44.a.waltchapman.com
www.pay.blablacar.avito.sberbank.akssid2ad8fxg44.a.waltchapman.com
activelearning.int.cloud.microsoft.com
edu-ai.int.microsoft.com
*.gateway.vault.807-25-vlt-hc-vault.vault-dev-gcp.hanacloud.ondemand.com
*.ingress.vault.807-25-vlt-hc-vault.vault-dev-gcp.hanacloud.ondemand.com
sberbank.avito.avito.pay.avito.vkpkrzprod4mw2a.blog.shop.sidbambah.com
*.lifecycle-prober-prod-9f883503-268a-4d20-85da-1a4708cd6faf.northamerica-northeast2.managedkafka.gmk-lifecycle-prober-prod-5.cloud.goog
agent.home-swimming-pool-ca-169.click
sberbank.avito.pay.sber.yandex.blablacar.vkpkrzprod4mw2a.shop.sidbambah.com
mail.tafser.net.159-69-67-125.cprapid.com
tafser.net.159-69-67-125.cprapid.com
www.tafser.net.159-69-67-125.cprapid.com
mail.tafser.net.159-69-67-125.cprapid.com
tafser.net.159-69-67-125.cprapid.com
www.tafser.net.159-69-67-125.cprapid.com
*.stream-diagnostics.store.core.windows.net
best-ticketing-system-for-customer-service-93017.de
www.best-ticketing-system-for-customer-service-93017.de
www.nord.gouv.etrangers.fr
autosecured.payproof.club
*.1.oca.ocp-qa.netflixtest.net
pay.blablacar.avito.sberbank.akssid2ad8fxg44.a.waltchapman.com
www.pay.blablacar.avito.sberbank.akssid2ad8fxg44.a.waltchapman.com
nalozhka.yandex.ozon.pay.pay.sberbank.www.c02tqbid5bvrjlla5gn0.trizinfo.tech
nalozhka.youla.yandex.sber.sberbank.www.www.c02tqbid5bvrjlla5gn0.trizinfo.tech
www.dograma-pernik.com.ribolovenmagazin.com
pay.yandex.youla.blablacar.ozon.ozon.www.kwid9.4800011.top
sber.www.sberbank.ozon.www.kwid9.4800011.top
avito.youla.blablacar.ozon.ozon.www.kwid9.4800011.top
sberbank.youla.nalozhka.sbermarket.pay.pay.avito.qbid5bvrjlla5gn0.trizinfo.tech
auto-s702599mzi3-pbi-kv-dummyonecertv2publicca.analysis.windows-int.net
*.microsoft.062ac069-f71b-46c2-83b8-188ff44964db.com.admin-mcas-df.ms
*.microsoft.062ac069-f71b-46c2-83b8-188ff44964db.com.admin-mcas.ms
*.microsoft.062ac069-f71b-46c2-83b8-188ff44964db.com.mcas-df.ms
*.microsoft.062ac069-f71b-46c2-83b8-188ff44964db.com.mcas.ms
6zsn7.mostupdatednews24.top
youla.blablacar.pochtabank.kwid9.eseo.xyz
blablacar.blablacar.pochta.kwid9.digitaloffice.xyz
sbermegamarket.avito.sber.ozon.pay.vkpkrzprod4mw2a.shop.staging.sidbambah.com
sberbank.avito.avito.pay.avito.vkpkrzprod4mw2a.blog.shop.sidbambah.com
sd-serve-real-pony-71590-auth.candy-staging-us-central1.candy-staging.gcp.candy.tech
z3n-cf-edge-dev-esm-e2e-61052022-b142-4b.zendesk-staging.com
fondactions-initiatives.fr.vlg-php2024.initiatives.vip
www.www.www.www.www.www.www.notexistsopenpgpkey.slclogin.com
*.geo.redis.cache.windows.net
ww01.dorakon-originds.ltwitter.com
portal.www.www.portal.www.insight-production.49-12-111-90.plesk.page
*.cf.hana-tooling-validation.ingress.orchestration.hcopreq37a-orc-hc-ci.ci-aws.hanacloud.ondemand.com
*.cf.hana-tooling.ingress.orchestration.hcopreq37a-orc-hc-ci.ci-aws.hanacloud.ondemand.com
*.hana-tooling-validation.ingress.orchestration.hcopreq37a-orc-hc-ci.ci-aws.hanacloud.ondemand.com
*.api.trevorloula125grs.antares-test.windows-int.net
api.trevorloula125grs.antares-test.windows-int.net
ww01.dorakon-originds.ltwitter.com
portal.www.www.portal.www.insight-production.49-12-111-90.plesk.page
app.www.www.2wwwwww.www.pensive-mclaren.49-12-111-90.plesk.page
*.limbo-testing-api-docs-06e6b536-75c6-4713-9ba3-6dcba055147.pages.dev
limbo-testing-api-docs-06e6b536-75c6-4713-9ba3-6dcba055147.pages.dev
info-3.mbservice.info
*.lifecycle-prober-prod-49bb0412-f649-4b26-9cc8-943f0cbace77.asia-east2.managedkafka.gmk-lifecycle-prober-prod-3.cloud.goog
waws-prod-sy3-2da44e13.api.p.azurewebsites.windows.net
www.pochta.cdek.ozon.avito.pay.hyyicmyjdld5qfx.mailsrv.panvasoft.com
*.dc-us-hothealthoffers-cbdliver-droz-ss-2024-e5f5fb12febc.dancingspider9881.workers.dev
www.advancekoreanlearningcenter.com.dmcgroupnp.com
lv6lcd.testingbigaccountcooldomainname7.com
www.lv6lcd.testingbigaccountcooldomainname7.com
www.aixcll.com.dyenamicsolutions.com
sberbank.blablacar.pochtabank.sber.pay.blablacar.vkpkrzprod4mw2a.shop.sidbambah.com
outlook.lcetech.cfd
*.eu-central-2.es.amazonaws.com
jtzlycjw7a4f7gvk7kn3ckjr24.eu-central-2.es.amazonaws.com
*.accesspoint.vpce-048c3eb62ed051b1a-qd4drjlg-eu-central-2a.s3.eu-central-2.vpce.amazonaws.com
*.accesspoint.vpce-048c3eb62ed051b1a-qd4drjlg-eu-central-2b.s3.eu-central-2.vpce.amazonaws.com
*.accesspoint.vpce-048c3eb62ed051b1a-qd4drjlg-eu-central-2c.s3.eu-central-2.vpce.amazonaws.com
*.accesspoint.vpce-048c3eb62ed051b1a-qd4drjlg.s3.eu-central-2.vpce.amazonaws.com
*.bucket.vpce-048c3eb62ed051b1a-qd4drjlg-eu-central-2a.s3.eu-central-2.vpce.amazonaws.com
*.bucket.vpce-048c3eb62ed051b1a-qd4drjlg-eu-central-2b.s3.eu-central-2.vpce.amazonaws.com
*.bucket.vpce-048c3eb62ed051b1a-qd4drjlg-eu-central-2c.s3.eu-central-2.vpce.amazonaws.com
*.bucket.vpce-048c3eb62ed051b1a-qd4drjlg.s3.eu-central-2.vpce.amazonaws.com
*.control.vpce-048c3eb62ed051b1a-qd4drjlg-eu-central-2a.s3.eu-central-2.vpce.amazonaws.com
*.control.vpce-048c3eb62ed051b1a-qd4drjlg-eu-central-2b.s3.eu-central-2.vpce.amazonaws.com
*.control.vpce-048c3eb62ed051b1a-qd4drjlg-eu-central-2c.s3.eu-central-2.vpce.amazonaws.com
*.control.vpce-048c3eb62ed051b1a-qd4drjlg.s3.eu-central-2.vpce.amazonaws.com
*.s3-accesspoint.eu-central-2.amazonaws.com
*.s3-control.eu-central-2.amazonaws.com
*.s3.eu-central-2.amazonaws.com
bucket.vpce-048c3eb62ed051b1a-qd4drjlg-eu-central-2a.s3.eu-central-2.vpce.amazonaws.com
bucket.vpce-048c3eb62ed051b1a-qd4drjlg-eu-central-2b.s3.eu-central-2.vpce.amazonaws.com
bucket.vpce-048c3eb62ed051b1a-qd4drjlg-eu-central-2c.s3.eu-central-2.vpce.amazonaws.com
bucket.vpce-048c3eb62ed051b1a-qd4drjlg.s3.eu-central-2.vpce.amazonaws.com
s3.eu-central-2.amazonaws.com
e2escd-1209-b10.platform.dev.digital-ent-int.bt.com
*.cfnlaunchpadcanar.lkgsif.c2.kafka.ap-southeast-4.amazonaws.com
*.iam.cfnlaunchpadcanar.lkgsif.c2.kafka.ap-southeast-4.amazonaws.com
*.iam2.cfnlaunchpadcanar.lkgsif.c2.kafka.ap-southeast-4.amazonaws.com
*.scram.cfnlaunchpadcanar.lkgsif.c2.kafka.ap-southeast-4.amazonaws.com
*.scram2.cfnlaunchpadcanar.lkgsif.c2.kafka.ap-southeast-4.amazonaws.com
*.tls.cfnlaunchpadcanar.lkgsif.c2.kafka.ap-southeast-4.amazonaws.com
*.tls2.cfnlaunchpadcanar.lkgsif.c2.kafka.ap-southeast-4.amazonaws.com
*.ap-east-1.es.amazonaws.com
t25botj4promdl6k6fmolnizte.ap-east-1.es.amazonaws.com
alt.canary.s3.ap-northeast-1.vpce.amazonaws.com
canary.s3.ap-northeast-1.vpce.amazonaws.com
*.accesspoint.vpce-03ea8bb0445457767-e40yjmvo-eu-north-1a.s3.eu-north-1.vpce.amazonaws.com
*.accesspoint.vpce-03ea8bb0445457767-e40yjmvo-eu-north-1b.s3.eu-north-1.vpce.amazonaws.com
*.accesspoint.vpce-03ea8bb0445457767-e40yjmvo-eu-north-1c.s3.eu-north-1.vpce.amazonaws.com
*.accesspoint.vpce-03ea8bb0445457767-e40yjmvo.s3.eu-north-1.vpce.amazonaws.com
*.bucket.vpce-03ea8bb0445457767-e40yjmvo-eu-north-1a.s3.eu-north-1.vpce.amazonaws.com
*.bucket.vpce-03ea8bb0445457767-e40yjmvo-eu-north-1b.s3.eu-north-1.vpce.amazonaws.com
*.bucket.vpce-03ea8bb0445457767-e40yjmvo-eu-north-1c.s3.eu-north-1.vpce.amazonaws.com
*.bucket.vpce-03ea8bb0445457767-e40yjmvo.s3.eu-north-1.vpce.amazonaws.com
*.control.vpce-03ea8bb0445457767-e40yjmvo-eu-north-1a.s3.eu-north-1.vpce.amazonaws.com
*.control.vpce-03ea8bb0445457767-e40yjmvo-eu-north-1b.s3.eu-north-1.vpce.amazonaws.com
*.control.vpce-03ea8bb0445457767-e40yjmvo-eu-north-1c.s3.eu-north-1.vpce.amazonaws.com
*.control.vpce-03ea8bb0445457767-e40yjmvo.s3.eu-north-1.vpce.amazonaws.com
*.s3-accesspoint.eu-north-1.amazonaws.com
*.s3-control.eu-north-1.amazonaws.com
*.s3.eu-north-1.amazonaws.com
bucket.vpce-03ea8bb0445457767-e40yjmvo-eu-north-1a.s3.eu-north-1.vpce.amazonaws.com
bucket.vpce-03ea8bb0445457767-e40yjmvo-eu-north-1b.s3.eu-north-1.vpce.amazonaws.com
bucket.vpce-03ea8bb0445457767-e40yjmvo-eu-north-1c.s3.eu-north-1.vpce.amazonaws.com
bucket.vpce-03ea8bb0445457767-e40yjmvo.s3.eu-north-1.vpce.amazonaws.com
s3.eu-north-1.amazonaws.com
*.canary91a2f1da3fd.5in5wh.c5.kafka.ap-southeast-2.amazonaws.com
*.iam.canary91a2f1da3fd.5in5wh.c5.kafka.ap-southeast-2.amazonaws.com
*.iam2.canary91a2f1da3fd.5in5wh.c5.kafka.ap-southeast-2.amazonaws.com
*.scram.canary91a2f1da3fd.5in5wh.c5.kafka.ap-southeast-2.amazonaws.com
*.scram2.canary91a2f1da3fd.5in5wh.c5.kafka.ap-southeast-2.amazonaws.com
*.tls.canary91a2f1da3fd.5in5wh.c5.kafka.ap-southeast-2.amazonaws.com
*.tls2.canary91a2f1da3fd.5in5wh.c5.kafka.ap-southeast-2.amazonaws.com
alt.canary.s3.af-south-1.vpce.amazonaws.com
canary.s3.af-south-1.vpce.amazonaws.com
*.cn-north-1.es.amazonaws.com.cn
oj245lgcajaxe6o45nlbk5r4oq.cn-north-1.es.amazonaws.com.cn
*.us-west-1.es.amazonaws.com
7fhs5j4td6wvp75jmeoh4vxxxy.us-west-1.es.amazonaws.com
*.eu-central-1.es.amazonaws.com
t62fmszyvcfvztfngsf6tahuim.eu-central-1.es.amazonaws.com
*.cf.hana-tooling.ingress.orchestration.d058071-orc-hc-dev.dev-aws.hanacloud.ondemand.com
*.hana-tooling.ingress.orchestration.d058071-orc-hc-dev.dev-aws.hanacloud.ondemand.com
www.best-security-cameras-for-outside-23.de
alertmanager.service.toolbox.bpi.de
www.analretentiveapps.com.jimscff.com
www.solaronslate.com.jimscff.com
*.lifecycle-prober-prod-fde002c9-3f7d-4864-b2b3-a29c58331273.europe-west1.managedkafka.gmk-lifecycle-prober-prod-6.cloud.goog
rose-product-discovery-pr-54.ads-rose-pre-1.eks.schibsted.io
www.agsgestioncontable.com.aydconsulting.co
*.lifecycle-prober-prod-bbe9481a-2cb1-4fbe-bbd9-b1abe1016a12.europe-west2.managedkafka.gmk-lifecycle-prober-prod-4.cloud.goog
*.cf.hana-tooling.ingress.orchestration.d058071-orc-hc-dev.dev-aws.hanacloud.ondemand.com
*.hana-tooling.ingress.orchestration.d058071-orc-hc-dev.dev-aws.hanacloud.ondemand.com
*.cf.hana-tooling.ingress.orchestration.345-2c-orc-hc-ci.ci-gcp.hanacloud.ondemand.com
*.gateway.tenant-management.345-2c-tnt-hc-ci.ci-gcp.hanacloud.ondemand.com
*.hana-tooling.ingress.orchestration.345-2c-orc-hc-ci.ci-gcp.hanacloud.ondemand.com
*.ingress.tenant-management.345-2c-tnt-hc-ci.ci-gcp.hanacloud.ondemand.com
*.cert-intl-qklzmqmd.us-west-2.aws.confluent-untrusted.cloud
sbermarket.sber.wwwpay.avito.pay.xhld0vgnmy5oypv.205.ensimpoc.com
www.festivalcinesax.com.proyectousa.com
login.eneregio.t13259.cloud.wanyplace.de
sber.cdek.sber.kwid9.digitaloffice.xyz
waws-prod-bay-209.ftp.azurewebsites.windows.net
waws-prod-bay-209.publish.azurewebsites.windows.net
*.eu-west-2.es.amazonaws.com
4dlwvlejqhcxcb7aifanemjccy.eu-west-2.es.amazonaws.com
*.ap-southeast-2.es.amazonaws.com
h6z3zuakwytu76qtyguijz2fgm.ap-southeast-2.es.amazonaws.com
alt.canary.s3.us-west-1.vpce.amazonaws.com
canary.s3.us-west-1.vpce.amazonaws.com
*.canary802cc2d4e244.f8ml7j.c6.kafka.eu-west-1.amazonaws.com
*.iam.canary802cc2d4e244.f8ml7j.c6.kafka.eu-west-1.amazonaws.com
*.iam2.canary802cc2d4e244.f8ml7j.c6.kafka.eu-west-1.amazonaws.com
*.scram.canary802cc2d4e244.f8ml7j.c6.kafka.eu-west-1.amazonaws.com
*.scram2.canary802cc2d4e244.f8ml7j.c6.kafka.eu-west-1.amazonaws.com
*.tls.canary802cc2d4e244.f8ml7j.c6.kafka.eu-west-1.amazonaws.com
*.tls2.canary802cc2d4e244.f8ml7j.c6.kafka.eu-west-1.amazonaws.com
*.accesspoint.vpce-0126ba8d25e092e3c-buufzcqv-eu-central-1a.s3.eu-central-1.vpce.amazonaws.com
*.accesspoint.vpce-0126ba8d25e092e3c-buufzcqv-eu-central-1b.s3.eu-central-1.vpce.amazonaws.com
*.accesspoint.vpce-0126ba8d25e092e3c-buufzcqv-eu-central-1c.s3.eu-central-1.vpce.amazonaws.com
*.accesspoint.vpce-0126ba8d25e092e3c-buufzcqv.s3.eu-central-1.vpce.amazonaws.com
*.bucket.vpce-0126ba8d25e092e3c-buufzcqv-eu-central-1a.s3.eu-central-1.vpce.amazonaws.com
*.bucket.vpce-0126ba8d25e092e3c-buufzcqv-eu-central-1b.s3.eu-central-1.vpce.amazonaws.com
*.bucket.vpce-0126ba8d25e092e3c-buufzcqv-eu-central-1c.s3.eu-central-1.vpce.amazonaws.com
*.bucket.vpce-0126ba8d25e092e3c-buufzcqv.s3.eu-central-1.vpce.amazonaws.com
*.control.vpce-0126ba8d25e092e3c-buufzcqv-eu-central-1a.s3.eu-central-1.vpce.amazonaws.com
*.control.vpce-0126ba8d25e092e3c-buufzcqv-eu-central-1b.s3.eu-central-1.vpce.amazonaws.com
*.control.vpce-0126ba8d25e092e3c-buufzcqv-eu-central-1c.s3.eu-central-1.vpce.amazonaws.com
*.control.vpce-0126ba8d25e092e3c-buufzcqv.s3.eu-central-1.vpce.amazonaws.com
*.s3-accesspoint.eu-central-1.amazonaws.com
*.s3-control.eu-central-1.amazonaws.com
*.s3.eu-central-1.amazonaws.com
bucket.vpce-0126ba8d25e092e3c-buufzcqv-eu-central-1a.s3.eu-central-1.vpce.amazonaws.com
bucket.vpce-0126ba8d25e092e3c-buufzcqv-eu-central-1b.s3.eu-central-1.vpce.amazonaws.com
bucket.vpce-0126ba8d25e092e3c-buufzcqv-eu-central-1c.s3.eu-central-1.vpce.amazonaws.com
bucket.vpce-0126ba8d25e092e3c-buufzcqv.s3.eu-central-1.vpce.amazonaws.com
s3.eu-central-1.amazonaws.com
alt.canary.s3.ap-southeast-5.vpce.amazonaws.com
canary.s3.ap-southeast-5.vpce.amazonaws.com
*.accesspoint.vpce-08c89d4f06e74da66-foi5lt0a-eu-west-2a.s3.eu-west-2.vpce.amazonaws.com
*.accesspoint.vpce-08c89d4f06e74da66-foi5lt0a-eu-west-2b.s3.eu-west-2.vpce.amazonaws.com
*.accesspoint.vpce-08c89d4f06e74da66-foi5lt0a-eu-west-2c.s3.eu-west-2.vpce.amazonaws.com
*.accesspoint.vpce-08c89d4f06e74da66-foi5lt0a.s3.eu-west-2.vpce.amazonaws.com
*.bucket.vpce-08c89d4f06e74da66-foi5lt0a-eu-west-2a.s3.eu-west-2.vpce.amazonaws.com
*.bucket.vpce-08c89d4f06e74da66-foi5lt0a-eu-west-2b.s3.eu-west-2.vpce.amazonaws.com
*.bucket.vpce-08c89d4f06e74da66-foi5lt0a-eu-west-2c.s3.eu-west-2.vpce.amazonaws.com
*.bucket.vpce-08c89d4f06e74da66-foi5lt0a.s3.eu-west-2.vpce.amazonaws.com
*.control.vpce-08c89d4f06e74da66-foi5lt0a-eu-west-2a.s3.eu-west-2.vpce.amazonaws.com
*.control.vpce-08c89d4f06e74da66-foi5lt0a-eu-west-2b.s3.eu-west-2.vpce.amazonaws.com
*.control.vpce-08c89d4f06e74da66-foi5lt0a-eu-west-2c.s3.eu-west-2.vpce.amazonaws.com
*.control.vpce-08c89d4f06e74da66-foi5lt0a.s3.eu-west-2.vpce.amazonaws.com
*.s3-accesspoint.eu-west-2.amazonaws.com
*.s3-control.eu-west-2.amazonaws.com
*.s3.eu-west-2.amazonaws.com
bucket.vpce-08c89d4f06e74da66-foi5lt0a-eu-west-2a.s3.eu-west-2.vpce.amazonaws.com
bucket.vpce-08c89d4f06e74da66-foi5lt0a-eu-west-2b.s3.eu-west-2.vpce.amazonaws.com
bucket.vpce-08c89d4f06e74da66-foi5lt0a-eu-west-2c.s3.eu-west-2.vpce.amazonaws.com
bucket.vpce-08c89d4f06e74da66-foi5lt0a.s3.eu-west-2.vpce.amazonaws.com
s3.eu-west-2.amazonaws.com
vai-0d5d5a911ed393200.ava.ap-southeast-3.amazonaws.com
vai-0957d1413eb5d9f61.ava.ap-northeast-2.amazonaws.com
*.configcanary251b010724.lz2zhq.c6.kafka.eu-west-1.amazonaws.com
*.iam.configcanary251b010724.lz2zhq.c6.kafka.eu-west-1.amazonaws.com
*.iam2.configcanary251b010724.lz2zhq.c6.kafka.eu-west-1.amazonaws.com
*.scram.configcanary251b010724.lz2zhq.c6.kafka.eu-west-1.amazonaws.com
*.scram2.configcanary251b010724.lz2zhq.c6.kafka.eu-west-1.amazonaws.com
*.tls.configcanary251b010724.lz2zhq.c6.kafka.eu-west-1.amazonaws.com
*.tls2.configcanary251b010724.lz2zhq.c6.kafka.eu-west-1.amazonaws.com
alt.canary.s3.us-gov-west-1.vpce.amazonaws.com
canary.s3.us-gov-west-1.vpce.amazonaws.com
*.lifecycle-prober-prod-9dad3ae9-d0d1-472a-b56b-19d19152e6b6.europe-west10.managedkafka.gmk-lifecycle-prober-prod-3.cloud.goog
sbermegamarket.blablacar.youla.kwid9.digitaloffice.xyz
*.geo.redis.cache.windows.net
*.geo.redis.cache.windows.net
auto-s702595mza7-pbi-kv-biazurehttpsservice.analysis.windows-int.net
*.accesspoint.vpce-01cab51305f960e37-9s632pm2-cn-north-1a.s3.cn-north-1.vpce.amazonaws.com.cn
*.accesspoint.vpce-01cab51305f960e37-9s632pm2-cn-north-1b.s3.cn-north-1.vpce.amazonaws.com.cn
*.accesspoint.vpce-01cab51305f960e37-9s632pm2-cn-north-1c.s3.cn-north-1.vpce.amazonaws.com.cn
*.accesspoint.vpce-01cab51305f960e37-9s632pm2-cn-north-1d.s3.cn-north-1.vpce.amazonaws.com.cn
*.accesspoint.vpce-01cab51305f960e37-9s632pm2.s3.cn-north-1.vpce.amazonaws.com.cn
*.bucket.vpce-01cab51305f960e37-9s632pm2-cn-north-1a.s3.cn-north-1.vpce.amazonaws.com.cn
*.bucket.vpce-01cab51305f960e37-9s632pm2-cn-north-1b.s3.cn-north-1.vpce.amazonaws.com.cn
*.bucket.vpce-01cab51305f960e37-9s632pm2-cn-north-1c.s3.cn-north-1.vpce.amazonaws.com.cn
*.bucket.vpce-01cab51305f960e37-9s632pm2-cn-north-1d.s3.cn-north-1.vpce.amazonaws.com.cn
*.bucket.vpce-01cab51305f960e37-9s632pm2.s3.cn-north-1.vpce.amazonaws.com.cn
*.control.vpce-01cab51305f960e37-9s632pm2-cn-north-1a.s3.cn-north-1.vpce.amazonaws.com.cn
*.control.vpce-01cab51305f960e37-9s632pm2-cn-north-1b.s3.cn-north-1.vpce.amazonaws.com.cn
*.control.vpce-01cab51305f960e37-9s632pm2-cn-north-1c.s3.cn-north-1.vpce.amazonaws.com.cn
*.control.vpce-01cab51305f960e37-9s632pm2-cn-north-1d.s3.cn-north-1.vpce.amazonaws.com.cn
*.control.vpce-01cab51305f960e37-9s632pm2.s3.cn-north-1.vpce.amazonaws.com.cn
*.s3-accesspoint.cn-north-1.amazonaws.com.cn
*.s3-control.cn-north-1.amazonaws.com.cn
*.s3.cn-north-1.amazonaws.com.cn
bucket.vpce-01cab51305f960e37-9s632pm2-cn-north-1a.s3.cn-north-1.vpce.amazonaws.com.cn
bucket.vpce-01cab51305f960e37-9s632pm2-cn-north-1b.s3.cn-north-1.vpce.amazonaws.com.cn
bucket.vpce-01cab51305f960e37-9s632pm2-cn-north-1c.s3.cn-north-1.vpce.amazonaws.com.cn
bucket.vpce-01cab51305f960e37-9s632pm2-cn-north-1d.s3.cn-north-1.vpce.amazonaws.com.cn
bucket.vpce-01cab51305f960e37-9s632pm2.s3.cn-north-1.vpce.amazonaws.com.cn
s3.cn-north-1.amazonaws.com.cn
*.accesspoint.vpce-044a9e214846e37c5-sk092gnw-us-west-1a.s3.us-west-1.vpce.amazonaws.com
*.accesspoint.vpce-044a9e214846e37c5-sk092gnw-us-west-1b.s3.us-west-1.vpce.amazonaws.com
*.accesspoint.vpce-044a9e214846e37c5-sk092gnw.s3.us-west-1.vpce.amazonaws.com
*.bucket.vpce-044a9e214846e37c5-sk092gnw-us-west-1a.s3.us-west-1.vpce.amazonaws.com
*.bucket.vpce-044a9e214846e37c5-sk092gnw-us-west-1b.s3.us-west-1.vpce.amazonaws.com
*.bucket.vpce-044a9e214846e37c5-sk092gnw.s3.us-west-1.vpce.amazonaws.com
*.control.vpce-044a9e214846e37c5-sk092gnw-us-west-1a.s3.us-west-1.vpce.amazonaws.com
*.control.vpce-044a9e214846e37c5-sk092gnw-us-west-1b.s3.us-west-1.vpce.amazonaws.com
*.control.vpce-044a9e214846e37c5-sk092gnw.s3.us-west-1.vpce.amazonaws.com
*.s3-accesspoint.us-west-1.amazonaws.com
*.s3-control.us-west-1.amazonaws.com
*.s3.us-west-1.amazonaws.com
bucket.vpce-044a9e214846e37c5-sk092gnw-us-west-1a.s3.us-west-1.vpce.amazonaws.com
bucket.vpce-044a9e214846e37c5-sk092gnw-us-west-1b.s3.us-west-1.vpce.amazonaws.com
bucket.vpce-044a9e214846e37c5-sk092gnw.s3.us-west-1.vpce.amazonaws.com
s3.us-west-1.amazonaws.com
*.cfnlaunchpadcanar.wkxa17.c2.kafka.ap-southeast-5.amazonaws.com
*.iam.cfnlaunchpadcanar.wkxa17.c2.kafka.ap-southeast-5.amazonaws.com
*.iam2.cfnlaunchpadcanar.wkxa17.c2.kafka.ap-southeast-5.amazonaws.com
*.scram.cfnlaunchpadcanar.wkxa17.c2.kafka.ap-southeast-5.amazonaws.com
*.scram2.cfnlaunchpadcanar.wkxa17.c2.kafka.ap-southeast-5.amazonaws.com
*.tls.cfnlaunchpadcanar.wkxa17.c2.kafka.ap-southeast-5.amazonaws.com
*.tls2.cfnlaunchpadcanar.wkxa17.c2.kafka.ap-southeast-5.amazonaws.com
backoffice-eph5688.gavs-dev.eu-west-1.aws.pmicloud.biz
vai-0935e94e77b117afc.ava.ap-southeast-1.amazonaws.com
wg3-data-exchange-webservice-sat-external.ecs.us-east-1.instfsb2bt.c1.vanguard.com
gavs-ui-eph5688.gavs-dev.eu-west-1.aws.pmicloud.biz
gavs-eph5688-jwks.gavs-dev.eu-west-1.aws.pmicloud.biz
*.configcanary4409700.3k9342.c5.kafka.eu-central-1.amazonaws.com
*.iam.configcanary4409700.3k9342.c5.kafka.eu-central-1.amazonaws.com
*.iam2.configcanary4409700.3k9342.c5.kafka.eu-central-1.amazonaws.com
*.scram.configcanary4409700.3k9342.c5.kafka.eu-central-1.amazonaws.com
*.scram2.configcanary4409700.3k9342.c5.kafka.eu-central-1.amazonaws.com
*.tls.configcanary4409700.3k9342.c5.kafka.eu-central-1.amazonaws.com
*.tls2.configcanary4409700.3k9342.c5.kafka.eu-central-1.amazonaws.com
deploy-delete-app-3.deploy-delete-test-s5cnxf1.us-west-2.forgeapps.ec2.aws.dev
r53lbr.deploy-delete-app-3.deploy-delete-test-s5cnxf1.forgeapps.ec2.aws.dev
*.canaryb2d035134543.0ym3s6.c5.kafka.eu-central-1.amazonaws.com
*.iam.canaryb2d035134543.0ym3s6.c5.kafka.eu-central-1.amazonaws.com
*.iam2.canaryb2d035134543.0ym3s6.c5.kafka.eu-central-1.amazonaws.com
*.scram.canaryb2d035134543.0ym3s6.c5.kafka.eu-central-1.amazonaws.com
*.scram2.canaryb2d035134543.0ym3s6.c5.kafka.eu-central-1.amazonaws.com
*.tls.canaryb2d035134543.0ym3s6.c5.kafka.eu-central-1.amazonaws.com
*.tls2.canaryb2d035134543.0ym3s6.c5.kafka.eu-central-1.amazonaws.com
gavs-ui-sandbox-eph5688.gavs-dev.eu-west-1.aws.pmicloud.biz
youla.sberbank.sbermarket.sbermarket.iosx1vod3oi4yst.comune.ensimpoc.com
7517b445010f33c9.common.cloud.aurora.tech
test-drive-named.test-drive.named.common.cloud.aurora.tech
test-drive-perception-test-424.common.cloud.aurora.tech
*.geo.redis.cache.windows.net
avito.yandex.nalozhka.pay.kwid9.4800011.top
pochta.avito.nalozhka.pochtabank.avito.vkpkrzprod4mw2a.blog.shop.sidbambah.com
wwwwww.www.wwwwww.axmaicloud.img.apps.connectlive2023.com
*.geo.redis.cache.windows.net
*.z1a.graphql.fabric.microsoft-int.com
*.z1a.w.api.fabric.microsoft-int.com
auto-s2501201-pbi-kv-HttpsZone1a.z1a.w.api.fabric.microsoft-int.com
sberbank.avito.avito.pay.avito.vkpkrzprod4mw2a.blog.shop.sidbambah.com
7517b445010f33c9.common.cloud.aurora.tech
test-drive-named.test-drive.named.common.cloud.aurora.tech
test-drive-perception-test-424.common.cloud.aurora.tech
*.z59.graphql.fabric.microsoft-int.com
*.z59.w.api.fabric.microsoft-int.com
auto-s2501201-pbi-kv-HttpsZone59.z59.w.api.fabric.microsoft-int.com
*.geo.redis.cache.windows.net
*.z9a.graphql.fabric.microsoft-int.com
*.z9a.w.api.fabric.microsoft-int.com
auto-s2501201-pbi-kv-HttpsZone9a.z9a.w.api.fabric.microsoft-int.com
*.configcanary9a476d9b77.zrjvrn.c6.kafka.us-east-2.amazonaws.com
*.iam.configcanary9a476d9b77.zrjvrn.c6.kafka.us-east-2.amazonaws.com
*.iam2.configcanary9a476d9b77.zrjvrn.c6.kafka.us-east-2.amazonaws.com
*.scram.configcanary9a476d9b77.zrjvrn.c6.kafka.us-east-2.amazonaws.com
*.scram2.configcanary9a476d9b77.zrjvrn.c6.kafka.us-east-2.amazonaws.com
*.tls.configcanary9a476d9b77.zrjvrn.c6.kafka.us-east-2.amazonaws.com
*.tls2.configcanary9a476d9b77.zrjvrn.c6.kafka.us-east-2.amazonaws.com
portal.storeapp.app.portal.ftp.luganohomes.com
*.18574.devops01.eu.canary.clusters.cs.services.sap
www.amazonwheyprotein.com
www.login.docs.login.ns.auth.exchange.dozenvpn.ru
portal.www.portal.www.wwwwww.www.pensive-gould.13-68-225-194.plesk.page
wwwwwwftp.api.dev.eofficeportal.ing.secure.dozenvpn.ru
wwwsecure.en.m.eofficeportal.ing.secure.webmail.dozenvpn.ru
app.www.www.www.www.2c8b3f19-0325-4acc-a3dd-31a918e4dbf5.random.sowio.cz
www.www.quickconnect.tos.com.marketingemporiums.com.dns.freedyndns.org
www.www.www.www.www.webmail1.ourtimesupport.com
www.hautoconfig.chat.fr.community.pop.chat-service2.insightandsound.co.uk
*.zfa.graphql.fabric.microsoft-int.com
*.zfa.w.api.fabric.microsoft-int.com
auto-s2501201-pbi-kv-HttpsZonefa.zfa.w.api.fabric.microsoft-int.com
www.www.www.app.portal.apwwwepic-sanderson.13-68-225-194.plesk.page
www.www.app.ww.account.make-hex-32332e39352e3231352e313735-rr.make-hex-32332e39302e3231332e313232-rr.1u.ms
www.gronvitasumo.dr.kimberly-clark.com.cn.konimbo.co.il
waws-prod-sn1-18517909.api.p.azurewebsites.windows.net
www.www.portal.portal.app.ww.inio-gartenkultur-neos-1c089c2d.gk01.cynova.dev
www.www.come.be8ig.wwwnbgonlines.com.dns.freedyndns.org
www.www.www.www.www.www.relay1.ourtimesupport.com
7gitlab.gitlab.gitlab.gitlab.gitlab.git.git.tv.yikj.work
portal.git.gitlab.pma.support.innfinite.co.uk
www.www.www.cc.blog.test.pineapple.bluecaribu.chat
www.www.www.app.wwwportal.youthful-feynman.13-68-225-194.plesk.page
www.mtmist.orgerman.comsservice.com.dns.freedyndns.org
www.mailrelyingparty-okta-login-a7toscout24de-angebote.likes.fans
74-208-112-170.plesk.pagece.com.dns.freedyndns.org
portal.app.app.portal.motive.christians-macbook.pro.tunnel.oneam.cloud
wwwgit.git.git.gitlab.gitlab.gitlab.git.panel.yikj.work
*.linkedin-vortrag.com
linkedin-vortrag.com
www.studyinaustralia.projectmanagementcoursesonline.au
www.tabseershop.com.tabseerfashion.shop
youla.sberbank.sbermarket.sbermarket.iosx1vod3oi4yst.comune.ensimpoc.com
*.updateinfosewetv.top
updateinfosewetv.top
alt.canary.s3.ap-south-2.vpce.amazonaws.com
canary.s3.ap-south-2.vpce.amazonaws.com
cdek.youla.youla.pay.www.kwid9.4800011.top
akkaripg.com.au.slurrysolutionsau.com.au
alertmanager.service.toolbox.bpi.de
meindmax.de.heritagetrustbonline.com.dns.freedyndns.org
wwwwww.img.dashboard.docs.eofficeportal.ing.secure.dozenvpn.ru
blablacar.yandex.sber.sber.www.kwid9.4800011.top
youla.cdek.avito.cdek.vkpkrzprod4mw2a.blog.shop.staging.sidbambah.com
moc-backoffice-dev.registrationservices.gov.kh
www.cdek.autoconfig.pay.sber.wuopgouaid5q9ti.www.booking.engmtt.ru
banking.leo-6.bru.dev.bexio.com
portal.leo-6.bru.dev.bexio.com
www.www.www.www.www.hlvquwww.www.learning.skandal.tech
www.hoangdunggreen.com.minhhaimedia.com
www.tongkholuoihanoi.com.minhhaimedia.com
mx2.app-ywee8l.itunes.io
cms-cache-service.service.stage.us-central.dreamlake.io
wwwwww.www.wwwwww.axmaicloud.img.apps.connectlive2023.com
*.cf.hana-tooling.ingress.orchestration.j305271sf-orc-hc-dev.dev-aws.hanacloud.ondemand.com
*.hana-tooling.ingress.orchestration.j305271sf-orc-hc-dev.dev-aws.hanacloud.ondemand.com
*.configcanary251b010724.lz2zhq.c6.kafka.eu-west-1.amazonaws.com
*.iam.configcanary251b010724.lz2zhq.c6.kafka.eu-west-1.amazonaws.com
*.iam2.configcanary251b010724.lz2zhq.c6.kafka.eu-west-1.amazonaws.com
*.scram.configcanary251b010724.lz2zhq.c6.kafka.eu-west-1.amazonaws.com
*.scram2.configcanary251b010724.lz2zhq.c6.kafka.eu-west-1.amazonaws.com
*.tls.configcanary251b010724.lz2zhq.c6.kafka.eu-west-1.amazonaws.com
*.tls2.configcanary251b010724.lz2zhq.c6.kafka.eu-west-1.amazonaws.com
vai-0957d1413eb5d9f61.ava.ap-northeast-2.amazonaws.com
*.ap-southeast-2.es.amazonaws.com
h6z3zuakwytu76qtyguijz2fgm.ap-southeast-2.es.amazonaws.com
vai-0d5d5a911ed393200.ava.ap-southeast-3.amazonaws.com
alt.canary.s3.us-gov-west-1.vpce.amazonaws.com
canary.s3.us-gov-west-1.vpce.amazonaws.com
backoffice-eph5688.gavs-dev.eu-west-1.aws.pmicloud.biz
www.v2pn5r4bjne5h07t3z018uqpa.smtp.codetwo.online
gavs-ui-eph5688.gavs-dev.eu-west-1.aws.pmicloud.biz
*.configcanary4409700.3k9342.c5.kafka.eu-central-1.amazonaws.com
*.iam.configcanary4409700.3k9342.c5.kafka.eu-central-1.amazonaws.com
*.iam2.configcanary4409700.3k9342.c5.kafka.eu-central-1.amazonaws.com
*.scram.configcanary4409700.3k9342.c5.kafka.eu-central-1.amazonaws.com
*.scram2.configcanary4409700.3k9342.c5.kafka.eu-central-1.amazonaws.com
*.tls.configcanary4409700.3k9342.c5.kafka.eu-central-1.amazonaws.com
*.tls2.configcanary4409700.3k9342.c5.kafka.eu-central-1.amazonaws.com
vai-0935e94e77b117afc.ava.ap-southeast-1.amazonaws.com
deploy-delete-app-3.deploy-delete-test-s5cnxf1.us-west-2.forgeapps.ec2.aws.dev
r53lbr.deploy-delete-app-3.deploy-delete-test-s5cnxf1.forgeapps.ec2.aws.dev
wg3-data-exchange-webservice-sat-external.ecs.us-east-1.instfsb2bt.c1.vanguard.com
*.zdb.graphql.fabric.microsoft-int.com
*.zdb.w.api.fabric.microsoft-int.com
auto-s2501201-pbi-kv-HttpsZonedb.zdb.w.api.fabric.microsoft-int.com
mail.appleadscow.company
sberbank.blablacar.pochtabank.sber.pay.blablacar.vkpkrzprod4mw2a.shop.sidbambah.com
*.z3b.graphql.fabric.microsoft-int.com
*.z3b.w.api.fabric.microsoft-int.com
auto-s2501201-pbi-kv-HttpsZone3b.z3b.w.api.fabric.microsoft-int.com
www.v2pn5r4bjne5h07t3z018uqpa.smtp.codetwo.online
apim-dev-eus2-internal.unique.management.azure-api.net
apim-dev-eus2-internal.unique.portal.azure-api.net
*.z9b.graphql.fabric.microsoft-int.com
*.z9b.w.api.fabric.microsoft-int.com
auto-s2501201-pbi-kv-HttpsZone9b.z9b.w.api.fabric.microsoft-int.com
ows-148-253-113-90.eu-west-2.compute.outscale.com
www.www.app.portal.wwwfacebook-make-hex-32332e39352e3231352e313735-rr.make-hex-32332e39302e3231332e313232-rr.1u.ms
app.git.fr.community.pop.chat-service2.insightandsound.co.uk
csudmd8khltshaalg4ng.wwwwwwbritanniccrest.com.dns.freedyndns.org
www.www.www.www.portal.flow-production.13-68-225-194.plesk.page
www.www.www.app.portal.portal.youthful-feynman.13-68-225-194.plesk.page
wwwwhm.eap.x500slot.bio.mail.login.clientes.insightandsound.co.uk
www.wwwportal.app.www.gartenkultur-neos-1c089c2d.gk01.cynova.dev
www.www.www.portal.portal.frosty-newton.13-68-225-194.plesk.page
en.en.login.autodiscover.phpmyadmin.dozenvpn.ru
www.www.www.www.www.www.portal-labvpn.ourtimesupport.com
www.www.cloud.login.eofficeportal.ing.secure.dozenvpn.ru
autodiscover.remote.mobile.www.auth.ns2.adminlogin.lmail.dozenvpn.ru
*.instagrampinpai.com
instagrampinpai.com
ozon.ugwcscan9e422dea0f1835c14629f848854e7df3.yandex.sber.avito.avito.ryginmld1awo0ve.eip.ensimpoc.com
www.www.www.www.portal.wwwapgitlab.wwwwwwwwwpensive-gould.13-68-225-194.plesk.page
www.www.orgerman.comsservice.com.dns.freedyndns.org
www.wwwwwwchat.auth.app.login.clientes.insightandsound.co.uk
*.1.oca.ocp-qa.netflixtest.net
combgonlines.com.dns.freedyndns.org
edge-proxy-client.demo.dev2.be.creativeadvtech.ml
sbermegamarket.avito.sber.ozon.pay.vkpkrzprod4mw2a.shop.staging.sidbambah.com
www.122-display-issue-on-the-home-page-artma.feature.artmajeur.net
ipv6.puspahadi.com.103-247-8-72.cprapid.com
mail.puspahadi.com.103-247-8-72.cprapid.com
puspahadi.com.103-247-8-72.cprapid.com
www.ipv6.puspahadi.com.103-247-8-72.cprapid.com
www.puspahadi.com.103-247-8-72.cprapid.com
secure.chat.ns.old.media.crm.deepgreenfundingmanager.com
www.festivalcinesax.com.proyectousa.com
wwwwww.www.wwwwww.axmaicloud.img.apps.connectlive2023.com
node-3-20241209101132.andro.nillion-network.nilogy.xyz
node-3.andro.nillion-network.nilogy.xyz
www.festivalcinesax.com.proyectousa.com
nebula-draft-1733739580-2.drafts-staging.nebula.aleo.agency
sberbank.ozon.youla.avito.avito.avito.sberbank.c9p3ld8pk7jfufh0jmh0.karabruce.com
www.cru6278khlti5fft9c0g.eritagetrustbonline.com.dns.freedyndns.org
sbermegamarket.pay.thissubdomainshouldonlyresolveifwildcard.pochtabank.dlld2quznmo2cnbs.jxtvfumuv9h1emr5.caddy-one-ibe-redirect-proxy.eu-central-1.elasticbeanstalk.com
www.www.www.portal.gitlab.wwwwwwwwwwwwepic-sanderson.13-68-225-194.plesk.page
www.www.app.wwwportal.account.make-hex-32332e39352e3231352e313735-rr.make-hex-32332e39302e3231332e313232-rr.1u.ms
rose-product-discovery-pr-54.ads-rose-pre-1.eks.schibsted.io
waws-prod-sy3-dc528497.api.p.azurewebsites.windows.net
www.system.domainkraken.com
*.amazonag.co
amazonag.co
*.zbb.graphql.fabric.microsoft-int.com
*.zbb.w.api.fabric.microsoft-int.com
auto-s2501201-pbi-kv-HttpsZonebb.zbb.w.api.fabric.microsoft-int.com
*.lifecycle-prober-prod-13c9d64b-6db2-4dd0-a856-48fed0ebf645.europe-west6.managedkafka.gmk-lifecycle-prober-prod-2.cloud.goog
sbermegamarket.cdek.ozon.cdek.avito.vkpkrzprod4mw2a.blog.shop.sidbambah.com
*.z5a.graphql.fabric.microsoft-int.com
*.z5a.w.api.fabric.microsoft-int.com
auto-s2501201-pbi-kv-HttpsZone5a.z5a.w.api.fabric.microsoft-int.com
ows-148-253-113-90.eu-west-2.compute.outscale.com
amazonab.co
*.three-account-service.com
three-account-service.com
sberbank.avito.pay.sber.yandex.blablacar.vkpkrzprod4mw2a.shop.sidbambah.com
login.eneregio.t13259.cloud.wanyplace.de
241209-1011.ps-pp-c-edfd23d8-9bcb-4d66-bafb-06e5733ef3f1.com
*.zfb.graphql.fabric.microsoft-int.com
*.zfb.w.api.fabric.microsoft-int.com
auto-s2501201-pbi-kv-HttpsZonefb.zfb.w.api.fabric.microsoft-int.com
wwwwww.www.wwwwww.axmaicloud.img.apps.connectlive2023.com
*.z1b.graphql.fabric.microsoft-int.com
*.z1b.w.api.fabric.microsoft-int.com
auto-s2501201-pbi-kv-HttpsZone1b.z1b.w.api.fabric.microsoft-int.com
sbermarket.sbermegamarket.yandex.nalozhka.sber.sberbank.iosx1vod3oi4yst.comune.ensimpoc.com
www.blessingsbarbershop.com.8210e5254f8371252.temporary.link
www.otrmobilebartending.com.8210e5254f8371252.temporary.link
www.stilwellhousetucson.com.8210e5254f8371252.temporary.link
*.moci.gov.kw.admin-mcas-df.ms
*.moci.gov.kw.admin-mcas.ms
*.moci.gov.kw.mcas-df.ms
youla.blablacar.pay.ozon.avito.vkpkrzprod4mw2a.blog.shop.sidbambah.com
micspyit.am2.fcomet.com.gospy.it
www.micspyit.am2.fcomet.com.gospy.it
micspyit.am2.fcomet.com.gospy.it
www.micspyit.am2.fcomet.com.gospy.it
*.1.oca.ocp-qa.netflixtest.net
alt.canary.s3.sa-east-1.vpce.amazonaws.com
canary.s3.sa-east-1.vpce.amazonaws.com
*.il-central-1.es.amazonaws.com
so6bzv5kyp4teeparrx4hsugs4.il-central-1.es.amazonaws.com
vai-06fe97224943c1f15.ava.ap-southeast-2.amazonaws.com
*.configcanaryfbdd4c6083.xkvtp5.c8.kafka.eu-west-1.amazonaws.com
*.iam.configcanaryfbdd4c6083.xkvtp5.c8.kafka.eu-west-1.amazonaws.com
*.iam2.configcanaryfbdd4c6083.xkvtp5.c8.kafka.eu-west-1.amazonaws.com
*.scram.configcanaryfbdd4c6083.xkvtp5.c8.kafka.eu-west-1.amazonaws.com
*.scram2.configcanaryfbdd4c6083.xkvtp5.c8.kafka.eu-west-1.amazonaws.com
*.tls.configcanaryfbdd4c6083.xkvtp5.c8.kafka.eu-west-1.amazonaws.com
*.tls2.configcanaryfbdd4c6083.xkvtp5.c8.kafka.eu-west-1.amazonaws.com
alt.canary.s3.ap-south-1.vpce.amazonaws.com
canary.s3.ap-south-1.vpce.amazonaws.com
*.accesspoint.vpce-07b6485dbde53fbb4-ruwqma2c-eu-south-2a.s3.eu-south-2.vpce.amazonaws.com
*.accesspoint.vpce-07b6485dbde53fbb4-ruwqma2c-eu-south-2b.s3.eu-south-2.vpce.amazonaws.com
*.accesspoint.vpce-07b6485dbde53fbb4-ruwqma2c-eu-south-2c.s3.eu-south-2.vpce.amazonaws.com
*.accesspoint.vpce-07b6485dbde53fbb4-ruwqma2c.s3.eu-south-2.vpce.amazonaws.com
*.bucket.vpce-07b6485dbde53fbb4-ruwqma2c-eu-south-2a.s3.eu-south-2.vpce.amazonaws.com
*.bucket.vpce-07b6485dbde53fbb4-ruwqma2c-eu-south-2b.s3.eu-south-2.vpce.amazonaws.com
*.bucket.vpce-07b6485dbde53fbb4-ruwqma2c-eu-south-2c.s3.eu-south-2.vpce.amazonaws.com
*.bucket.vpce-07b6485dbde53fbb4-ruwqma2c.s3.eu-south-2.vpce.amazonaws.com
*.control.vpce-07b6485dbde53fbb4-ruwqma2c-eu-south-2a.s3.eu-south-2.vpce.amazonaws.com
*.control.vpce-07b6485dbde53fbb4-ruwqma2c-eu-south-2b.s3.eu-south-2.vpce.amazonaws.com
*.control.vpce-07b6485dbde53fbb4-ruwqma2c-eu-south-2c.s3.eu-south-2.vpce.amazonaws.com
*.control.vpce-07b6485dbde53fbb4-ruwqma2c.s3.eu-south-2.vpce.amazonaws.com
*.s3-accesspoint.eu-south-2.amazonaws.com
*.s3-control.eu-south-2.amazonaws.com
*.s3.eu-south-2.amazonaws.com
bucket.vpce-07b6485dbde53fbb4-ruwqma2c-eu-south-2a.s3.eu-south-2.vpce.amazonaws.com
bucket.vpce-07b6485dbde53fbb4-ruwqma2c-eu-south-2b.s3.eu-south-2.vpce.amazonaws.com
bucket.vpce-07b6485dbde53fbb4-ruwqma2c-eu-south-2c.s3.eu-south-2.vpce.amazonaws.com
bucket.vpce-07b6485dbde53fbb4-ruwqma2c.s3.eu-south-2.vpce.amazonaws.com
s3.eu-south-2.amazonaws.com
*.ecstaticridemsk.zxb9os.c3.kafka.us-east-2.amazonaws.com
*.iam.ecstaticridemsk.zxb9os.c3.kafka.us-east-2.amazonaws.com
*.iam2.ecstaticridemsk.zxb9os.c3.kafka.us-east-2.amazonaws.com
*.scram.ecstaticridemsk.zxb9os.c3.kafka.us-east-2.amazonaws.com
*.scram2.ecstaticridemsk.zxb9os.c3.kafka.us-east-2.amazonaws.com
*.tls.ecstaticridemsk.zxb9os.c3.kafka.us-east-2.amazonaws.com
*.tls2.ecstaticridemsk.zxb9os.c3.kafka.us-east-2.amazonaws.com
*.accesspoint.vpce-0540283f6dd551b6e-4wi07ufz-us-east-1a.s3.us-east-1.vpce.amazonaws.com
*.accesspoint.vpce-0540283f6dd551b6e-4wi07ufz-us-east-1b.s3.us-east-1.vpce.amazonaws.com
*.accesspoint.vpce-0540283f6dd551b6e-4wi07ufz-us-east-1c.s3.us-east-1.vpce.amazonaws.com
*.accesspoint.vpce-0540283f6dd551b6e-4wi07ufz-us-east-1d.s3.us-east-1.vpce.amazonaws.com
*.accesspoint.vpce-0540283f6dd551b6e-4wi07ufz-us-east-1e.s3.us-east-1.vpce.amazonaws.com
*.accesspoint.vpce-0540283f6dd551b6e-4wi07ufz-us-east-1f.s3.us-east-1.vpce.amazonaws.com
*.accesspoint.vpce-0540283f6dd551b6e-4wi07ufz.s3.us-east-1.vpce.amazonaws.com
*.bucket.vpce-0540283f6dd551b6e-4wi07ufz-us-east-1a.s3.us-east-1.vpce.amazonaws.com
*.bucket.vpce-0540283f6dd551b6e-4wi07ufz-us-east-1b.s3.us-east-1.vpce.amazonaws.com
*.bucket.vpce-0540283f6dd551b6e-4wi07ufz-us-east-1c.s3.us-east-1.vpce.amazonaws.com
*.bucket.vpce-0540283f6dd551b6e-4wi07ufz-us-east-1d.s3.us-east-1.vpce.amazonaws.com
*.bucket.vpce-0540283f6dd551b6e-4wi07ufz-us-east-1e.s3.us-east-1.vpce.amazonaws.com
*.bucket.vpce-0540283f6dd551b6e-4wi07ufz-us-east-1f.s3.us-east-1.vpce.amazonaws.com
*.bucket.vpce-0540283f6dd551b6e-4wi07ufz.s3.us-east-1.vpce.amazonaws.com
*.control.vpce-0540283f6dd551b6e-4wi07ufz-us-east-1a.s3.us-east-1.vpce.amazonaws.com
*.control.vpce-0540283f6dd551b6e-4wi07ufz-us-east-1b.s3.us-east-1.vpce.amazonaws.com
*.control.vpce-0540283f6dd551b6e-4wi07ufz-us-east-1c.s3.us-east-1.vpce.amazonaws.com
*.control.vpce-0540283f6dd551b6e-4wi07ufz-us-east-1d.s3.us-east-1.vpce.amazonaws.com
*.control.vpce-0540283f6dd551b6e-4wi07ufz-us-east-1e.s3.us-east-1.vpce.amazonaws.com
*.control.vpce-0540283f6dd551b6e-4wi07ufz-us-east-1f.s3.us-east-1.vpce.amazonaws.com
*.control.vpce-0540283f6dd551b6e-4wi07ufz.s3.us-east-1.vpce.amazonaws.com
bucket.vpce-0540283f6dd551b6e-4wi07ufz-us-east-1a.s3.us-east-1.vpce.amazonaws.com
bucket.vpce-0540283f6dd551b6e-4wi07ufz-us-east-1b.s3.us-east-1.vpce.amazonaws.com
bucket.vpce-0540283f6dd551b6e-4wi07ufz-us-east-1c.s3.us-east-1.vpce.amazonaws.com
bucket.vpce-0540283f6dd551b6e-4wi07ufz-us-east-1d.s3.us-east-1.vpce.amazonaws.com
bucket.vpce-0540283f6dd551b6e-4wi07ufz-us-east-1e.s3.us-east-1.vpce.amazonaws.com
bucket.vpce-0540283f6dd551b6e-4wi07ufz-us-east-1f.s3.us-east-1.vpce.amazonaws.com
bucket.vpce-0540283f6dd551b6e-4wi07ufz.s3.us-east-1.vpce.amazonaws.com
pochtabank.avito.cdek.yandex.avito.vkpkrzprod4mw2a.blog.shop.sidbambah.com
www.paramountsalon.com.marcellahawley.com
sberbank.blablacar.pochtabank.sber.pay.blablacar.vkpkrzprod4mw2a.shop.sidbambah.com
waws-prod-sec-f502888b.ftp.p.azurewebsites.windows.net
waws-prod-sec-f502888b.publish.p.azurewebsites.windows.net
ozon.blablacar.avito.pochta.avito.sbermegamarket.vkpkrzprod4mw2a.shop.sidbambah.com
vai-06fe97224943c1f15.ava.ap-southeast-2.amazonaws.com
*.configcanaryfbdd4c6083.xkvtp5.c8.kafka.eu-west-1.amazonaws.com
*.iam.configcanaryfbdd4c6083.xkvtp5.c8.kafka.eu-west-1.amazonaws.com
*.iam2.configcanaryfbdd4c6083.xkvtp5.c8.kafka.eu-west-1.amazonaws.com
*.scram.configcanaryfbdd4c6083.xkvtp5.c8.kafka.eu-west-1.amazonaws.com
*.scram2.configcanaryfbdd4c6083.xkvtp5.c8.kafka.eu-west-1.amazonaws.com
*.tls.configcanaryfbdd4c6083.xkvtp5.c8.kafka.eu-west-1.amazonaws.com
*.tls2.configcanaryfbdd4c6083.xkvtp5.c8.kafka.eu-west-1.amazonaws.com
alt.canary.s3.ap-south-1.vpce.amazonaws.com
canary.s3.ap-south-1.vpce.amazonaws.com
*.accesspoint.vpce-07b6485dbde53fbb4-ruwqma2c-eu-south-2a.s3.eu-south-2.vpce.amazonaws.com
*.accesspoint.vpce-07b6485dbde53fbb4-ruwqma2c-eu-south-2b.s3.eu-south-2.vpce.amazonaws.com
*.accesspoint.vpce-07b6485dbde53fbb4-ruwqma2c-eu-south-2c.s3.eu-south-2.vpce.amazonaws.com
*.accesspoint.vpce-07b6485dbde53fbb4-ruwqma2c.s3.eu-south-2.vpce.amazonaws.com
*.bucket.vpce-07b6485dbde53fbb4-ruwqma2c-eu-south-2a.s3.eu-south-2.vpce.amazonaws.com
*.bucket.vpce-07b6485dbde53fbb4-ruwqma2c-eu-south-2b.s3.eu-south-2.vpce.amazonaws.com
*.bucket.vpce-07b6485dbde53fbb4-ruwqma2c-eu-south-2c.s3.eu-south-2.vpce.amazonaws.com
*.bucket.vpce-07b6485dbde53fbb4-ruwqma2c.s3.eu-south-2.vpce.amazonaws.com
*.control.vpce-07b6485dbde53fbb4-ruwqma2c-eu-south-2a.s3.eu-south-2.vpce.amazonaws.com
*.control.vpce-07b6485dbde53fbb4-ruwqma2c-eu-south-2b.s3.eu-south-2.vpce.amazonaws.com
*.control.vpce-07b6485dbde53fbb4-ruwqma2c-eu-south-2c.s3.eu-south-2.vpce.amazonaws.com
*.control.vpce-07b6485dbde53fbb4-ruwqma2c.s3.eu-south-2.vpce.amazonaws.com
*.s3-accesspoint.eu-south-2.amazonaws.com
*.s3-control.eu-south-2.amazonaws.com
*.s3.eu-south-2.amazonaws.com
bucket.vpce-07b6485dbde53fbb4-ruwqma2c-eu-south-2a.s3.eu-south-2.vpce.amazonaws.com
bucket.vpce-07b6485dbde53fbb4-ruwqma2c-eu-south-2b.s3.eu-south-2.vpce.amazonaws.com
bucket.vpce-07b6485dbde53fbb4-ruwqma2c-eu-south-2c.s3.eu-south-2.vpce.amazonaws.com
bucket.vpce-07b6485dbde53fbb4-ruwqma2c.s3.eu-south-2.vpce.amazonaws.com
s3.eu-south-2.amazonaws.com
*.ecstaticridemsk.zxb9os.c3.kafka.us-east-2.amazonaws.com
*.iam.ecstaticridemsk.zxb9os.c3.kafka.us-east-2.amazonaws.com
*.iam2.ecstaticridemsk.zxb9os.c3.kafka.us-east-2.amazonaws.com
*.scram.ecstaticridemsk.zxb9os.c3.kafka.us-east-2.amazonaws.com
*.scram2.ecstaticridemsk.zxb9os.c3.kafka.us-east-2.amazonaws.com
*.tls.ecstaticridemsk.zxb9os.c3.kafka.us-east-2.amazonaws.com
*.tls2.ecstaticridemsk.zxb9os.c3.kafka.us-east-2.amazonaws.com
*.accesspoint.vpce-0540283f6dd551b6e-4wi07ufz-us-east-1a.s3.us-east-1.vpce.amazonaws.com
*.accesspoint.vpce-0540283f6dd551b6e-4wi07ufz-us-east-1b.s3.us-east-1.vpce.amazonaws.com
*.accesspoint.vpce-0540283f6dd551b6e-4wi07ufz-us-east-1c.s3.us-east-1.vpce.amazonaws.com
*.accesspoint.vpce-0540283f6dd551b6e-4wi07ufz-us-east-1d.s3.us-east-1.vpce.amazonaws.com
*.accesspoint.vpce-0540283f6dd551b6e-4wi07ufz-us-east-1e.s3.us-east-1.vpce.amazonaws.com
*.accesspoint.vpce-0540283f6dd551b6e-4wi07ufz-us-east-1f.s3.us-east-1.vpce.amazonaws.com
*.accesspoint.vpce-0540283f6dd551b6e-4wi07ufz.s3.us-east-1.vpce.amazonaws.com
*.bucket.vpce-0540283f6dd551b6e-4wi07ufz-us-east-1a.s3.us-east-1.vpce.amazonaws.com
*.bucket.vpce-0540283f6dd551b6e-4wi07ufz-us-east-1b.s3.us-east-1.vpce.amazonaws.com
*.bucket.vpce-0540283f6dd551b6e-4wi07ufz-us-east-1c.s3.us-east-1.vpce.amazonaws.com
*.bucket.vpce-0540283f6dd551b6e-4wi07ufz-us-east-1d.s3.us-east-1.vpce.amazonaws.com
*.bucket.vpce-0540283f6dd551b6e-4wi07ufz-us-east-1e.s3.us-east-1.vpce.amazonaws.com
*.bucket.vpce-0540283f6dd551b6e-4wi07ufz-us-east-1f.s3.us-east-1.vpce.amazonaws.com
*.bucket.vpce-0540283f6dd551b6e-4wi07ufz.s3.us-east-1.vpce.amazonaws.com
*.control.vpce-0540283f6dd551b6e-4wi07ufz-us-east-1a.s3.us-east-1.vpce.amazonaws.com
*.control.vpce-0540283f6dd551b6e-4wi07ufz-us-east-1b.s3.us-east-1.vpce.amazonaws.com
*.control.vpce-0540283f6dd551b6e-4wi07ufz-us-east-1c.s3.us-east-1.vpce.amazonaws.com
*.control.vpce-0540283f6dd551b6e-4wi07ufz-us-east-1d.s3.us-east-1.vpce.amazonaws.com
*.control.vpce-0540283f6dd551b6e-4wi07ufz-us-east-1e.s3.us-east-1.vpce.amazonaws.com
*.control.vpce-0540283f6dd551b6e-4wi07ufz-us-east-1f.s3.us-east-1.vpce.amazonaws.com
*.control.vpce-0540283f6dd551b6e-4wi07ufz.s3.us-east-1.vpce.amazonaws.com
bucket.vpce-0540283f6dd551b6e-4wi07ufz-us-east-1a.s3.us-east-1.vpce.amazonaws.com
bucket.vpce-0540283f6dd551b6e-4wi07ufz-us-east-1b.s3.us-east-1.vpce.amazonaws.com
bucket.vpce-0540283f6dd551b6e-4wi07ufz-us-east-1c.s3.us-east-1.vpce.amazonaws.com
bucket.vpce-0540283f6dd551b6e-4wi07ufz-us-east-1d.s3.us-east-1.vpce.amazonaws.com
bucket.vpce-0540283f6dd551b6e-4wi07ufz-us-east-1e.s3.us-east-1.vpce.amazonaws.com
bucket.vpce-0540283f6dd551b6e-4wi07ufz-us-east-1f.s3.us-east-1.vpce.amazonaws.com
bucket.vpce-0540283f6dd551b6e-4wi07ufz.s3.us-east-1.vpce.amazonaws.com
*.amazonai.co
amazonai.co
csi-globe.com.mti.luck.tw
www.csi-globe.com.mti.luck.tw
241209-1011.ps-pp-c-edfd23d8-9bcb-4d66-bafb-06e5733ef3f1.com
*.lifecycle-prober-prod-bbe9481a-2cb1-4fbe-bbd9-b1abe1016a12.europe-west2.managedkafka.gmk-lifecycle-prober-prod-4.cloud.goog
sberbank.avito.pay.sber.yandex.blablacar.vkpkrzprod4mw2a.shop.sidbambah.com
kneejointpain-managementtreatment.click
www.kneejointpain-managementtreatment.click
alt.canary.s3.ap-south-1.vpce.amazonaws.com
canary.s3.ap-south-1.vpce.amazonaws.com
*.accesspoint.vpce-07b6485dbde53fbb4-ruwqma2c-eu-south-2a.s3.eu-south-2.vpce.amazonaws.com
*.accesspoint.vpce-07b6485dbde53fbb4-ruwqma2c-eu-south-2b.s3.eu-south-2.vpce.amazonaws.com
*.accesspoint.vpce-07b6485dbde53fbb4-ruwqma2c-eu-south-2c.s3.eu-south-2.vpce.amazonaws.com
*.accesspoint.vpce-07b6485dbde53fbb4-ruwqma2c.s3.eu-south-2.vpce.amazonaws.com
*.bucket.vpce-07b6485dbde53fbb4-ruwqma2c-eu-south-2a.s3.eu-south-2.vpce.amazonaws.com
*.bucket.vpce-07b6485dbde53fbb4-ruwqma2c-eu-south-2b.s3.eu-south-2.vpce.amazonaws.com
*.bucket.vpce-07b6485dbde53fbb4-ruwqma2c-eu-south-2c.s3.eu-south-2.vpce.amazonaws.com
*.bucket.vpce-07b6485dbde53fbb4-ruwqma2c.s3.eu-south-2.vpce.amazonaws.com
*.control.vpce-07b6485dbde53fbb4-ruwqma2c-eu-south-2a.s3.eu-south-2.vpce.amazonaws.com
*.control.vpce-07b6485dbde53fbb4-ruwqma2c-eu-south-2b.s3.eu-south-2.vpce.amazonaws.com
*.control.vpce-07b6485dbde53fbb4-ruwqma2c-eu-south-2c.s3.eu-south-2.vpce.amazonaws.com
*.control.vpce-07b6485dbde53fbb4-ruwqma2c.s3.eu-south-2.vpce.amazonaws.com
*.s3-accesspoint.eu-south-2.amazonaws.com
*.s3-control.eu-south-2.amazonaws.com
*.s3.eu-south-2.amazonaws.com
bucket.vpce-07b6485dbde53fbb4-ruwqma2c-eu-south-2a.s3.eu-south-2.vpce.amazonaws.com
bucket.vpce-07b6485dbde53fbb4-ruwqma2c-eu-south-2b.s3.eu-south-2.vpce.amazonaws.com
bucket.vpce-07b6485dbde53fbb4-ruwqma2c-eu-south-2c.s3.eu-south-2.vpce.amazonaws.com
bucket.vpce-07b6485dbde53fbb4-ruwqma2c.s3.eu-south-2.vpce.amazonaws.com
s3.eu-south-2.amazonaws.com
admin.hcoia.com.sa.production.premier.siteviz.com
anamosacarecenter.com.sa.production.premier.siteviz.com
aspenheightsseniorliving.com.sa.production.premier.siteviz.com
bavarianmeadowsseniorliving.com.sa.production.premier.siteviz.com
nhnrc.com.sa.production.premier.siteviz.com
nhnursingandrehabcenter.com.sa.production.premier.siteviz.com
www.anamosacarecenter.com.sa.production.premier.siteviz.com
www.aspenheightsseniorliving.com.sa.production.premier.siteviz.com
www.nhnrc.com.sa.production.premier.siteviz.com
www.nhnursingandrehabcenter.com.sa.production.premier.siteviz.com
sberbank.blablacar.pochtabank.sber.pay.blablacar.vkpkrzprod4mw2a.shop.sidbambah.com
pochta.avito.nalozhka.pochtabank.avito.vkpkrzprod4mw2a.blog.shop.sidbambah.com
*.zbb.graphql.fabric.microsoft-int.com
*.zbb.w.api.fabric.microsoft-int.com
auto-s2501201-pbi-kv-HttpsZonebb.zbb.w.api.fabric.microsoft-int.com
node-2-20241209101132.andro.nillion-network.nilogy.xyz
node-2.andro.nillion-network.nilogy.xyz
pochtabank.avito.cdek.yandex.avito.vkpkrzprod4mw2a.blog.shop.sidbambah.com
www.paypal-community.farmers.co
wwwwww.www.wwwwww.axmaicloud.img.apps.connectlive2023.com
*.flickrz.exchange
flickrz.exchange
taekwon-do-melaka.com.my.buddhist-sutra.org
www.taekwon-do-melaka.com.my.buddhist-sutra.org
contract-service.fda-4db0a51a.core.build.vwn.cloud
youla.cdek.avito.cdek.vkpkrzprod4mw2a.blog.shop.staging.sidbambah.com
ims-license-manager-service-prod.knet.lqd.dk
*.1.oca.ocp-qa.netflixtest.net
*.linkedin-vortrag.com
linkedin-vortrag.com
psql-ctp-labs-happie-service-prd-weeu-01-ddcea563.postgres.database.azure.com
*.accesspoint.vpce-07b6485dbde53fbb4-ruwqma2c-eu-south-2a.s3.eu-south-2.vpce.amazonaws.com
*.accesspoint.vpce-07b6485dbde53fbb4-ruwqma2c-eu-south-2b.s3.eu-south-2.vpce.amazonaws.com
*.accesspoint.vpce-07b6485dbde53fbb4-ruwqma2c-eu-south-2c.s3.eu-south-2.vpce.amazonaws.com
*.accesspoint.vpce-07b6485dbde53fbb4-ruwqma2c.s3.eu-south-2.vpce.amazonaws.com
*.bucket.vpce-07b6485dbde53fbb4-ruwqma2c-eu-south-2a.s3.eu-south-2.vpce.amazonaws.com
*.bucket.vpce-07b6485dbde53fbb4-ruwqma2c-eu-south-2b.s3.eu-south-2.vpce.amazonaws.com
*.bucket.vpce-07b6485dbde53fbb4-ruwqma2c-eu-south-2c.s3.eu-south-2.vpce.amazonaws.com
*.bucket.vpce-07b6485dbde53fbb4-ruwqma2c.s3.eu-south-2.vpce.amazonaws.com
*.control.vpce-07b6485dbde53fbb4-ruwqma2c-eu-south-2a.s3.eu-south-2.vpce.amazonaws.com
*.control.vpce-07b6485dbde53fbb4-ruwqma2c-eu-south-2b.s3.eu-south-2.vpce.amazonaws.com
*.control.vpce-07b6485dbde53fbb4-ruwqma2c-eu-south-2c.s3.eu-south-2.vpce.amazonaws.com
*.control.vpce-07b6485dbde53fbb4-ruwqma2c.s3.eu-south-2.vpce.amazonaws.com
*.s3-accesspoint.eu-south-2.amazonaws.com
*.s3-control.eu-south-2.amazonaws.com
*.s3.eu-south-2.amazonaws.com
bucket.vpce-07b6485dbde53fbb4-ruwqma2c-eu-south-2a.s3.eu-south-2.vpce.amazonaws.com
bucket.vpce-07b6485dbde53fbb4-ruwqma2c-eu-south-2b.s3.eu-south-2.vpce.amazonaws.com
bucket.vpce-07b6485dbde53fbb4-ruwqma2c-eu-south-2c.s3.eu-south-2.vpce.amazonaws.com
bucket.vpce-07b6485dbde53fbb4-ruwqma2c.s3.eu-south-2.vpce.amazonaws.com
s3.eu-south-2.amazonaws.com
*.amazonai.co
amazonai.co
testsac1760492751.luminate-ws.mgmt-europe-west1-us-east1.luminatesite.com
www.studyinaustralia.projectmanagementcoursesonline.au
cast.netflix.com
notexistspay.pay.avito.sberbank.qild9ko15m9ro0r.mx.vm-boost.ru
www.notexistspay.pay.avito.sberbank.qild9ko15m9ro0r.mx.vm-boost.ru
www.portal.www.w.wwwwww.www.festive-torvalds.13-68-225-194.plesk.page
www.www.www.portal.wwwwww.wwwgitlab.wwwwwwwwwpensive-gould.13-68-225-194.plesk.page
www.www.app.portal.ww.facebook-make-hex-32332e39352e3231352e313735-rr.make-hex-32332e39302e3231332e313232-rr.1u.ms
*.geo.redis.cache.windows.net
www.www.www.www.ww.britanniccrest.com.dns.freedyndns.org
www.www.www.www.www.www.www.fttx-pool-217.ourtimesupport.com
totbonline.com.dns.freedyndns.org
www.www.www.www.stprivate.com.dns.freedyndns.org
www.www.app.portal.ww.frosty-newton.13-68-225-194.plesk.page
www.www.www.www.www.www.klient.ourtimesupport.com
www.portal.portal.gitlab.ww.ww.epic-sanderson.13-68-225-194.plesk.page
www.www.portal.www.portal.wwwwww.pensive-gould.13-68-225-194.plesk.page
www.8www.mobile.store.en.login.clientes.insightandsound.co.uk
www.portal.ww.wwwwww.www.wwwwwwwww.frosty-newton.13-68-225-194.plesk.page
padlet.googledocs.172.93.104.11.backname.io
csvn138khltt2e6p8oe0.wwwwwwbritanniccrest.com.dns.freedyndns.org
*.1.oca.ocp-qa.netflixtest.net
c86cca6e269e373d.fbalogh.xcu2-8y8x.dev.cldr.work
de-fbalogh-163-master0.fbalogh.xcu2-8y8x.dev.cldr.work
sbermegamarket.cdek.ozon.cdek.avito.vkpkrzprod4mw2a.blog.shop.sidbambah.com
rh-api.ci-rosa-s-i06g.v094.s1.devshift.org
sbermegamarket.cdek.ozon.cdek.avito.vkpkrzprod4mw2a.blog.shop.sidbambah.com
portal-e2e-pg-georestore-2024129-101612965.postgres.database.azure.com
google517265b742750b86.bhiwadipolymers.com
www.google517265b742750b86.bhiwadipolymers.com
*.cf.hana-tooling.ingress.orchestration.i548814rl-orc-hc-dev.dev-aws.hanacloud.ondemand.com
*.hana-tooling.ingress.orchestration.i548814rl-orc-hc-dev.dev-aws.hanacloud.ondemand.com
sberbank.avito.pay.sber.yandex.blablacar.vkpkrzprod4mw2a.shop.sidbambah.com
www.outlook.dailylinuxuser.com
*.accesspoint.vpce-0a9fe2cdbac78574f-81mtfunl-ap-northeast-1a.s3.ap-northeast-1.vpce.amazonaws.com
*.accesspoint.vpce-0a9fe2cdbac78574f-81mtfunl-ap-northeast-1c.s3.ap-northeast-1.vpce.amazonaws.com
*.accesspoint.vpce-0a9fe2cdbac78574f-81mtfunl-ap-northeast-1d.s3.ap-northeast-1.vpce.amazonaws.com
*.accesspoint.vpce-0a9fe2cdbac78574f-81mtfunl.s3.ap-northeast-1.vpce.amazonaws.com
*.bucket.vpce-0a9fe2cdbac78574f-81mtfunl-ap-northeast-1a.s3.ap-northeast-1.vpce.amazonaws.com
*.bucket.vpce-0a9fe2cdbac78574f-81mtfunl-ap-northeast-1c.s3.ap-northeast-1.vpce.amazonaws.com
*.bucket.vpce-0a9fe2cdbac78574f-81mtfunl-ap-northeast-1d.s3.ap-northeast-1.vpce.amazonaws.com
*.bucket.vpce-0a9fe2cdbac78574f-81mtfunl.s3.ap-northeast-1.vpce.amazonaws.com
*.control.vpce-0a9fe2cdbac78574f-81mtfunl-ap-northeast-1a.s3.ap-northeast-1.vpce.amazonaws.com
*.control.vpce-0a9fe2cdbac78574f-81mtfunl-ap-northeast-1c.s3.ap-northeast-1.vpce.amazonaws.com
*.control.vpce-0a9fe2cdbac78574f-81mtfunl-ap-northeast-1d.s3.ap-northeast-1.vpce.amazonaws.com
*.control.vpce-0a9fe2cdbac78574f-81mtfunl.s3.ap-northeast-1.vpce.amazonaws.com
*.s3-accesspoint.ap-northeast-1.amazonaws.com
*.s3-control.ap-northeast-1.amazonaws.com
*.s3.ap-northeast-1.amazonaws.com
bucket.vpce-0a9fe2cdbac78574f-81mtfunl-ap-northeast-1a.s3.ap-northeast-1.vpce.amazonaws.com
bucket.vpce-0a9fe2cdbac78574f-81mtfunl-ap-northeast-1c.s3.ap-northeast-1.vpce.amazonaws.com
bucket.vpce-0a9fe2cdbac78574f-81mtfunl-ap-northeast-1d.s3.ap-northeast-1.vpce.amazonaws.com
bucket.vpce-0a9fe2cdbac78574f-81mtfunl.s3.ap-northeast-1.vpce.amazonaws.com
s3.ap-northeast-1.amazonaws.com
*.accesspoint.vpce-015b54aaa89c2154b-etw0em7b-ap-southeast-1a.s3.ap-southeast-1.vpce.amazonaws.com
*.accesspoint.vpce-015b54aaa89c2154b-etw0em7b-ap-southeast-1b.s3.ap-southeast-1.vpce.amazonaws.com
*.accesspoint.vpce-015b54aaa89c2154b-etw0em7b-ap-southeast-1c.s3.ap-southeast-1.vpce.amazonaws.com
*.accesspoint.vpce-015b54aaa89c2154b-etw0em7b.s3.ap-southeast-1.vpce.amazonaws.com
*.bucket.vpce-015b54aaa89c2154b-etw0em7b-ap-southeast-1a.s3.ap-southeast-1.vpce.amazonaws.com
*.bucket.vpce-015b54aaa89c2154b-etw0em7b-ap-southeast-1b.s3.ap-southeast-1.vpce.amazonaws.com
*.bucket.vpce-015b54aaa89c2154b-etw0em7b-ap-southeast-1c.s3.ap-southeast-1.vpce.amazonaws.com
*.bucket.vpce-015b54aaa89c2154b-etw0em7b.s3.ap-southeast-1.vpce.amazonaws.com
*.control.vpce-015b54aaa89c2154b-etw0em7b-ap-southeast-1a.s3.ap-southeast-1.vpce.amazonaws.com
*.control.vpce-015b54aaa89c2154b-etw0em7b-ap-southeast-1b.s3.ap-southeast-1.vpce.amazonaws.com
*.control.vpce-015b54aaa89c2154b-etw0em7b-ap-southeast-1c.s3.ap-southeast-1.vpce.amazonaws.com
*.control.vpce-015b54aaa89c2154b-etw0em7b.s3.ap-southeast-1.vpce.amazonaws.com
*.s3-accesspoint.ap-southeast-1.amazonaws.com
*.s3-control.ap-southeast-1.amazonaws.com
*.s3.ap-southeast-1.amazonaws.com
bucket.vpce-015b54aaa89c2154b-etw0em7b-ap-southeast-1a.s3.ap-southeast-1.vpce.amazonaws.com
bucket.vpce-015b54aaa89c2154b-etw0em7b-ap-southeast-1b.s3.ap-southeast-1.vpce.amazonaws.com
bucket.vpce-015b54aaa89c2154b-etw0em7b-ap-southeast-1c.s3.ap-southeast-1.vpce.amazonaws.com
bucket.vpce-015b54aaa89c2154b-etw0em7b.s3.ap-southeast-1.vpce.amazonaws.com
s3.ap-southeast-1.amazonaws.com
*.accesspoint.vpce-05996126d8cae83f3-bvz7shc2-eu-central-2a.s3.eu-central-2.vpce.amazonaws.com
*.accesspoint.vpce-05996126d8cae83f3-bvz7shc2-eu-central-2b.s3.eu-central-2.vpce.amazonaws.com
*.accesspoint.vpce-05996126d8cae83f3-bvz7shc2-eu-central-2c.s3.eu-central-2.vpce.amazonaws.com
*.accesspoint.vpce-05996126d8cae83f3-bvz7shc2.s3.eu-central-2.vpce.amazonaws.com
*.bucket.vpce-05996126d8cae83f3-bvz7shc2-eu-central-2a.s3.eu-central-2.vpce.amazonaws.com
*.bucket.vpce-05996126d8cae83f3-bvz7shc2-eu-central-2b.s3.eu-central-2.vpce.amazonaws.com
*.bucket.vpce-05996126d8cae83f3-bvz7shc2-eu-central-2c.s3.eu-central-2.vpce.amazonaws.com
*.bucket.vpce-05996126d8cae83f3-bvz7shc2.s3.eu-central-2.vpce.amazonaws.com
*.control.vpce-05996126d8cae83f3-bvz7shc2-eu-central-2a.s3.eu-central-2.vpce.amazonaws.com
*.control.vpce-05996126d8cae83f3-bvz7shc2-eu-central-2b.s3.eu-central-2.vpce.amazonaws.com
*.control.vpce-05996126d8cae83f3-bvz7shc2-eu-central-2c.s3.eu-central-2.vpce.amazonaws.com
*.control.vpce-05996126d8cae83f3-bvz7shc2.s3.eu-central-2.vpce.amazonaws.com
*.s3-accesspoint.eu-central-2.amazonaws.com
*.s3-control.eu-central-2.amazonaws.com
*.s3.eu-central-2.amazonaws.com
bucket.vpce-05996126d8cae83f3-bvz7shc2-eu-central-2a.s3.eu-central-2.vpce.amazonaws.com
bucket.vpce-05996126d8cae83f3-bvz7shc2-eu-central-2b.s3.eu-central-2.vpce.amazonaws.com
bucket.vpce-05996126d8cae83f3-bvz7shc2-eu-central-2c.s3.eu-central-2.vpce.amazonaws.com
bucket.vpce-05996126d8cae83f3-bvz7shc2.s3.eu-central-2.vpce.amazonaws.com
s3.eu-central-2.amazonaws.com
*.ca-central-1.es.amazonaws.com
7mrvkurryposr24cstm6jfrlyq.ca-central-1.es.amazonaws.com
*.us-east-2.es.amazonaws.com
5ffc7sgsv7ri4wjf26hmrqgirm.us-east-2.es.amazonaws.com
*.accesspoint.vpce-034a7055d5c46dcb0-jps5hgvf-eu-south-1a.s3.eu-south-1.vpce.amazonaws.com
*.accesspoint.vpce-034a7055d5c46dcb0-jps5hgvf-eu-south-1b.s3.eu-south-1.vpce.amazonaws.com
*.accesspoint.vpce-034a7055d5c46dcb0-jps5hgvf-eu-south-1c.s3.eu-south-1.vpce.amazonaws.com
*.accesspoint.vpce-034a7055d5c46dcb0-jps5hgvf.s3.eu-south-1.vpce.amazonaws.com
*.bucket.vpce-034a7055d5c46dcb0-jps5hgvf-eu-south-1a.s3.eu-south-1.vpce.amazonaws.com
*.bucket.vpce-034a7055d5c46dcb0-jps5hgvf-eu-south-1b.s3.eu-south-1.vpce.amazonaws.com
*.bucket.vpce-034a7055d5c46dcb0-jps5hgvf-eu-south-1c.s3.eu-south-1.vpce.amazonaws.com
*.bucket.vpce-034a7055d5c46dcb0-jps5hgvf.s3.eu-south-1.vpce.amazonaws.com
*.control.vpce-034a7055d5c46dcb0-jps5hgvf-eu-south-1a.s3.eu-south-1.vpce.amazonaws.com
*.control.vpce-034a7055d5c46dcb0-jps5hgvf-eu-south-1b.s3.eu-south-1.vpce.amazonaws.com
*.control.vpce-034a7055d5c46dcb0-jps5hgvf-eu-south-1c.s3.eu-south-1.vpce.amazonaws.com
*.control.vpce-034a7055d5c46dcb0-jps5hgvf.s3.eu-south-1.vpce.amazonaws.com
*.s3-accesspoint.eu-south-1.amazonaws.com
*.s3-control.eu-south-1.amazonaws.com
*.s3.eu-south-1.amazonaws.com
bucket.vpce-034a7055d5c46dcb0-jps5hgvf-eu-south-1a.s3.eu-south-1.vpce.amazonaws.com
bucket.vpce-034a7055d5c46dcb0-jps5hgvf-eu-south-1b.s3.eu-south-1.vpce.amazonaws.com
bucket.vpce-034a7055d5c46dcb0-jps5hgvf-eu-south-1c.s3.eu-south-1.vpce.amazonaws.com
bucket.vpce-034a7055d5c46dcb0-jps5hgvf.s3.eu-south-1.vpce.amazonaws.com
s3.eu-south-1.amazonaws.com
*.accesspoint.vpce-04497c291e02f58a8-elvwhr4m-us-west-2a.s3.us-west-2.vpce.amazonaws.com
*.accesspoint.vpce-04497c291e02f58a8-elvwhr4m-us-west-2b.s3.us-west-2.vpce.amazonaws.com
*.accesspoint.vpce-04497c291e02f58a8-elvwhr4m-us-west-2c.s3.us-west-2.vpce.amazonaws.com
*.accesspoint.vpce-04497c291e02f58a8-elvwhr4m-us-west-2d.s3.us-west-2.vpce.amazonaws.com
*.accesspoint.vpce-04497c291e02f58a8-elvwhr4m.s3.us-west-2.vpce.amazonaws.com
*.bucket.vpce-04497c291e02f58a8-elvwhr4m-us-west-2a.s3.us-west-2.vpce.amazonaws.com
*.bucket.vpce-04497c291e02f58a8-elvwhr4m-us-west-2b.s3.us-west-2.vpce.amazonaws.com
*.bucket.vpce-04497c291e02f58a8-elvwhr4m-us-west-2c.s3.us-west-2.vpce.amazonaws.com
*.bucket.vpce-04497c291e02f58a8-elvwhr4m-us-west-2d.s3.us-west-2.vpce.amazonaws.com
*.bucket.vpce-04497c291e02f58a8-elvwhr4m.s3.us-west-2.vpce.amazonaws.com
*.control.vpce-04497c291e02f58a8-elvwhr4m-us-west-2a.s3.us-west-2.vpce.amazonaws.com
*.control.vpce-04497c291e02f58a8-elvwhr4m-us-west-2b.s3.us-west-2.vpce.amazonaws.com
*.control.vpce-04497c291e02f58a8-elvwhr4m-us-west-2c.s3.us-west-2.vpce.amazonaws.com
*.control.vpce-04497c291e02f58a8-elvwhr4m-us-west-2d.s3.us-west-2.vpce.amazonaws.com
*.control.vpce-04497c291e02f58a8-elvwhr4m.s3.us-west-2.vpce.amazonaws.com
*.s3-accesspoint.us-west-2.amazonaws.com
*.s3-control.us-west-2.amazonaws.com
*.s3.us-west-2.amazonaws.com
bucket.vpce-04497c291e02f58a8-elvwhr4m-us-west-2a.s3.us-west-2.vpce.amazonaws.com
bucket.vpce-04497c291e02f58a8-elvwhr4m-us-west-2b.s3.us-west-2.vpce.amazonaws.com
bucket.vpce-04497c291e02f58a8-elvwhr4m-us-west-2c.s3.us-west-2.vpce.amazonaws.com
bucket.vpce-04497c291e02f58a8-elvwhr4m-us-west-2d.s3.us-west-2.vpce.amazonaws.com
bucket.vpce-04497c291e02f58a8-elvwhr4m.s3.us-west-2.vpce.amazonaws.com
s3.us-west-2.amazonaws.com
*.us-east-2.es.amazonaws.com
fcflhlulteuewzdyoekihqlqne.us-east-2.es.amazonaws.com
alt.canary.s3.us-northeast-1.vpce.amazonaws.com
canary.s3.us-northeast-1.vpce.amazonaws.com
*.accesspoint.vpce-04395bee11e7ec1ef-j5n52cb0-ap-east-1a.s3.ap-east-1.vpce.amazonaws.com
*.accesspoint.vpce-04395bee11e7ec1ef-j5n52cb0-ap-east-1b.s3.ap-east-1.vpce.amazonaws.com
*.accesspoint.vpce-04395bee11e7ec1ef-j5n52cb0-ap-east-1c.s3.ap-east-1.vpce.amazonaws.com
*.accesspoint.vpce-04395bee11e7ec1ef-j5n52cb0.s3.ap-east-1.vpce.amazonaws.com
*.bucket.vpce-04395bee11e7ec1ef-j5n52cb0-ap-east-1a.s3.ap-east-1.vpce.amazonaws.com
*.bucket.vpce-04395bee11e7ec1ef-j5n52cb0-ap-east-1b.s3.ap-east-1.vpce.amazonaws.com
*.bucket.vpce-04395bee11e7ec1ef-j5n52cb0-ap-east-1c.s3.ap-east-1.vpce.amazonaws.com
*.bucket.vpce-04395bee11e7ec1ef-j5n52cb0.s3.ap-east-1.vpce.amazonaws.com
*.control.vpce-04395bee11e7ec1ef-j5n52cb0-ap-east-1a.s3.ap-east-1.vpce.amazonaws.com
*.control.vpce-04395bee11e7ec1ef-j5n52cb0-ap-east-1b.s3.ap-east-1.vpce.amazonaws.com
*.control.vpce-04395bee11e7ec1ef-j5n52cb0-ap-east-1c.s3.ap-east-1.vpce.amazonaws.com
*.control.vpce-04395bee11e7ec1ef-j5n52cb0.s3.ap-east-1.vpce.amazonaws.com
*.s3-accesspoint.ap-east-1.amazonaws.com
*.s3-control.ap-east-1.amazonaws.com
*.s3.ap-east-1.amazonaws.com
bucket.vpce-04395bee11e7ec1ef-j5n52cb0-ap-east-1a.s3.ap-east-1.vpce.amazonaws.com
bucket.vpce-04395bee11e7ec1ef-j5n52cb0-ap-east-1b.s3.ap-east-1.vpce.amazonaws.com
bucket.vpce-04395bee11e7ec1ef-j5n52cb0-ap-east-1c.s3.ap-east-1.vpce.amazonaws.com
bucket.vpce-04395bee11e7ec1ef-j5n52cb0.s3.ap-east-1.vpce.amazonaws.com
s3.ap-east-1.amazonaws.com
*.configcanary5f90b55.megtvy.c7.kafka.eu-central-1.amazonaws.com
*.iam.configcanary5f90b55.megtvy.c7.kafka.eu-central-1.amazonaws.com
*.iam2.configcanary5f90b55.megtvy.c7.kafka.eu-central-1.amazonaws.com
*.scram.configcanary5f90b55.megtvy.c7.kafka.eu-central-1.amazonaws.com
*.scram2.configcanary5f90b55.megtvy.c7.kafka.eu-central-1.amazonaws.com
*.tls.configcanary5f90b55.megtvy.c7.kafka.eu-central-1.amazonaws.com
*.tls2.configcanary5f90b55.megtvy.c7.kafka.eu-central-1.amazonaws.com
github.pr-1728.ccp.dev.ccp.continental.exchange
wg3-data-exchange-webservice-cat-external.ecs.us-west-2.instfsb2bt.c1.vanguard.com
*.canary72bda567beb2.n3b54n.c7.kafka.eu-central-1.amazonaws.com
*.iam.canary72bda567beb2.n3b54n.c7.kafka.eu-central-1.amazonaws.com
*.iam2.canary72bda567beb2.n3b54n.c7.kafka.eu-central-1.amazonaws.com
*.scram.canary72bda567beb2.n3b54n.c7.kafka.eu-central-1.amazonaws.com
*.scram2.canary72bda567beb2.n3b54n.c7.kafka.eu-central-1.amazonaws.com
*.tls.canary72bda567beb2.n3b54n.c7.kafka.eu-central-1.amazonaws.com
*.tls2.canary72bda567beb2.n3b54n.c7.kafka.eu-central-1.amazonaws.com
*.us-west-1.es.amazonaws.com
gf2wo4lalz2h3opchel2p2rbbu.us-west-1.es.amazonaws.com
ims-license-manager-service-prod.knet.lqd.dk
*.canary9b517f66ce9f.j1ul4k.c8.kafka.eu-west-1.amazonaws.com
*.iam.canary9b517f66ce9f.j1ul4k.c8.kafka.eu-west-1.amazonaws.com
*.iam2.canary9b517f66ce9f.j1ul4k.c8.kafka.eu-west-1.amazonaws.com
*.scram.canary9b517f66ce9f.j1ul4k.c8.kafka.eu-west-1.amazonaws.com
*.scram2.canary9b517f66ce9f.j1ul4k.c8.kafka.eu-west-1.amazonaws.com
*.tls.canary9b517f66ce9f.j1ul4k.c8.kafka.eu-west-1.amazonaws.com
*.tls2.canary9b517f66ce9f.j1ul4k.c8.kafka.eu-west-1.amazonaws.com
vai-0acb0b3aa008df56d.ava.eu-west-2.amazonaws.com
*.ca-central-1.es.amazonaws.com
7mrvkurryposr24cstm6jfrlyq.ca-central-1.es.amazonaws.com
*.us-east-2.es.amazonaws.com
5ffc7sgsv7ri4wjf26hmrqgirm.us-east-2.es.amazonaws.com
*.accesspoint.vpce-04497c291e02f58a8-elvwhr4m-us-west-2a.s3.us-west-2.vpce.amazonaws.com
*.accesspoint.vpce-04497c291e02f58a8-elvwhr4m-us-west-2b.s3.us-west-2.vpce.amazonaws.com
*.accesspoint.vpce-04497c291e02f58a8-elvwhr4m-us-west-2c.s3.us-west-2.vpce.amazonaws.com
*.accesspoint.vpce-04497c291e02f58a8-elvwhr4m-us-west-2d.s3.us-west-2.vpce.amazonaws.com
*.accesspoint.vpce-04497c291e02f58a8-elvwhr4m.s3.us-west-2.vpce.amazonaws.com
*.bucket.vpce-04497c291e02f58a8-elvwhr4m-us-west-2a.s3.us-west-2.vpce.amazonaws.com
*.bucket.vpce-04497c291e02f58a8-elvwhr4m-us-west-2b.s3.us-west-2.vpce.amazonaws.com
*.bucket.vpce-04497c291e02f58a8-elvwhr4m-us-west-2c.s3.us-west-2.vpce.amazonaws.com
*.bucket.vpce-04497c291e02f58a8-elvwhr4m-us-west-2d.s3.us-west-2.vpce.amazonaws.com
*.bucket.vpce-04497c291e02f58a8-elvwhr4m.s3.us-west-2.vpce.amazonaws.com
*.control.vpce-04497c291e02f58a8-elvwhr4m-us-west-2a.s3.us-west-2.vpce.amazonaws.com
*.control.vpce-04497c291e02f58a8-elvwhr4m-us-west-2b.s3.us-west-2.vpce.amazonaws.com
*.control.vpce-04497c291e02f58a8-elvwhr4m-us-west-2c.s3.us-west-2.vpce.amazonaws.com
*.control.vpce-04497c291e02f58a8-elvwhr4m-us-west-2d.s3.us-west-2.vpce.amazonaws.com
*.control.vpce-04497c291e02f58a8-elvwhr4m.s3.us-west-2.vpce.amazonaws.com
*.s3-accesspoint.us-west-2.amazonaws.com
*.s3-control.us-west-2.amazonaws.com
*.s3.us-west-2.amazonaws.com
bucket.vpce-04497c291e02f58a8-elvwhr4m-us-west-2a.s3.us-west-2.vpce.amazonaws.com
bucket.vpce-04497c291e02f58a8-elvwhr4m-us-west-2b.s3.us-west-2.vpce.amazonaws.com
bucket.vpce-04497c291e02f58a8-elvwhr4m-us-west-2c.s3.us-west-2.vpce.amazonaws.com
bucket.vpce-04497c291e02f58a8-elvwhr4m-us-west-2d.s3.us-west-2.vpce.amazonaws.com
bucket.vpce-04497c291e02f58a8-elvwhr4m.s3.us-west-2.vpce.amazonaws.com
s3.us-west-2.amazonaws.com
alt.canary.s3.us-northeast-1.vpce.amazonaws.com
canary.s3.us-northeast-1.vpce.amazonaws.com
*.configcanary5f90b55.megtvy.c7.kafka.eu-central-1.amazonaws.com
*.iam.configcanary5f90b55.megtvy.c7.kafka.eu-central-1.amazonaws.com
*.iam2.configcanary5f90b55.megtvy.c7.kafka.eu-central-1.amazonaws.com
*.scram.configcanary5f90b55.megtvy.c7.kafka.eu-central-1.amazonaws.com
*.scram2.configcanary5f90b55.megtvy.c7.kafka.eu-central-1.amazonaws.com
*.tls.configcanary5f90b55.megtvy.c7.kafka.eu-central-1.amazonaws.com
*.tls2.configcanary5f90b55.megtvy.c7.kafka.eu-central-1.amazonaws.com
*.canary72bda567beb2.n3b54n.c7.kafka.eu-central-1.amazonaws.com
*.iam.canary72bda567beb2.n3b54n.c7.kafka.eu-central-1.amazonaws.com
*.iam2.canary72bda567beb2.n3b54n.c7.kafka.eu-central-1.amazonaws.com
*.scram.canary72bda567beb2.n3b54n.c7.kafka.eu-central-1.amazonaws.com
*.scram2.canary72bda567beb2.n3b54n.c7.kafka.eu-central-1.amazonaws.com
*.tls.canary72bda567beb2.n3b54n.c7.kafka.eu-central-1.amazonaws.com
*.tls2.canary72bda567beb2.n3b54n.c7.kafka.eu-central-1.amazonaws.com
*.us-west-1.es.amazonaws.com
gf2wo4lalz2h3opchel2p2rbbu.us-west-1.es.amazonaws.com
*.ca-west-1.es.amazonaws.com
aafr3ukktmwmxkfuuz5qryyyga.ca-west-1.es.amazonaws.com
vai-0ae4bbefec0de8eb3.ava.eu-west-1.amazonaws.com
alt.canary.s3.ap-southeast-7.vpce.amazonaws.com
canary.s3.ap-southeast-7.vpce.amazonaws.com
*.eu-west-1.es.amazonaws.com
z25vznxsi6pknmyhigksiavbdi.eu-west-1.es.amazonaws.com
wg3-data-exchange-webservice-sat-external.ecs.us-west-2.instfsb2bt.c1.vanguard.com
vai-0ce962146fe04891a.ava.ap-northeast-1.amazonaws.com
vai-0338e590346ee3692.ava.us-west-1.amazonaws.com
*.accesspoint.vpce-0132397e320522215-cg3aptg4-me-south-1a.s3.me-south-1.vpce.amazonaws.com
*.accesspoint.vpce-0132397e320522215-cg3aptg4-me-south-1b.s3.me-south-1.vpce.amazonaws.com
*.accesspoint.vpce-0132397e320522215-cg3aptg4-me-south-1c.s3.me-south-1.vpce.amazonaws.com
*.accesspoint.vpce-0132397e320522215-cg3aptg4.s3.me-south-1.vpce.amazonaws.com
*.bucket.vpce-0132397e320522215-cg3aptg4-me-south-1a.s3.me-south-1.vpce.amazonaws.com
*.bucket.vpce-0132397e320522215-cg3aptg4-me-south-1b.s3.me-south-1.vpce.amazonaws.com
*.bucket.vpce-0132397e320522215-cg3aptg4-me-south-1c.s3.me-south-1.vpce.amazonaws.com
*.bucket.vpce-0132397e320522215-cg3aptg4.s3.me-south-1.vpce.amazonaws.com
*.control.vpce-0132397e320522215-cg3aptg4-me-south-1a.s3.me-south-1.vpce.amazonaws.com
*.control.vpce-0132397e320522215-cg3aptg4-me-south-1b.s3.me-south-1.vpce.amazonaws.com
*.control.vpce-0132397e320522215-cg3aptg4-me-south-1c.s3.me-south-1.vpce.amazonaws.com
*.control.vpce-0132397e320522215-cg3aptg4.s3.me-south-1.vpce.amazonaws.com
*.s3-accesspoint.me-south-1.amazonaws.com
*.s3-control.me-south-1.amazonaws.com
*.s3.me-south-1.amazonaws.com
bucket.vpce-0132397e320522215-cg3aptg4-me-south-1a.s3.me-south-1.vpce.amazonaws.com
bucket.vpce-0132397e320522215-cg3aptg4-me-south-1b.s3.me-south-1.vpce.amazonaws.com
bucket.vpce-0132397e320522215-cg3aptg4-me-south-1c.s3.me-south-1.vpce.amazonaws.com
bucket.vpce-0132397e320522215-cg3aptg4.s3.me-south-1.vpce.amazonaws.com
s3.me-south-1.amazonaws.com
vai-0acb0b3aa008df56d.ava.eu-west-2.amazonaws.com
vai-0338e590346ee3692.ava.us-west-1.amazonaws.com
*.accesspoint.vpce-05419c847526bd619-botypgvs-eu-west-3a.s3.eu-west-3.vpce.amazonaws.com
*.accesspoint.vpce-05419c847526bd619-botypgvs-eu-west-3b.s3.eu-west-3.vpce.amazonaws.com
*.accesspoint.vpce-05419c847526bd619-botypgvs-eu-west-3c.s3.eu-west-3.vpce.amazonaws.com
*.accesspoint.vpce-05419c847526bd619-botypgvs.s3.eu-west-3.vpce.amazonaws.com
*.bucket.vpce-05419c847526bd619-botypgvs-eu-west-3a.s3.eu-west-3.vpce.amazonaws.com
*.bucket.vpce-05419c847526bd619-botypgvs-eu-west-3b.s3.eu-west-3.vpce.amazonaws.com
*.bucket.vpce-05419c847526bd619-botypgvs-eu-west-3c.s3.eu-west-3.vpce.amazonaws.com
*.bucket.vpce-05419c847526bd619-botypgvs.s3.eu-west-3.vpce.amazonaws.com
*.control.vpce-05419c847526bd619-botypgvs-eu-west-3a.s3.eu-west-3.vpce.amazonaws.com
*.control.vpce-05419c847526bd619-botypgvs-eu-west-3b.s3.eu-west-3.vpce.amazonaws.com
*.control.vpce-05419c847526bd619-botypgvs-eu-west-3c.s3.eu-west-3.vpce.amazonaws.com
*.control.vpce-05419c847526bd619-botypgvs.s3.eu-west-3.vpce.amazonaws.com
*.s3-accesspoint.eu-west-3.amazonaws.com
*.s3-control.eu-west-3.amazonaws.com
*.s3.eu-west-3.amazonaws.com
bucket.vpce-05419c847526bd619-botypgvs-eu-west-3a.s3.eu-west-3.vpce.amazonaws.com
bucket.vpce-05419c847526bd619-botypgvs-eu-west-3b.s3.eu-west-3.vpce.amazonaws.com
bucket.vpce-05419c847526bd619-botypgvs-eu-west-3c.s3.eu-west-3.vpce.amazonaws.com
bucket.vpce-05419c847526bd619-botypgvs.s3.eu-west-3.vpce.amazonaws.com
s3.eu-west-3.amazonaws.com
alt.canary.s3.eu-west-2.vpce.amazonaws.com
canary.s3.eu-west-2.vpce.amazonaws.com
deploy-delete-app-ca-central-1-1.deploy-delete-test-ca-central-1-c3rged8.ca-central-1.forgeapps.ec2.aws.dev
deploy-delete-app-ca-central-1-1.deploy-delete-test-ca-central-1-c3rged8.forgeapps.ec2.aws.dev
r53lbr.deploy-delete-app-ca-central-1-1.deploy-delete-test-ca-central-1-c3rged8.forgeapps.ec2.aws.dev
vai-090b8bcc4bdafa7c2.ava.eu-central-1.amazonaws.com
*.eu-west-1.es.amazonaws.com
z25vznxsi6pknmyhigksiavbdi.eu-west-1.es.amazonaws.com
*.accesspoint.vpce-0132397e320522215-cg3aptg4-me-south-1a.s3.me-south-1.vpce.amazonaws.com
*.accesspoint.vpce-0132397e320522215-cg3aptg4-me-south-1b.s3.me-south-1.vpce.amazonaws.com
*.accesspoint.vpce-0132397e320522215-cg3aptg4-me-south-1c.s3.me-south-1.vpce.amazonaws.com
*.accesspoint.vpce-0132397e320522215-cg3aptg4.s3.me-south-1.vpce.amazonaws.com
*.bucket.vpce-0132397e320522215-cg3aptg4-me-south-1a.s3.me-south-1.vpce.amazonaws.com
*.bucket.vpce-0132397e320522215-cg3aptg4-me-south-1b.s3.me-south-1.vpce.amazonaws.com
*.bucket.vpce-0132397e320522215-cg3aptg4-me-south-1c.s3.me-south-1.vpce.amazonaws.com
*.bucket.vpce-0132397e320522215-cg3aptg4.s3.me-south-1.vpce.amazonaws.com
*.control.vpce-0132397e320522215-cg3aptg4-me-south-1a.s3.me-south-1.vpce.amazonaws.com
*.control.vpce-0132397e320522215-cg3aptg4-me-south-1b.s3.me-south-1.vpce.amazonaws.com
*.control.vpce-0132397e320522215-cg3aptg4-me-south-1c.s3.me-south-1.vpce.amazonaws.com
*.control.vpce-0132397e320522215-cg3aptg4.s3.me-south-1.vpce.amazonaws.com
*.s3-accesspoint.me-south-1.amazonaws.com
*.s3-control.me-south-1.amazonaws.com
*.s3.me-south-1.amazonaws.com
bucket.vpce-0132397e320522215-cg3aptg4-me-south-1a.s3.me-south-1.vpce.amazonaws.com
bucket.vpce-0132397e320522215-cg3aptg4-me-south-1b.s3.me-south-1.vpce.amazonaws.com
bucket.vpce-0132397e320522215-cg3aptg4-me-south-1c.s3.me-south-1.vpce.amazonaws.com
bucket.vpce-0132397e320522215-cg3aptg4.s3.me-south-1.vpce.amazonaws.com
s3.me-south-1.amazonaws.com
alt.canary.s3.cn-north-1.vpce.amazonaws.com.cn
canary.s3.cn-north-1.vpce.amazonaws.com.cn
*.mhughesman-yahoo.direct.quickconnect.to
mhughesman-yahoo.direct.quickconnect.to
www.editoranetwip.com.focusyourmind.co
vai-0a2662ace54779068.ava.us-east-2.amazonaws.com
*.accesspoint.vpce-049e5c12b445a1052-n1emc3nj-ap-northeast-2a.s3.ap-northeast-2.vpce.amazonaws.com
*.accesspoint.vpce-049e5c12b445a1052-n1emc3nj-ap-northeast-2b.s3.ap-northeast-2.vpce.amazonaws.com
*.accesspoint.vpce-049e5c12b445a1052-n1emc3nj-ap-northeast-2c.s3.ap-northeast-2.vpce.amazonaws.com
*.accesspoint.vpce-049e5c12b445a1052-n1emc3nj-ap-northeast-2d.s3.ap-northeast-2.vpce.amazonaws.com
*.accesspoint.vpce-049e5c12b445a1052-n1emc3nj.s3.ap-northeast-2.vpce.amazonaws.com
*.bucket.vpce-049e5c12b445a1052-n1emc3nj-ap-northeast-2a.s3.ap-northeast-2.vpce.amazonaws.com
*.bucket.vpce-049e5c12b445a1052-n1emc3nj-ap-northeast-2b.s3.ap-northeast-2.vpce.amazonaws.com
*.bucket.vpce-049e5c12b445a1052-n1emc3nj-ap-northeast-2c.s3.ap-northeast-2.vpce.amazonaws.com
*.bucket.vpce-049e5c12b445a1052-n1emc3nj-ap-northeast-2d.s3.ap-northeast-2.vpce.amazonaws.com
*.bucket.vpce-049e5c12b445a1052-n1emc3nj.s3.ap-northeast-2.vpce.amazonaws.com
*.control.vpce-049e5c12b445a1052-n1emc3nj-ap-northeast-2a.s3.ap-northeast-2.vpce.amazonaws.com
*.control.vpce-049e5c12b445a1052-n1emc3nj-ap-northeast-2b.s3.ap-northeast-2.vpce.amazonaws.com
*.control.vpce-049e5c12b445a1052-n1emc3nj-ap-northeast-2c.s3.ap-northeast-2.vpce.amazonaws.com
*.control.vpce-049e5c12b445a1052-n1emc3nj-ap-northeast-2d.s3.ap-northeast-2.vpce.amazonaws.com
*.control.vpce-049e5c12b445a1052-n1emc3nj.s3.ap-northeast-2.vpce.amazonaws.com
*.s3-accesspoint.ap-northeast-2.amazonaws.com
*.s3-control.ap-northeast-2.amazonaws.com
*.s3.ap-northeast-2.amazonaws.com
bucket.vpce-049e5c12b445a1052-n1emc3nj-ap-northeast-2a.s3.ap-northeast-2.vpce.amazonaws.com
bucket.vpce-049e5c12b445a1052-n1emc3nj-ap-northeast-2b.s3.ap-northeast-2.vpce.amazonaws.com
bucket.vpce-049e5c12b445a1052-n1emc3nj-ap-northeast-2c.s3.ap-northeast-2.vpce.amazonaws.com
bucket.vpce-049e5c12b445a1052-n1emc3nj-ap-northeast-2d.s3.ap-northeast-2.vpce.amazonaws.com
bucket.vpce-049e5c12b445a1052-n1emc3nj.s3.ap-northeast-2.vpce.amazonaws.com
s3.ap-northeast-2.amazonaws.com
*.accesspoint.vpce-0e11d97b4aa17ac88-n4l8cv8e-ap-southeast-3a.s3.ap-southeast-3.vpce.amazonaws.com
*.accesspoint.vpce-0e11d97b4aa17ac88-n4l8cv8e-ap-southeast-3b.s3.ap-southeast-3.vpce.amazonaws.com
*.accesspoint.vpce-0e11d97b4aa17ac88-n4l8cv8e-ap-southeast-3c.s3.ap-southeast-3.vpce.amazonaws.com
*.accesspoint.vpce-0e11d97b4aa17ac88-n4l8cv8e.s3.ap-southeast-3.vpce.amazonaws.com
*.bucket.vpce-0e11d97b4aa17ac88-n4l8cv8e-ap-southeast-3a.s3.ap-southeast-3.vpce.amazonaws.com
*.bucket.vpce-0e11d97b4aa17ac88-n4l8cv8e-ap-southeast-3b.s3.ap-southeast-3.vpce.amazonaws.com
*.bucket.vpce-0e11d97b4aa17ac88-n4l8cv8e-ap-southeast-3c.s3.ap-southeast-3.vpce.amazonaws.com
*.bucket.vpce-0e11d97b4aa17ac88-n4l8cv8e.s3.ap-southeast-3.vpce.amazonaws.com
*.control.vpce-0e11d97b4aa17ac88-n4l8cv8e-ap-southeast-3a.s3.ap-southeast-3.vpce.amazonaws.com
*.control.vpce-0e11d97b4aa17ac88-n4l8cv8e-ap-southeast-3b.s3.ap-southeast-3.vpce.amazonaws.com
*.control.vpce-0e11d97b4aa17ac88-n4l8cv8e-ap-southeast-3c.s3.ap-southeast-3.vpce.amazonaws.com
*.control.vpce-0e11d97b4aa17ac88-n4l8cv8e.s3.ap-southeast-3.vpce.amazonaws.com
*.s3-accesspoint.ap-southeast-3.amazonaws.com
*.s3-control.ap-southeast-3.amazonaws.com
*.s3.ap-southeast-3.amazonaws.com
bucket.vpce-0e11d97b4aa17ac88-n4l8cv8e-ap-southeast-3a.s3.ap-southeast-3.vpce.amazonaws.com
bucket.vpce-0e11d97b4aa17ac88-n4l8cv8e-ap-southeast-3b.s3.ap-southeast-3.vpce.amazonaws.com
bucket.vpce-0e11d97b4aa17ac88-n4l8cv8e-ap-southeast-3c.s3.ap-southeast-3.vpce.amazonaws.com
bucket.vpce-0e11d97b4aa17ac88-n4l8cv8e.s3.ap-southeast-3.vpce.amazonaws.com
s3.ap-southeast-3.amazonaws.com
*.psct-61599m.galileo-admin-psct.platform-scts-dev.aws.vsct.fr
psct-61599m.galileo-admin-psct.platform-scts-dev.aws.vsct.fr
*.1.oca.ocp-qa.netflixtest.net
*.ca-central-1.es.amazonaws.com
7mrvkurryposr24cstm6jfrlyq.ca-central-1.es.amazonaws.com
*.us-east-2.es.amazonaws.com
5ffc7sgsv7ri4wjf26hmrqgirm.us-east-2.es.amazonaws.com
*.accesspoint.vpce-034a7055d5c46dcb0-jps5hgvf-eu-south-1a.s3.eu-south-1.vpce.amazonaws.com
*.accesspoint.vpce-034a7055d5c46dcb0-jps5hgvf-eu-south-1b.s3.eu-south-1.vpce.amazonaws.com
*.accesspoint.vpce-034a7055d5c46dcb0-jps5hgvf-eu-south-1c.s3.eu-south-1.vpce.amazonaws.com
*.accesspoint.vpce-034a7055d5c46dcb0-jps5hgvf.s3.eu-south-1.vpce.amazonaws.com
*.bucket.vpce-034a7055d5c46dcb0-jps5hgvf-eu-south-1a.s3.eu-south-1.vpce.amazonaws.com
*.bucket.vpce-034a7055d5c46dcb0-jps5hgvf-eu-south-1b.s3.eu-south-1.vpce.amazonaws.com
*.bucket.vpce-034a7055d5c46dcb0-jps5hgvf-eu-south-1c.s3.eu-south-1.vpce.amazonaws.com
*.bucket.vpce-034a7055d5c46dcb0-jps5hgvf.s3.eu-south-1.vpce.amazonaws.com
*.control.vpce-034a7055d5c46dcb0-jps5hgvf-eu-south-1a.s3.eu-south-1.vpce.amazonaws.com
*.control.vpce-034a7055d5c46dcb0-jps5hgvf-eu-south-1b.s3.eu-south-1.vpce.amazonaws.com
*.control.vpce-034a7055d5c46dcb0-jps5hgvf-eu-south-1c.s3.eu-south-1.vpce.amazonaws.com
*.control.vpce-034a7055d5c46dcb0-jps5hgvf.s3.eu-south-1.vpce.amazonaws.com
*.s3-accesspoint.eu-south-1.amazonaws.com
*.s3-control.eu-south-1.amazonaws.com
*.s3.eu-south-1.amazonaws.com
bucket.vpce-034a7055d5c46dcb0-jps5hgvf-eu-south-1a.s3.eu-south-1.vpce.amazonaws.com
bucket.vpce-034a7055d5c46dcb0-jps5hgvf-eu-south-1b.s3.eu-south-1.vpce.amazonaws.com
bucket.vpce-034a7055d5c46dcb0-jps5hgvf-eu-south-1c.s3.eu-south-1.vpce.amazonaws.com
bucket.vpce-034a7055d5c46dcb0-jps5hgvf.s3.eu-south-1.vpce.amazonaws.com
s3.eu-south-1.amazonaws.com
*.accesspoint.vpce-04497c291e02f58a8-elvwhr4m-us-west-2a.s3.us-west-2.vpce.amazonaws.com
*.accesspoint.vpce-04497c291e02f58a8-elvwhr4m-us-west-2b.s3.us-west-2.vpce.amazonaws.com
*.accesspoint.vpce-04497c291e02f58a8-elvwhr4m-us-west-2c.s3.us-west-2.vpce.amazonaws.com
*.accesspoint.vpce-04497c291e02f58a8-elvwhr4m-us-west-2d.s3.us-west-2.vpce.amazonaws.com
*.accesspoint.vpce-04497c291e02f58a8-elvwhr4m.s3.us-west-2.vpce.amazonaws.com
*.bucket.vpce-04497c291e02f58a8-elvwhr4m-us-west-2a.s3.us-west-2.vpce.amazonaws.com
*.bucket.vpce-04497c291e02f58a8-elvwhr4m-us-west-2b.s3.us-west-2.vpce.amazonaws.com
*.bucket.vpce-04497c291e02f58a8-elvwhr4m-us-west-2c.s3.us-west-2.vpce.amazonaws.com
*.bucket.vpce-04497c291e02f58a8-elvwhr4m-us-west-2d.s3.us-west-2.vpce.amazonaws.com
*.bucket.vpce-04497c291e02f58a8-elvwhr4m.s3.us-west-2.vpce.amazonaws.com
*.control.vpce-04497c291e02f58a8-elvwhr4m-us-west-2a.s3.us-west-2.vpce.amazonaws.com
*.control.vpce-04497c291e02f58a8-elvwhr4m-us-west-2b.s3.us-west-2.vpce.amazonaws.com
*.control.vpce-04497c291e02f58a8-elvwhr4m-us-west-2c.s3.us-west-2.vpce.amazonaws.com
*.control.vpce-04497c291e02f58a8-elvwhr4m-us-west-2d.s3.us-west-2.vpce.amazonaws.com
*.control.vpce-04497c291e02f58a8-elvwhr4m.s3.us-west-2.vpce.amazonaws.com
*.s3-accesspoint.us-west-2.amazonaws.com
*.s3-control.us-west-2.amazonaws.com
*.s3.us-west-2.amazonaws.com
bucket.vpce-04497c291e02f58a8-elvwhr4m-us-west-2a.s3.us-west-2.vpce.amazonaws.com
bucket.vpce-04497c291e02f58a8-elvwhr4m-us-west-2b.s3.us-west-2.vpce.amazonaws.com
bucket.vpce-04497c291e02f58a8-elvwhr4m-us-west-2c.s3.us-west-2.vpce.amazonaws.com
bucket.vpce-04497c291e02f58a8-elvwhr4m-us-west-2d.s3.us-west-2.vpce.amazonaws.com
bucket.vpce-04497c291e02f58a8-elvwhr4m.s3.us-west-2.vpce.amazonaws.com
s3.us-west-2.amazonaws.com
*.us-east-2.es.amazonaws.com
fcflhlulteuewzdyoekihqlqne.us-east-2.es.amazonaws.com
alt.canary.s3.us-northeast-1.vpce.amazonaws.com
canary.s3.us-northeast-1.vpce.amazonaws.com
*.accesspoint.vpce-04395bee11e7ec1ef-j5n52cb0-ap-east-1a.s3.ap-east-1.vpce.amazonaws.com
*.accesspoint.vpce-04395bee11e7ec1ef-j5n52cb0-ap-east-1b.s3.ap-east-1.vpce.amazonaws.com
*.accesspoint.vpce-04395bee11e7ec1ef-j5n52cb0-ap-east-1c.s3.ap-east-1.vpce.amazonaws.com
*.accesspoint.vpce-04395bee11e7ec1ef-j5n52cb0.s3.ap-east-1.vpce.amazonaws.com
*.bucket.vpce-04395bee11e7ec1ef-j5n52cb0-ap-east-1a.s3.ap-east-1.vpce.amazonaws.com
*.bucket.vpce-04395bee11e7ec1ef-j5n52cb0-ap-east-1b.s3.ap-east-1.vpce.amazonaws.com
*.bucket.vpce-04395bee11e7ec1ef-j5n52cb0-ap-east-1c.s3.ap-east-1.vpce.amazonaws.com
*.bucket.vpce-04395bee11e7ec1ef-j5n52cb0.s3.ap-east-1.vpce.amazonaws.com
*.control.vpce-04395bee11e7ec1ef-j5n52cb0-ap-east-1a.s3.ap-east-1.vpce.amazonaws.com
*.control.vpce-04395bee11e7ec1ef-j5n52cb0-ap-east-1b.s3.ap-east-1.vpce.amazonaws.com
*.control.vpce-04395bee11e7ec1ef-j5n52cb0-ap-east-1c.s3.ap-east-1.vpce.amazonaws.com
*.control.vpce-04395bee11e7ec1ef-j5n52cb0.s3.ap-east-1.vpce.amazonaws.com
*.s3-accesspoint.ap-east-1.amazonaws.com
*.s3-control.ap-east-1.amazonaws.com
*.s3.ap-east-1.amazonaws.com
bucket.vpce-04395bee11e7ec1ef-j5n52cb0-ap-east-1a.s3.ap-east-1.vpce.amazonaws.com
bucket.vpce-04395bee11e7ec1ef-j5n52cb0-ap-east-1b.s3.ap-east-1.vpce.amazonaws.com
bucket.vpce-04395bee11e7ec1ef-j5n52cb0-ap-east-1c.s3.ap-east-1.vpce.amazonaws.com
bucket.vpce-04395bee11e7ec1ef-j5n52cb0.s3.ap-east-1.vpce.amazonaws.com
s3.ap-east-1.amazonaws.com
*.configcanary5f90b55.megtvy.c7.kafka.eu-central-1.amazonaws.com
*.iam.configcanary5f90b55.megtvy.c7.kafka.eu-central-1.amazonaws.com
*.iam2.configcanary5f90b55.megtvy.c7.kafka.eu-central-1.amazonaws.com
*.scram.configcanary5f90b55.megtvy.c7.kafka.eu-central-1.amazonaws.com
*.scram2.configcanary5f90b55.megtvy.c7.kafka.eu-central-1.amazonaws.com
*.tls.configcanary5f90b55.megtvy.c7.kafka.eu-central-1.amazonaws.com
*.tls2.configcanary5f90b55.megtvy.c7.kafka.eu-central-1.amazonaws.com
github.pr-1728.ccp.dev.ccp.continental.exchange
wg3-data-exchange-webservice-cat-external.ecs.us-west-2.instfsb2bt.c1.vanguard.com
*.canary72bda567beb2.n3b54n.c7.kafka.eu-central-1.amazonaws.com
*.iam.canary72bda567beb2.n3b54n.c7.kafka.eu-central-1.amazonaws.com
*.iam2.canary72bda567beb2.n3b54n.c7.kafka.eu-central-1.amazonaws.com
*.scram.canary72bda567beb2.n3b54n.c7.kafka.eu-central-1.amazonaws.com
*.scram2.canary72bda567beb2.n3b54n.c7.kafka.eu-central-1.amazonaws.com
*.tls.canary72bda567beb2.n3b54n.c7.kafka.eu-central-1.amazonaws.com
*.tls2.canary72bda567beb2.n3b54n.c7.kafka.eu-central-1.amazonaws.com
*.us-west-1.es.amazonaws.com
gf2wo4lalz2h3opchel2p2rbbu.us-west-1.es.amazonaws.com
*.ca-west-1.es.amazonaws.com
aafr3ukktmwmxkfuuz5qryyyga.ca-west-1.es.amazonaws.com
*.accesspoint.vpce-04497c291e02f58a8-elvwhr4m-us-west-2a.s3.us-west-2.vpce.amazonaws.com
*.accesspoint.vpce-04497c291e02f58a8-elvwhr4m-us-west-2b.s3.us-west-2.vpce.amazonaws.com
*.accesspoint.vpce-04497c291e02f58a8-elvwhr4m-us-west-2c.s3.us-west-2.vpce.amazonaws.com
*.accesspoint.vpce-04497c291e02f58a8-elvwhr4m-us-west-2d.s3.us-west-2.vpce.amazonaws.com
*.accesspoint.vpce-04497c291e02f58a8-elvwhr4m.s3.us-west-2.vpce.amazonaws.com
*.bucket.vpce-04497c291e02f58a8-elvwhr4m-us-west-2a.s3.us-west-2.vpce.amazonaws.com
*.bucket.vpce-04497c291e02f58a8-elvwhr4m-us-west-2b.s3.us-west-2.vpce.amazonaws.com
*.bucket.vpce-04497c291e02f58a8-elvwhr4m-us-west-2c.s3.us-west-2.vpce.amazonaws.com
*.bucket.vpce-04497c291e02f58a8-elvwhr4m-us-west-2d.s3.us-west-2.vpce.amazonaws.com
*.bucket.vpce-04497c291e02f58a8-elvwhr4m.s3.us-west-2.vpce.amazonaws.com
*.control.vpce-04497c291e02f58a8-elvwhr4m-us-west-2a.s3.us-west-2.vpce.amazonaws.com
*.control.vpce-04497c291e02f58a8-elvwhr4m-us-west-2b.s3.us-west-2.vpce.amazonaws.com
*.control.vpce-04497c291e02f58a8-elvwhr4m-us-west-2c.s3.us-west-2.vpce.amazonaws.com
*.control.vpce-04497c291e02f58a8-elvwhr4m-us-west-2d.s3.us-west-2.vpce.amazonaws.com
*.control.vpce-04497c291e02f58a8-elvwhr4m.s3.us-west-2.vpce.amazonaws.com
*.s3-accesspoint.us-west-2.amazonaws.com
*.s3-control.us-west-2.amazonaws.com
*.s3.us-west-2.amazonaws.com
bucket.vpce-04497c291e02f58a8-elvwhr4m-us-west-2a.s3.us-west-2.vpce.amazonaws.com
bucket.vpce-04497c291e02f58a8-elvwhr4m-us-west-2b.s3.us-west-2.vpce.amazonaws.com
bucket.vpce-04497c291e02f58a8-elvwhr4m-us-west-2c.s3.us-west-2.vpce.amazonaws.com
bucket.vpce-04497c291e02f58a8-elvwhr4m-us-west-2d.s3.us-west-2.vpce.amazonaws.com
bucket.vpce-04497c291e02f58a8-elvwhr4m.s3.us-west-2.vpce.amazonaws.com
s3.us-west-2.amazonaws.com
*.configcanary5f90b55.megtvy.c7.kafka.eu-central-1.amazonaws.com
*.iam.configcanary5f90b55.megtvy.c7.kafka.eu-central-1.amazonaws.com
*.iam2.configcanary5f90b55.megtvy.c7.kafka.eu-central-1.amazonaws.com
*.scram.configcanary5f90b55.megtvy.c7.kafka.eu-central-1.amazonaws.com
*.scram2.configcanary5f90b55.megtvy.c7.kafka.eu-central-1.amazonaws.com
*.tls.configcanary5f90b55.megtvy.c7.kafka.eu-central-1.amazonaws.com
*.tls2.configcanary5f90b55.megtvy.c7.kafka.eu-central-1.amazonaws.com
*.canary72bda567beb2.n3b54n.c7.kafka.eu-central-1.amazonaws.com
*.iam.canary72bda567beb2.n3b54n.c7.kafka.eu-central-1.amazonaws.com
*.iam2.canary72bda567beb2.n3b54n.c7.kafka.eu-central-1.amazonaws.com
*.scram.canary72bda567beb2.n3b54n.c7.kafka.eu-central-1.amazonaws.com
*.scram2.canary72bda567beb2.n3b54n.c7.kafka.eu-central-1.amazonaws.com
*.tls.canary72bda567beb2.n3b54n.c7.kafka.eu-central-1.amazonaws.com
*.tls2.canary72bda567beb2.n3b54n.c7.kafka.eu-central-1.amazonaws.com
*.us-west-1.es.amazonaws.com
gf2wo4lalz2h3opchel2p2rbbu.us-west-1.es.amazonaws.com
blog.reverse-proxy.gitlab.enigmatic.xyz
*.amazondealsdirect.co
amazondealsdirect.co
*.amazonal.co
amazonal.co
www.remote-device-management-rdm-60782.bond
0wwwwwwstd-jenkins.143-244-152-170.laughing-hamilton.113-20-28-53.plesk.page
admin.montgomerybank.com.sa.production.premier.siteviz.com
meramecvalleybank.com.sa.production.premier.siteviz.com
montgomerybank.com.sa.production.premier.siteviz.com
www.meramecvalleybank.com.sa.production.premier.siteviz.com
www.montgomerybank.com.sa.production.premier.siteviz.com
www.dipalthakor.com.monkconsultancy.com
www.jualrumahkomersil.com.natarealty.com
www.jualrumahkotabogor.com.natarealty.com
www.propertisentul.com.natarealty.com
waws-prod-sy3-085.ftp.azurewebsites.windows.net
waws-prod-sy3-085.publish.azurewebsites.windows.net
tzx9f2.twitterando.it
yahoobhrp.storyware.us
*.geo.redis.cache.windows.net
pay.kwid9.livebroad-cast612.xyz
sber.netozon.sberbank.sberbank.sber.covid19.theveganvine.com
remote-device-management-rdm-73023.bond
*.za2.graphql.fabric.microsoft-int.com
*.za2.w.api.fabric.microsoft-int.com
auto-s702877mzi7-pbi-kv-HttpsZonea2.za2.w.api.fabric.microsoft-int.com
93213.70253.5029.dev.secrets-manager.test.appdomain.cloud
*.cf.hana-tooling.ingress.orchestration.xf-gcp-6de-orc-hc-ci.ci-gcp.hanacloud.ondemand.com
*.gateway.orchestration.xf-gcp-6de-orc-hc-ci.ci-gcp.hanacloud.ondemand.com
*.hana-tooling.ingress.orchestration.xf-gcp-6de-orc-hc-ci.ci-gcp.hanacloud.ondemand.com
pr.cyber-security-81207.bond
ozon.nalozhka.nalozhka.kwid9.digitaloffice.xyz
officevpn.euromodelmanagement.com
waws-prod-sec-036fb252.ftp.p.azurewebsites.windows.net
waws-prod-sec-036fb252.publish.p.azurewebsites.windows.net
webdisk.securityspartan505.com
webdisk.securityspartan505.com
account.xzyhbgjt.137-184-24-197.128-199-107-125.cprapid.com
qa-platform-multi-tenant-process-search.smardigo.dev
youla.nalozhka.pochtabank.kwid9.archa.xyz
*.lifecycle-prober-prod-41fd6b2c-43af-4261-83ae-c759a3e2c2e2.europe-north1.managedkafka.gmk-lifecycle-prober-prod-2.cloud.goog
*.us-east-2.es.amazonaws.com
z6xxeiogz3f3rupqryddp2vczu.us-east-2.es.amazonaws.com
*.us-east-1.es.amazonaws.com
jv5wyrvtoifsffne3552x6xj5e.us-east-1.es.amazonaws.com
*.accesspoint.vpce-0222fc6d5529197da-ya11tbd7-ap-southeast-2a.s3.ap-southeast-2.vpce.amazonaws.com
*.accesspoint.vpce-0222fc6d5529197da-ya11tbd7-ap-southeast-2b.s3.ap-southeast-2.vpce.amazonaws.com
*.accesspoint.vpce-0222fc6d5529197da-ya11tbd7-ap-southeast-2c.s3.ap-southeast-2.vpce.amazonaws.com
*.accesspoint.vpce-0222fc6d5529197da-ya11tbd7.s3.ap-southeast-2.vpce.amazonaws.com
*.bucket.vpce-0222fc6d5529197da-ya11tbd7-ap-southeast-2a.s3.ap-southeast-2.vpce.amazonaws.com
*.bucket.vpce-0222fc6d5529197da-ya11tbd7-ap-southeast-2b.s3.ap-southeast-2.vpce.amazonaws.com
*.bucket.vpce-0222fc6d5529197da-ya11tbd7-ap-southeast-2c.s3.ap-southeast-2.vpce.amazonaws.com
*.bucket.vpce-0222fc6d5529197da-ya11tbd7.s3.ap-southeast-2.vpce.amazonaws.com
*.control.vpce-0222fc6d5529197da-ya11tbd7-ap-southeast-2a.s3.ap-southeast-2.vpce.amazonaws.com
*.control.vpce-0222fc6d5529197da-ya11tbd7-ap-southeast-2b.s3.ap-southeast-2.vpce.amazonaws.com
*.control.vpce-0222fc6d5529197da-ya11tbd7-ap-southeast-2c.s3.ap-southeast-2.vpce.amazonaws.com
*.control.vpce-0222fc6d5529197da-ya11tbd7.s3.ap-southeast-2.vpce.amazonaws.com
*.s3-accesspoint.ap-southeast-2.amazonaws.com
*.s3-control.ap-southeast-2.amazonaws.com
*.s3.ap-southeast-2.amazonaws.com
bucket.vpce-0222fc6d5529197da-ya11tbd7-ap-southeast-2a.s3.ap-southeast-2.vpce.amazonaws.com
bucket.vpce-0222fc6d5529197da-ya11tbd7-ap-southeast-2b.s3.ap-southeast-2.vpce.amazonaws.com
bucket.vpce-0222fc6d5529197da-ya11tbd7-ap-southeast-2c.s3.ap-southeast-2.vpce.amazonaws.com
bucket.vpce-0222fc6d5529197da-ya11tbd7.s3.ap-southeast-2.vpce.amazonaws.com
s3.ap-southeast-2.amazonaws.com
*.ca-central-1.es.amazonaws.com
atxjmxzeg6hgmsbee7fpkp6k4i.ca-central-1.es.amazonaws.com
*.canarybe8975f902c0.ip6gwp.c2.kafka.eu-south-2.amazonaws.com
*.iam.canarybe8975f902c0.ip6gwp.c2.kafka.eu-south-2.amazonaws.com
*.iam2.canarybe8975f902c0.ip6gwp.c2.kafka.eu-south-2.amazonaws.com
*.scram.canarybe8975f902c0.ip6gwp.c2.kafka.eu-south-2.amazonaws.com
*.scram2.canarybe8975f902c0.ip6gwp.c2.kafka.eu-south-2.amazonaws.com
*.tls.canarybe8975f902c0.ip6gwp.c2.kafka.eu-south-2.amazonaws.com
*.tls2.canarybe8975f902c0.ip6gwp.c2.kafka.eu-south-2.amazonaws.com
*.canary52368fa896c4.7sdrwp.c3.kafka.sa-east-1.amazonaws.com
*.iam.canary52368fa896c4.7sdrwp.c3.kafka.sa-east-1.amazonaws.com
*.iam2.canary52368fa896c4.7sdrwp.c3.kafka.sa-east-1.amazonaws.com
*.scram.canary52368fa896c4.7sdrwp.c3.kafka.sa-east-1.amazonaws.com
*.scram2.canary52368fa896c4.7sdrwp.c3.kafka.sa-east-1.amazonaws.com
*.tls.canary52368fa896c4.7sdrwp.c3.kafka.sa-east-1.amazonaws.com
*.tls2.canary52368fa896c4.7sdrwp.c3.kafka.sa-east-1.amazonaws.com
vai-0f1cfd475624cadad.ava.ca-central-1.amazonaws.com
*.cfnlaunchpadcanarytest.lcy1oc.c3.kafka.us-east-2.amazonaws.com
*.iam.cfnlaunchpadcanarytest.lcy1oc.c3.kafka.us-east-2.amazonaws.com
*.iam2.cfnlaunchpadcanarytest.lcy1oc.c3.kafka.us-east-2.amazonaws.com
*.scram.cfnlaunchpadcanarytest.lcy1oc.c3.kafka.us-east-2.amazonaws.com
*.scram2.cfnlaunchpadcanarytest.lcy1oc.c3.kafka.us-east-2.amazonaws.com
*.tls.cfnlaunchpadcanarytest.lcy1oc.c3.kafka.us-east-2.amazonaws.com
*.tls2.cfnlaunchpadcanarytest.lcy1oc.c3.kafka.us-east-2.amazonaws.com
50499.9875.dev.secrets-manager.test.appdomain.cloud
www.fe6ak53ayum5n7rgd81h91h3y.smtp.codetwo.online
*.canary295b85c43053.nhloy7.c2.kafka.ap-east-1.amazonaws.com
*.iam.canary295b85c43053.nhloy7.c2.kafka.ap-east-1.amazonaws.com
*.iam2.canary295b85c43053.nhloy7.c2.kafka.ap-east-1.amazonaws.com
*.scram.canary295b85c43053.nhloy7.c2.kafka.ap-east-1.amazonaws.com
*.scram2.canary295b85c43053.nhloy7.c2.kafka.ap-east-1.amazonaws.com
*.tls.canary295b85c43053.nhloy7.c2.kafka.ap-east-1.amazonaws.com
*.tls2.canary295b85c43053.nhloy7.c2.kafka.ap-east-1.amazonaws.com
vai-0e46cfb035d019877.ava.eu-central-1.amazonaws.com
vai-07e4d4a401acbeccd.ava.us-west-1.amazonaws.com
*.canary8bd4b53f11ed.hhh91u.c4.kafka.eu-west-2.amazonaws.com
*.iam.canary8bd4b53f11ed.hhh91u.c4.kafka.eu-west-2.amazonaws.com
*.iam2.canary8bd4b53f11ed.hhh91u.c4.kafka.eu-west-2.amazonaws.com
*.scram.canary8bd4b53f11ed.hhh91u.c4.kafka.eu-west-2.amazonaws.com
*.scram2.canary8bd4b53f11ed.hhh91u.c4.kafka.eu-west-2.amazonaws.com
*.tls.canary8bd4b53f11ed.hhh91u.c4.kafka.eu-west-2.amazonaws.com
*.tls2.canary8bd4b53f11ed.hhh91u.c4.kafka.eu-west-2.amazonaws.com
*.ca-central-1.es.amazonaws.com
fggs67qme4usunvpp6wdq42vua.ca-central-1.es.amazonaws.com
*.ca-central-1.es.amazonaws.com
tzdlnwmsdj52227ulmzi2e7n7m.ca-central-1.es.amazonaws.com
*.us-east-1.es.amazonaws.com
t25hbe76kcodizrerivorkmz2u.us-east-1.es.amazonaws.com
*.admin.prt-steadybit-012-us-east-1.space.dev.a0core.net
www.com.autogramm.info
test.microsoftpki.net
waws-prod-yt1-07ca3103.ftp.p.azurewebsites.windows.net
waws-prod-yt1-07ca3103.publish.p.azurewebsites.windows.net
*.z20.graphql.fabric.microsoft-int.com
*.z20.w.api.fabric.microsoft-int.com
auto-s702876m2-pbi-kv-HttpsZone20.z20.w.api.fabric.microsoft-int.com
dexeve.com.service-online-italy.net
www.dexeve.com.service-online-italy.net
sberbank.nalozhka.sbermegamarket.kwid9.a2f.xyz
financeinsights.com.ng.chatgroom.com
www.financeinsights.com.ng.chatgroom.com
*.za0.graphql.fabric.microsoft-int.com
*.za0.w.api.fabric.microsoft-int.com
auto-s702876m2-pbi-kv-HttpsZonea0.za0.w.api.fabric.microsoft-int.com
tnjofkrtiw.ctn.long.long.long.long.long.long.long.long.long.long.long.long.long.gts.long-first-domain.pr-usc2.ap.gtr.certsbridge.com
pmsovtlmry.ctn.long.long.long.long.long.long.long.long.long.long.long.long.long.gts.long-first-domain.pr-usw4.ap.gtr.certsbridge.com
adibikblks.ctn.long.long.long.long.long.long.long.long.long.long.long.long.long.gts.long-first-domain.pr-usw3.ap.gtr.certsbridge.com
facebook-chat.the-secret-society.com
vmail.impacto.tecnologias.com.br
*.lifecycle-prober-prod-53e338c7-7d06-4fdc-b611-955f09bab8a0.asia-northeast2.managedkafka.gmk-lifecycle-prober-prod-2.cloud.goog
*.zc1.w.api.fabric.microsoft-int.com
auto-s647358mi7-pbi-kv-HttpsZonec1.zc1.w.api.fabric.microsoft-int.com
www.test.amazonki.com
promos.personal.com.py.personalpy.blog
www.promos.personal.com.py.personalpy.blog
skandinotravel.com.linux203.curanetserver.dk
www.skandinotravel.com.linux203.curanetserver.dk
www.backend.llifelinesupport.org
*.1.oca.ocp-qa.netflixtest.net
www.yahoo.altappstores.com
www.blog.ganhebet.com.novibetbrasil.com
www.promo.ganhebet.com.novibetbrasil.com
financeinsights.com.ng.chatgroom.com
www.financeinsights.com.ng.chatgroom.com
cg4o5.blockchainjob.xyz
www.dashboards.tasteoftheamazon.com
*.hs1.tr3401.germanywestcentral1-a.worker.database.windows.net
*.hs2.tr3401.germanywestcentral1-a.worker.database.windows.net
*.hs3.tr3401.germanywestcentral1-a.worker.database.windows.net
*.tr3401.germanywestcentral1-a.worker.database.windows.net
tr3401.germanywestcentral1-a.worker.database.windows.net
*.canary252776cf91f.s2e55u.c4.kafka.ap-northeast-1.amazonaws.com
*.iam.canary252776cf91f.s2e55u.c4.kafka.ap-northeast-1.amazonaws.com
*.iam2.canary252776cf91f.s2e55u.c4.kafka.ap-northeast-1.amazonaws.com
*.scram.canary252776cf91f.s2e55u.c4.kafka.ap-northeast-1.amazonaws.com
*.scram2.canary252776cf91f.s2e55u.c4.kafka.ap-northeast-1.amazonaws.com
*.tls.canary252776cf91f.s2e55u.c4.kafka.ap-northeast-1.amazonaws.com
*.tls2.canary252776cf91f.s2e55u.c4.kafka.ap-northeast-1.amazonaws.com
*.us-east-2.es.amazonaws.com
qlfr2s23liip7oyrj24ekx4evu.us-east-2.es.amazonaws.com
*.us-west-2.es.amazonaws.com
xyqzgjf4iehl42ooig72b3jjsy.us-west-2.es.amazonaws.com
*.canary466cb5cefdf2.wry7m8.c4.kafka.us-gov-east-1.amazonaws.com
*.iam.canary466cb5cefdf2.wry7m8.c4.kafka.us-gov-east-1.amazonaws.com
*.iam2.canary466cb5cefdf2.wry7m8.c4.kafka.us-gov-east-1.amazonaws.com
*.scram.canary466cb5cefdf2.wry7m8.c4.kafka.us-gov-east-1.amazonaws.com
*.scram2.canary466cb5cefdf2.wry7m8.c4.kafka.us-gov-east-1.amazonaws.com
*.tls.canary466cb5cefdf2.wry7m8.c4.kafka.us-gov-east-1.amazonaws.com
*.tls2.canary466cb5cefdf2.wry7m8.c4.kafka.us-gov-east-1.amazonaws.com
*.il-central-1.es.amazonaws.com
q2h6bjhaqnswccllewdaie6rd4.il-central-1.es.amazonaws.com
*.sa-east-1.es.amazonaws.com
cartq7kivfedzekcseq2jffmjm.sa-east-1.es.amazonaws.com
*.eu-south-1.es.amazonaws.com
6ldpf4klib3caf2xuagctxw53a.eu-south-1.es.amazonaws.com
*.eu-south-2.es.amazonaws.com
7m2zununu3dsdf3ob6nvyu2jrm.eu-south-2.es.amazonaws.com
*.canary09dd55c532b.tr8yo7.c6.kafka.ap-southeast-1.amazonaws.com
*.iam.canary09dd55c532b.tr8yo7.c6.kafka.ap-southeast-1.amazonaws.com
*.iam2.canary09dd55c532b.tr8yo7.c6.kafka.ap-southeast-1.amazonaws.com
*.scram.canary09dd55c532b.tr8yo7.c6.kafka.ap-southeast-1.amazonaws.com
*.scram2.canary09dd55c532b.tr8yo7.c6.kafka.ap-southeast-1.amazonaws.com
*.tls.canary09dd55c532b.tr8yo7.c6.kafka.ap-southeast-1.amazonaws.com
*.tls2.canary09dd55c532b.tr8yo7.c6.kafka.ap-southeast-1.amazonaws.com
*.me-south-1.es.amazonaws.com
g26n5pcfpaztf4nby7a4znmkny.me-south-1.es.amazonaws.com
*.canary1c2e5fb3b5e.qfkgek.c5.kafka.ap-southeast-2.amazonaws.com
*.iam.canary1c2e5fb3b5e.qfkgek.c5.kafka.ap-southeast-2.amazonaws.com
*.iam2.canary1c2e5fb3b5e.qfkgek.c5.kafka.ap-southeast-2.amazonaws.com
*.scram.canary1c2e5fb3b5e.qfkgek.c5.kafka.ap-southeast-2.amazonaws.com
*.scram2.canary1c2e5fb3b5e.qfkgek.c5.kafka.ap-southeast-2.amazonaws.com
*.tls.canary1c2e5fb3b5e.qfkgek.c5.kafka.ap-southeast-2.amazonaws.com
*.tls2.canary1c2e5fb3b5e.qfkgek.c5.kafka.ap-southeast-2.amazonaws.com
*.canary252776cf91f.s2e55u.c4.kafka.ap-northeast-1.amazonaws.com
*.iam.canary252776cf91f.s2e55u.c4.kafka.ap-northeast-1.amazonaws.com
*.iam2.canary252776cf91f.s2e55u.c4.kafka.ap-northeast-1.amazonaws.com
*.scram.canary252776cf91f.s2e55u.c4.kafka.ap-northeast-1.amazonaws.com
*.scram2.canary252776cf91f.s2e55u.c4.kafka.ap-northeast-1.amazonaws.com
*.tls.canary252776cf91f.s2e55u.c4.kafka.ap-northeast-1.amazonaws.com
*.tls2.canary252776cf91f.s2e55u.c4.kafka.ap-northeast-1.amazonaws.com
*.us-east-2.es.amazonaws.com
qlfr2s23liip7oyrj24ekx4evu.us-east-2.es.amazonaws.com
*.us-west-2.es.amazonaws.com
xyqzgjf4iehl42ooig72b3jjsy.us-west-2.es.amazonaws.com
*.accesspoint.vpce-0f48c74c0e5e745ba-k23whcbu-ap-northeast-1a.s3.ap-northeast-1.vpce.amazonaws.com
*.accesspoint.vpce-0f48c74c0e5e745ba-k23whcbu-ap-northeast-1c.s3.ap-northeast-1.vpce.amazonaws.com
*.accesspoint.vpce-0f48c74c0e5e745ba-k23whcbu-ap-northeast-1d.s3.ap-northeast-1.vpce.amazonaws.com
*.accesspoint.vpce-0f48c74c0e5e745ba-k23whcbu.s3.ap-northeast-1.vpce.amazonaws.com
*.bucket.vpce-0f48c74c0e5e745ba-k23whcbu-ap-northeast-1a.s3.ap-northeast-1.vpce.amazonaws.com
*.bucket.vpce-0f48c74c0e5e745ba-k23whcbu-ap-northeast-1c.s3.ap-northeast-1.vpce.amazonaws.com
*.bucket.vpce-0f48c74c0e5e745ba-k23whcbu-ap-northeast-1d.s3.ap-northeast-1.vpce.amazonaws.com
*.bucket.vpce-0f48c74c0e5e745ba-k23whcbu.s3.ap-northeast-1.vpce.amazonaws.com
*.control.vpce-0f48c74c0e5e745ba-k23whcbu-ap-northeast-1a.s3.ap-northeast-1.vpce.amazonaws.com
*.control.vpce-0f48c74c0e5e745ba-k23whcbu-ap-northeast-1c.s3.ap-northeast-1.vpce.amazonaws.com
*.control.vpce-0f48c74c0e5e745ba-k23whcbu-ap-northeast-1d.s3.ap-northeast-1.vpce.amazonaws.com
*.control.vpce-0f48c74c0e5e745ba-k23whcbu.s3.ap-northeast-1.vpce.amazonaws.com
*.s3-accesspoint.ap-northeast-1.amazonaws.com
*.s3-control.ap-northeast-1.amazonaws.com
*.s3.ap-northeast-1.amazonaws.com
bucket.vpce-0f48c74c0e5e745ba-k23whcbu-ap-northeast-1a.s3.ap-northeast-1.vpce.amazonaws.com
bucket.vpce-0f48c74c0e5e745ba-k23whcbu-ap-northeast-1c.s3.ap-northeast-1.vpce.amazonaws.com
bucket.vpce-0f48c74c0e5e745ba-k23whcbu-ap-northeast-1d.s3.ap-northeast-1.vpce.amazonaws.com
bucket.vpce-0f48c74c0e5e745ba-k23whcbu.s3.ap-northeast-1.vpce.amazonaws.com
s3.ap-northeast-1.amazonaws.com
*.canary466cb5cefdf2.wry7m8.c4.kafka.us-gov-east-1.amazonaws.com
*.iam.canary466cb5cefdf2.wry7m8.c4.kafka.us-gov-east-1.amazonaws.com
*.iam2.canary466cb5cefdf2.wry7m8.c4.kafka.us-gov-east-1.amazonaws.com
*.scram.canary466cb5cefdf2.wry7m8.c4.kafka.us-gov-east-1.amazonaws.com
*.scram2.canary466cb5cefdf2.wry7m8.c4.kafka.us-gov-east-1.amazonaws.com
*.tls.canary466cb5cefdf2.wry7m8.c4.kafka.us-gov-east-1.amazonaws.com
*.tls2.canary466cb5cefdf2.wry7m8.c4.kafka.us-gov-east-1.amazonaws.com
*.il-central-1.es.amazonaws.com
q2h6bjhaqnswccllewdaie6rd4.il-central-1.es.amazonaws.com
alt.canary.s3.eu-west-1.vpce.amazonaws.com
canary.s3.eu-west-1.vpce.amazonaws.com
*.eu-west-3.es.amazonaws.com
gls2glxb5zq2hd5fvawnbpphby.eu-west-3.es.amazonaws.com
*.sa-east-1.es.amazonaws.com
cartq7kivfedzekcseq2jffmjm.sa-east-1.es.amazonaws.com
*.canarybec264ff1fe8.jqgrww.c4.kafka.eu-west-1.amazonaws.com
*.iam.canarybec264ff1fe8.jqgrww.c4.kafka.eu-west-1.amazonaws.com
*.iam2.canarybec264ff1fe8.jqgrww.c4.kafka.eu-west-1.amazonaws.com
*.scram.canarybec264ff1fe8.jqgrww.c4.kafka.eu-west-1.amazonaws.com
*.scram2.canarybec264ff1fe8.jqgrww.c4.kafka.eu-west-1.amazonaws.com
*.tls.canarybec264ff1fe8.jqgrww.c4.kafka.eu-west-1.amazonaws.com
*.tls2.canarybec264ff1fe8.jqgrww.c4.kafka.eu-west-1.amazonaws.com
*.accesspoint.vpce-02efd3ee5f4e1e49e-ldaqex0t-il-central-1a.s3.il-central-1.vpce.amazonaws.com
*.accesspoint.vpce-02efd3ee5f4e1e49e-ldaqex0t-il-central-1b.s3.il-central-1.vpce.amazonaws.com
*.accesspoint.vpce-02efd3ee5f4e1e49e-ldaqex0t-il-central-1c.s3.il-central-1.vpce.amazonaws.com
*.accesspoint.vpce-02efd3ee5f4e1e49e-ldaqex0t.s3.il-central-1.vpce.amazonaws.com
*.bucket.vpce-02efd3ee5f4e1e49e-ldaqex0t-il-central-1a.s3.il-central-1.vpce.amazonaws.com
*.bucket.vpce-02efd3ee5f4e1e49e-ldaqex0t-il-central-1b.s3.il-central-1.vpce.amazonaws.com
*.bucket.vpce-02efd3ee5f4e1e49e-ldaqex0t-il-central-1c.s3.il-central-1.vpce.amazonaws.com
*.bucket.vpce-02efd3ee5f4e1e49e-ldaqex0t.s3.il-central-1.vpce.amazonaws.com
*.control.vpce-02efd3ee5f4e1e49e-ldaqex0t-il-central-1a.s3.il-central-1.vpce.amazonaws.com
*.control.vpce-02efd3ee5f4e1e49e-ldaqex0t-il-central-1b.s3.il-central-1.vpce.amazonaws.com
*.control.vpce-02efd3ee5f4e1e49e-ldaqex0t-il-central-1c.s3.il-central-1.vpce.amazonaws.com
*.control.vpce-02efd3ee5f4e1e49e-ldaqex0t.s3.il-central-1.vpce.amazonaws.com
*.s3-accesspoint.il-central-1.amazonaws.com
*.s3-control.il-central-1.amazonaws.com
*.s3.il-central-1.amazonaws.com
bucket.vpce-02efd3ee5f4e1e49e-ldaqex0t-il-central-1a.s3.il-central-1.vpce.amazonaws.com
bucket.vpce-02efd3ee5f4e1e49e-ldaqex0t-il-central-1b.s3.il-central-1.vpce.amazonaws.com
bucket.vpce-02efd3ee5f4e1e49e-ldaqex0t-il-central-1c.s3.il-central-1.vpce.amazonaws.com
bucket.vpce-02efd3ee5f4e1e49e-ldaqex0t.s3.il-central-1.vpce.amazonaws.com
s3.il-central-1.amazonaws.com
*.eu-south-1.es.amazonaws.com
6ldpf4klib3caf2xuagctxw53a.eu-south-1.es.amazonaws.com
*.canary2a0e48748433.182dn0.c4.kafka.us-west-2.amazonaws.com
*.iam.canary2a0e48748433.182dn0.c4.kafka.us-west-2.amazonaws.com
*.iam2.canary2a0e48748433.182dn0.c4.kafka.us-west-2.amazonaws.com
*.scram.canary2a0e48748433.182dn0.c4.kafka.us-west-2.amazonaws.com
*.scram2.canary2a0e48748433.182dn0.c4.kafka.us-west-2.amazonaws.com
*.tls.canary2a0e48748433.182dn0.c4.kafka.us-west-2.amazonaws.com
*.tls2.canary2a0e48748433.182dn0.c4.kafka.us-west-2.amazonaws.com
*.us-east-2.es.amazonaws.com
jxawjmmz2v5rtod2pdmyd4esim.us-east-2.es.amazonaws.com
alt.canary.s3.ap-northeast-2.vpce.amazonaws.com
canary.s3.ap-northeast-2.vpce.amazonaws.com
*.ap-south-2.es.amazonaws.com
t4rgbuof6j34n7k7ljvufzjjuy.ap-south-2.es.amazonaws.com
*.af-south-1.es.amazonaws.com
s7zc6slr2oiyjphdfq6apouzyu.af-south-1.es.amazonaws.com
*.eu-south-2.es.amazonaws.com
7m2zununu3dsdf3ob6nvyu2jrm.eu-south-2.es.amazonaws.com
*.accesspoint.vpce-00bc2c00565e51af2-5pcy7aqj-eu-west-2a.s3.eu-west-2.vpce.amazonaws.com
*.accesspoint.vpce-00bc2c00565e51af2-5pcy7aqj-eu-west-2b.s3.eu-west-2.vpce.amazonaws.com
*.accesspoint.vpce-00bc2c00565e51af2-5pcy7aqj-eu-west-2c.s3.eu-west-2.vpce.amazonaws.com
*.accesspoint.vpce-00bc2c00565e51af2-5pcy7aqj.s3.eu-west-2.vpce.amazonaws.com
*.bucket.vpce-00bc2c00565e51af2-5pcy7aqj-eu-west-2a.s3.eu-west-2.vpce.amazonaws.com
*.bucket.vpce-00bc2c00565e51af2-5pcy7aqj-eu-west-2b.s3.eu-west-2.vpce.amazonaws.com
*.bucket.vpce-00bc2c00565e51af2-5pcy7aqj-eu-west-2c.s3.eu-west-2.vpce.amazonaws.com
*.bucket.vpce-00bc2c00565e51af2-5pcy7aqj.s3.eu-west-2.vpce.amazonaws.com
*.control.vpce-00bc2c00565e51af2-5pcy7aqj-eu-west-2a.s3.eu-west-2.vpce.amazonaws.com
*.control.vpce-00bc2c00565e51af2-5pcy7aqj-eu-west-2b.s3.eu-west-2.vpce.amazonaws.com
*.control.vpce-00bc2c00565e51af2-5pcy7aqj-eu-west-2c.s3.eu-west-2.vpce.amazonaws.com
*.control.vpce-00bc2c00565e51af2-5pcy7aqj.s3.eu-west-2.vpce.amazonaws.com
*.s3-accesspoint.eu-west-2.amazonaws.com
*.s3-control.eu-west-2.amazonaws.com
*.s3.eu-west-2.amazonaws.com
bucket.vpce-00bc2c00565e51af2-5pcy7aqj-eu-west-2a.s3.eu-west-2.vpce.amazonaws.com
bucket.vpce-00bc2c00565e51af2-5pcy7aqj-eu-west-2b.s3.eu-west-2.vpce.amazonaws.com
bucket.vpce-00bc2c00565e51af2-5pcy7aqj-eu-west-2c.s3.eu-west-2.vpce.amazonaws.com
bucket.vpce-00bc2c00565e51af2-5pcy7aqj.s3.eu-west-2.vpce.amazonaws.com
s3.eu-west-2.amazonaws.com
alt.canary.s3.eu-north-1.vpce.amazonaws.com
canary.s3.eu-north-1.vpce.amazonaws.com
*.accesspoint.vpce-0faecafbefffa88b3-5zleueul-eu-central-2a.s3.eu-central-2.vpce.amazonaws.com
*.accesspoint.vpce-0faecafbefffa88b3-5zleueul-eu-central-2b.s3.eu-central-2.vpce.amazonaws.com
*.accesspoint.vpce-0faecafbefffa88b3-5zleueul-eu-central-2c.s3.eu-central-2.vpce.amazonaws.com
*.accesspoint.vpce-0faecafbefffa88b3-5zleueul.s3.eu-central-2.vpce.amazonaws.com
*.bucket.vpce-0faecafbefffa88b3-5zleueul-eu-central-2a.s3.eu-central-2.vpce.amazonaws.com
*.bucket.vpce-0faecafbefffa88b3-5zleueul-eu-central-2b.s3.eu-central-2.vpce.amazonaws.com
*.bucket.vpce-0faecafbefffa88b3-5zleueul-eu-central-2c.s3.eu-central-2.vpce.amazonaws.com
*.bucket.vpce-0faecafbefffa88b3-5zleueul.s3.eu-central-2.vpce.amazonaws.com
*.control.vpce-0faecafbefffa88b3-5zleueul-eu-central-2a.s3.eu-central-2.vpce.amazonaws.com
*.control.vpce-0faecafbefffa88b3-5zleueul-eu-central-2b.s3.eu-central-2.vpce.amazonaws.com
*.control.vpce-0faecafbefffa88b3-5zleueul-eu-central-2c.s3.eu-central-2.vpce.amazonaws.com
*.control.vpce-0faecafbefffa88b3-5zleueul.s3.eu-central-2.vpce.amazonaws.com
*.s3-accesspoint.eu-central-2.amazonaws.com
*.s3-control.eu-central-2.amazonaws.com
*.s3.eu-central-2.amazonaws.com
bucket.vpce-0faecafbefffa88b3-5zleueul-eu-central-2a.s3.eu-central-2.vpce.amazonaws.com
bucket.vpce-0faecafbefffa88b3-5zleueul-eu-central-2b.s3.eu-central-2.vpce.amazonaws.com
bucket.vpce-0faecafbefffa88b3-5zleueul-eu-central-2c.s3.eu-central-2.vpce.amazonaws.com
bucket.vpce-0faecafbefffa88b3-5zleueul.s3.eu-central-2.vpce.amazonaws.com
s3.eu-central-2.amazonaws.com
*.canary09dd55c532b.tr8yo7.c6.kafka.ap-southeast-1.amazonaws.com
*.iam.canary09dd55c532b.tr8yo7.c6.kafka.ap-southeast-1.amazonaws.com
*.iam2.canary09dd55c532b.tr8yo7.c6.kafka.ap-southeast-1.amazonaws.com
*.scram.canary09dd55c532b.tr8yo7.c6.kafka.ap-southeast-1.amazonaws.com
*.scram2.canary09dd55c532b.tr8yo7.c6.kafka.ap-southeast-1.amazonaws.com
*.tls.canary09dd55c532b.tr8yo7.c6.kafka.ap-southeast-1.amazonaws.com
*.tls2.canary09dd55c532b.tr8yo7.c6.kafka.ap-southeast-1.amazonaws.com
*.me-south-1.es.amazonaws.com
g26n5pcfpaztf4nby7a4znmkny.me-south-1.es.amazonaws.com
alt.canary.s3.ap-southeast-2.vpce.amazonaws.com
canary.s3.ap-southeast-2.vpce.amazonaws.com
*.canary1c2e5fb3b5e.qfkgek.c5.kafka.ap-southeast-2.amazonaws.com
*.iam.canary1c2e5fb3b5e.qfkgek.c5.kafka.ap-southeast-2.amazonaws.com
*.iam2.canary1c2e5fb3b5e.qfkgek.c5.kafka.ap-southeast-2.amazonaws.com
*.scram.canary1c2e5fb3b5e.qfkgek.c5.kafka.ap-southeast-2.amazonaws.com
*.scram2.canary1c2e5fb3b5e.qfkgek.c5.kafka.ap-southeast-2.amazonaws.com
*.tls.canary1c2e5fb3b5e.qfkgek.c5.kafka.ap-southeast-2.amazonaws.com
*.tls2.canary1c2e5fb3b5e.qfkgek.c5.kafka.ap-southeast-2.amazonaws.com
*.cf.hana-tooling-validation.ingress.orchestration.nzdo-143-orc-hc-ci.ci-aws.hanacloud.ondemand.com
*.cf.hana-tooling.ingress.orchestration.nzdo-143-orc-hc-ci.ci-aws.hanacloud.ondemand.com
*.hana-tooling-validation.ingress.orchestration.nzdo-143-orc-hc-ci.ci-aws.hanacloud.ondemand.com
*.hana-tooling.ingress.orchestration.nzdo-143-orc-hc-ci.ci-aws.hanacloud.ondemand.com
www.backend.llifelinesupport.org
testsac144686953.luminate-ws.mgmt-us-east4-us-east1.luminate-development.com
webdisk.securityspartan505.com
www.www.oehyfwrq.average-cost-to-renovate-a-kitchen01.online
fsgrsqbsmv.ctn.long.long.long.long.long.long.long.long.long.long.long.long.long.gts.long-first-domain.pr-uss1.ap.gtr.certsbridge.com
waws-prod-sec-036fb252.ftp.p.azurewebsites.windows.net
waws-prod-sec-036fb252.publish.p.azurewebsites.windows.net
pacificinternation.luminate-ws.mgmt-us-east4-us-east1.luminate-development.com
*.zc3.graphql.fabric.microsoft-int.com
*.zc3.w.api.fabric.microsoft-int.com
auto-s702877mzi7-pbi-kv-HttpsZonec3.zc3.w.api.fabric.microsoft-int.com
*.geo.redis.cache.windows.net
yandex.nalozhka.cdek.kwid9.archa.xyz
cdek.ozon.avito.kwid9.digitaloffice.xyz
yandex.nalozhka.sberbank.kwid9.archa.xyz
sberbank.nalozhka.sbermarket.kwid9.realpro.xyz
pochta.nalozhka.yandex.kwid9.digitaloffice.xyz
*.lifecycle-prober-prod-18b16567-7e9c-41aa-9695-24f07eef90e8.europe-west8.managedkafka.gmk-lifecycle-prober-prod-4.cloud.goog
*.zc0.graphql.fabric.microsoft-int.com
*.zc0.w.api.fabric.microsoft-int.com
auto-s702876m2-pbi-kv-HttpsZonec0.zc0.w.api.fabric.microsoft-int.com
*.whatsapplemv.cyou
whatsapplemv.cyou
webdisk.sendingmail.net
*.za0.graphql.fabric.microsoft-int.com
*.za0.w.api.fabric.microsoft-int.com
auto-s702876m2-pbi-kv-HttpsZonea0.za0.w.api.fabric.microsoft-int.com
059879e5-b2e8-4f58-aa46-95f69d92aa34.random.spu.info
*.ze0.graphql.fabric.microsoft-int.com
*.ze0.w.api.fabric.microsoft-int.com
auto-s702876m2-pbi-kv-HttpsZonee0.ze0.w.api.fabric.microsoft-int.com
www.app.wwwwww.gitlab.wwwwwwwww.pensive-gould.13-68-225-194.plesk.page
*.wwwfacebookcom-vn.com
wwwfacebookcom-vn.com
*.wwwgooglecom-vn.com
wwwgooglecom-vn.com
*.wuk-il102.gateway.prod.island.powerapps.com.admin-mcas-df.ms
*.wuk-il102.gateway.prod.island.powerapps.com.admin-mcas.ms
*.wuk-il102.gateway.prod.island.powerapps.com.mcas-df.ms
*.wuk-il102.gateway.prod.island.powerapps.com.mcas.ms
twitterusertwitterowner.org
www.insight-dev.amazonfbabuyinggroup.com
*.eu-south-1.es.amazonaws.com
6ldpf4klib3caf2xuagctxw53a.eu-south-1.es.amazonaws.com
*.eu-south-2.es.amazonaws.com
7m2zununu3dsdf3ob6nvyu2jrm.eu-south-2.es.amazonaws.com
*.canary09dd55c532b.tr8yo7.c6.kafka.ap-southeast-1.amazonaws.com
*.iam.canary09dd55c532b.tr8yo7.c6.kafka.ap-southeast-1.amazonaws.com
*.iam2.canary09dd55c532b.tr8yo7.c6.kafka.ap-southeast-1.amazonaws.com
*.scram.canary09dd55c532b.tr8yo7.c6.kafka.ap-southeast-1.amazonaws.com
*.scram2.canary09dd55c532b.tr8yo7.c6.kafka.ap-southeast-1.amazonaws.com
*.tls.canary09dd55c532b.tr8yo7.c6.kafka.ap-southeast-1.amazonaws.com
*.tls2.canary09dd55c532b.tr8yo7.c6.kafka.ap-southeast-1.amazonaws.com
*.canary1c2e5fb3b5e.qfkgek.c5.kafka.ap-southeast-2.amazonaws.com
*.iam.canary1c2e5fb3b5e.qfkgek.c5.kafka.ap-southeast-2.amazonaws.com
*.iam2.canary1c2e5fb3b5e.qfkgek.c5.kafka.ap-southeast-2.amazonaws.com
*.scram.canary1c2e5fb3b5e.qfkgek.c5.kafka.ap-southeast-2.amazonaws.com
*.scram2.canary1c2e5fb3b5e.qfkgek.c5.kafka.ap-southeast-2.amazonaws.com
*.tls.canary1c2e5fb3b5e.qfkgek.c5.kafka.ap-southeast-2.amazonaws.com
*.tls2.canary1c2e5fb3b5e.qfkgek.c5.kafka.ap-southeast-2.amazonaws.com
ozon.nalozhka.sberbank.kwid9.eseo.xyz
www.smail.systemyalarmowe.com.pl
pochtabank.nalozhka.sber.kwid9.a2f.xyz
*.z20.graphql.fabric.microsoft-int.com
*.z20.w.api.fabric.microsoft-int.com
auto-s702876m2-pbi-kv-HttpsZone20.z20.w.api.fabric.microsoft-int.com
www.dash-preprod.windowsproxy.com
www.pochta.nalozhka.youla.avito.1yvqjge2ld11yyc.library.shagv.ru
pulau-farii-di-kabupaten-nias.ggiklan.info
whatsapprecruitmenttarget.com
whatsapprecruitmentgeniushub.com
whatsappvacancypropath.com
*.facebook.wahtsapp.com
ozon.nalozhka.sber.kwid9.digitaloffice.xyz
pochtabank.ozon.avito.kwid9.eseo.xyz
remote-device-management-rdm-71614.bond
www.migueldacosta.com.br.rodatotal.com
*.geo.redis.cache.windows.net
www.test.amazonki.com
*.geo.redis.cache.windows.net
waws-prod-yt1-07ca3103.ftp.p.azurewebsites.windows.net
waws-prod-yt1-07ca3103.publish.p.azurewebsites.windows.net
www.draamandabenevides.com.taenezaremba.com
www.www.www.ootbp.online-courses3.top
waws-prod-ln1-20393a1c.ftp.p.azurewebsites.windows.net
waws-prod-ln1-20393a1c.publish.p.azurewebsites.windows.net
forums.support.com.iobnet.com.in
blog.instagram.ilbet.org
www.blog.instagram.ilbet.org
www.portal.www.shop.xn----ctbbcicbwjlltra3a.xn--p1ai
ozon.sberbank.pay.yandex.avito.pay.xhld0vgnmy5oypv.205.ensimpoc.com
waws-prod-am2-c00a9ac7.ftp.p.azurewebsites.windows.net
waws-prod-am2-c00a9ac7.publish.p.azurewebsites.windows.net
www.www.dsxnq4yj7f.windowsreplacements29.xyz
ww38.dgdeliveryservicesllc.com
www.059879e5-b2e8-4f58-aa46-95f69d92aa34.random.uncoverre.org
*.hs1.tr64376.eastus1-a.worker.database.windows.net
*.hs2.tr64376.eastus1-a.worker.database.windows.net
*.hs3.tr64376.eastus1-a.worker.database.windows.net
*.tr64376.eastus1-a.worker.database.windows.net
tr64376.eastus1-a.worker.database.windows.net
*.lifecycle-prober-prod-53e338c7-7d06-4fdc-b611-955f09bab8a0.asia-northeast2.managedkafka.gmk-lifecycle-prober-prod-2.cloud.goog
*.geo.redis.cache.windows.net
*.cf.hana-tooling.ingress.orchestration.d072491-orc-hc-dev.dev-aws.hanacloud.ondemand.com
*.hana-tooling.ingress.orchestration.d072491-orc-hc-dev.dev-aws.hanacloud.ondemand.com
sberbank.avito.avito.sber.wzjemlzus3hod7adt79h12w7.schemebygovernment.com
old.phpmyadmin.auth.timesofrealesaraproof.com.admin.exchange.dozenvpn.ru
www.www.www.www.relay.database.ourtimesupport.com
www.portal.wwwwww.www.www.epic-sanderson.13-68-225-194.plesk.page
www.www.wwwwwwwwwwwwwww.wwwwww.wwwwww.heritagetrustbonline.com.dns.freedyndns.org
www.www.hendersonky.orgesservice.com.dns.freedyndns.org
www.csudmcgkhltshaalg4lg.www.www.wwwtrustbonline.com.dns.freedyndns.org
www.www.www.ifications.bankalert.notifications.konimbo.co.il
www.www.www.www.www.bgonlines.com.dns.freedyndns.org
nalozhka.sbermarket.pochta.thissubdomainshouldonlyresolveifwildcard.dlld2quznmo2cnbs.jxtvfumuv9h1emr5.caddy-one-ibe-redirect-proxy.eu-central-1.elasticbeanstalk.com
www.portal.www.www.6wwwjenkins.elated-maxwell.13-68-225-194.plesk.page
www.pr.crohns-disease-treatment-79929.bondww.heritagetrustbonline.com.dns.freedyndns.org
app.www.portal.portal.portal.wwwdeployments.miniloop-01.cynova.dev
www.www.w.stralcredits.com.dns.freedyndns.org
git.gitlab.git.git.gitlab.git.git.mail1.yikj.work
www.www.www.wwwcr1aod8khlttlashte1g.wwwwwwwww.wwwwww.com.dns.freedyndns.org
sberbank.nalozhka.sber.youla.wzjemlzus3hod7adt79h12w7.schemebygovernment.com
www.www.www.www.www.www.www.kingweb.ourtimesupport.com
bluegoosefarmvt.com12ptb8qg.wwwwww.barclaysoffshoresservice.com.dns.freedyndns.org
www.www.portal.app.5www.gitlab.frosty-newton.13-68-225-194.plesk.page
wwwns.en.dashboard.admin.auth.ns2.adminlogin.lmail.dozenvpn.ru
facebook-chat.the-secret-society.com
waws-prod-bn1-f1892369.ftp.p.azurewebsites.windows.net
waws-prod-bn1-f1892369.publish.p.azurewebsites.windows.net
www.www.www.www.wwwwww.wwwwwwheritagetrustbonline.com.dns.freedyndns.org
facebook-chat.the-secret-society.com
vmail.impacto.tecnologias.com.br
outlook.ijoe.com
GBPL-AZ-PTS-APM-PP-01.portal-editor.azure-api.net
gbpl-az-pts-apm-pp-01.unique.management.azure-api.net
gbpl-az-pts-apm-pp-01.unique.portal.azure-api.net
www.news.dev.api.uyduportal.net
www.yanekcleaning.com.yanek77.com
article-service.thesix.ai.wmt-prod-us-c1.c.wmt.dev
account.microform.at
*.zc0.graphql.fabric.microsoft-int.com
*.zc0.w.api.fabric.microsoft-int.com
auto-s702875ma5-pbi-kv-HttpsZonec0.zc0.w.api.fabric.microsoft-int.com
vmail.impacto.tecnologias.com.br
*.z60.graphql.fabric.microsoft-int.com
*.z60.w.api.fabric.microsoft-int.com
auto-s702875ma5-pbi-kv-HttpsZone60.z60.w.api.fabric.microsoft-int.com
waws-prod-bn1-d7784813.ftp.p.azurewebsites.windows.net
waws-prod-bn1-d7784813.publish.p.azurewebsites.windows.net
*.geo.redis.cache.windows.net
www.www.www.iwxulanalysis.army-surplus-tents-us-acw.click
dev-santanderconsumer.identify-me.co.uk
*.isakbright2gmail.direct.quickconnect.to
isakbright2gmail.direct.quickconnect.to
ww25.delivery-199-us-east-2.cre.co.in
aws-e2e-ll-v1173.consul.11eb1537-a9e8-2eac-8b2f-0242ac110008.aws.hashicorp.cloud
aws-e2e-ll-v1173.private.consul.11eb1537-a9e8-2eac-8b2f-0242ac110008.aws.hashicorp.cloud
locationevents.desuec520ad86243d-login.sert.suoadappwi-proxy.ezbricks-dev.codetools.in
www.portal.www.portal.portal.wwwwwwwwwwwwwwwwww.young-turtle-38.telebit.io
vmail.nl.al
ww38.board.meetmeonline.xyz
locationevents.desuec520ad86243d-login.sert.suoadappwi-proxy.ezbricks-dev.codetools.in
indonesia.twitter.zanroo.com
*.geo.redis.cache.windows.net
ozon.avito.sberbank.sberbank.avito.sber.covid19.extruder-usa.com
www.feriasycongresosdelmundo.com.cartagenaenfotos.com
www.hotelmaratlantico.com.cartagenaenfotos.com
www.metric.onlinezahlungen.info
squadro-prod-service.squad.prod.cloud.aurora.tech
outlook.ijoe.com
www.www.www.staging-jenkins.cash-for-junk-cars.xyz
pochta.www.sberbank.avito.avito.sberbank.aviaviavicovid19.cperpartners.com
www.pochta.www.sberbank.avito.avito.sberbank.aviaviavicovid19.cperpartners.com
www.blablacar.www.sbermegamarket.sbermarket.ozon.avito.api.cvetgorod72.ru
www.uat-superset.smallloanonline.xyz
investors.spotify.com.aio.bexnxx.us.kg
sceopenaccountpackage.doc1.pr.mbcp.cloud
1www.paypalbitcoin.com
www.translinkz.com.futureinvest.in
ww38.pr-12-0127032923.profileonline.info
*.k8s-shared-eu-dev-091-d51782392a6850cd37c42ea8526d4ef1-0000.eu-de.containers.appdomain.cloud
k8s-shared-eu-dev-091-d51782392a6850cd37c42ea8526d4ef1-0000.eu-de.containers.appdomain.cloud
k8s-shared-eu-dev-091.eu-de.containers.appdomain.cloud
www.www.www.g5d2xgxmo4z402x9.best-cross-country-movers.xyz
pay.yandex.ozon.kwid9.digitaloffice.xyz
pay.yandex.yandex.kwid9.com1.xyz
sbermarket.yandex.sbermarket.kwid9.kores.xyz
sberbank.yandex.sbermarket.kwid9.m12.xyz
www.security-privacy-compliance.xrapid.org
youla.sbermegamarket.yandex.nalozhka.sber.sberbank.iosx1vod3oi4yst.comune.ensimpoc.com
sber.yandex.cdek.kwid9.health4u.xyz
cdek.yandex.youla.cdek.pay.id6ggbsrdyabqc8.viraladvertisinganbweb.lg-host.ru
www.cdek.yandex.youla.cdek.pay.id6ggbsrdyabqc8.viraladvertisinganbweb.lg-host.ru
pay.youla.avito.sber.xsod1fpzweorr9z.brandmarns1.host.lg-host.ru
www.pay.youla.avito.sber.xsod1fpzweorr9z.brandmarns1.host.lg-host.ru
sbermegamarket.yandex.sberbank.cdek.pay.xsod1fpzweorr9z.brandmarhost.lg-host.ru
www.sbermegamarket.yandex.sberbank.cdek.pay.xsod1fpzweorr9z.brandmarhost.lg-host.ru
blablacar.yandex.pochta.kwid9.dentalshop.xyz
blablacar.yandex.sberbank.kwid9.advocatus.xyz
accounting.innovoinformationsystems.com
support.innovoinformationsystems.com
sbermarket.yandex.cdek.kwid9.pr3.xyz
sberbank.youla.avito.sber.xsod1fpzweorr9z.brandmarns1.host.lg-host.ru
www.sberbank.youla.avito.sber.xsod1fpzweorr9z.brandmarns1.host.lg-host.ru
blablacar.yandex.pochtabank.kwid9.km2.xyz
www.nalozhka.youla.avito.sber.avito.nuitjijdskaid6z.chat.monster-style.ru
cdek.yandex.yandex.kwid9.eseo.xyz
sberbank.youla.pay.ozon.cdek.id6ggbsrdyabqc8.viraladvertisinganbweb.lg-host.ru
www.sberbank.youla.pay.ozon.cdek.id6ggbsrdyabqc8.viraladvertisinganbweb.lg-host.ru
www.nalozhka.youla.cdek.avisber.nuitjijdskaid6z.chat.monster-style.ru
vai-048ba01fc155aa61d.ava.sa-east-1.amazonaws.com
*.accesspoint.vpce-0dd84cc7dd0753449-t9do50yv-eu-south-2a.s3.eu-south-2.vpce.amazonaws.com
*.accesspoint.vpce-0dd84cc7dd0753449-t9do50yv-eu-south-2b.s3.eu-south-2.vpce.amazonaws.com
*.accesspoint.vpce-0dd84cc7dd0753449-t9do50yv-eu-south-2c.s3.eu-south-2.vpce.amazonaws.com
*.accesspoint.vpce-0dd84cc7dd0753449-t9do50yv.s3.eu-south-2.vpce.amazonaws.com
*.bucket.vpce-0dd84cc7dd0753449-t9do50yv-eu-south-2a.s3.eu-south-2.vpce.amazonaws.com
*.bucket.vpce-0dd84cc7dd0753449-t9do50yv-eu-south-2b.s3.eu-south-2.vpce.amazonaws.com
*.bucket.vpce-0dd84cc7dd0753449-t9do50yv-eu-south-2c.s3.eu-south-2.vpce.amazonaws.com
*.bucket.vpce-0dd84cc7dd0753449-t9do50yv.s3.eu-south-2.vpce.amazonaws.com
*.control.vpce-0dd84cc7dd0753449-t9do50yv-eu-south-2a.s3.eu-south-2.vpce.amazonaws.com
*.control.vpce-0dd84cc7dd0753449-t9do50yv-eu-south-2b.s3.eu-south-2.vpce.amazonaws.com
*.control.vpce-0dd84cc7dd0753449-t9do50yv-eu-south-2c.s3.eu-south-2.vpce.amazonaws.com
*.control.vpce-0dd84cc7dd0753449-t9do50yv.s3.eu-south-2.vpce.amazonaws.com
*.s3-accesspoint.eu-south-2.amazonaws.com
*.s3-control.eu-south-2.amazonaws.com
*.s3.eu-south-2.amazonaws.com
bucket.vpce-0dd84cc7dd0753449-t9do50yv-eu-south-2a.s3.eu-south-2.vpce.amazonaws.com
bucket.vpce-0dd84cc7dd0753449-t9do50yv-eu-south-2b.s3.eu-south-2.vpce.amazonaws.com
bucket.vpce-0dd84cc7dd0753449-t9do50yv-eu-south-2c.s3.eu-south-2.vpce.amazonaws.com
bucket.vpce-0dd84cc7dd0753449-t9do50yv.s3.eu-south-2.vpce.amazonaws.com
s3.eu-south-2.amazonaws.com
vai-03d42cdfd9b45ca99.ava.ap-northeast-2.amazonaws.com
*.canary6405511f33bd.jyjm3w.c5.kafka.eu-west-1.amazonaws.com
*.iam.canary6405511f33bd.jyjm3w.c5.kafka.eu-west-1.amazonaws.com
*.iam2.canary6405511f33bd.jyjm3w.c5.kafka.eu-west-1.amazonaws.com
*.scram.canary6405511f33bd.jyjm3w.c5.kafka.eu-west-1.amazonaws.com
*.scram2.canary6405511f33bd.jyjm3w.c5.kafka.eu-west-1.amazonaws.com
*.tls.canary6405511f33bd.jyjm3w.c5.kafka.eu-west-1.amazonaws.com
*.tls2.canary6405511f33bd.jyjm3w.c5.kafka.eu-west-1.amazonaws.com
vai-0e8adb8c6634f66d6.ava.ap-southeast-1.amazonaws.com
alt.canary.s3.us-west-2.vpce.amazonaws.com
canary.s3.us-west-2.vpce.amazonaws.com
vai-0760aed634127b7ec.ava.ap-northeast-2.amazonaws.com
*.ap-south-1.es.amazonaws.com
ouqy6gvvivkgcc32zautdtffoe.ap-south-1.es.amazonaws.com
vai-006d51120a0e1c57d.ava.ap-south-1.amazonaws.com
*.canarye3d2511826ac.kb0n0h.c6.kafka.eu-central-1.amazonaws.com
*.iam.canarye3d2511826ac.kb0n0h.c6.kafka.eu-central-1.amazonaws.com
*.iam2.canarye3d2511826ac.kb0n0h.c6.kafka.eu-central-1.amazonaws.com
*.scram.canarye3d2511826ac.kb0n0h.c6.kafka.eu-central-1.amazonaws.com
*.scram2.canarye3d2511826ac.kb0n0h.c6.kafka.eu-central-1.amazonaws.com
*.tls.canarye3d2511826ac.kb0n0h.c6.kafka.eu-central-1.amazonaws.com
*.tls2.canarye3d2511826ac.kb0n0h.c6.kafka.eu-central-1.amazonaws.com
vai-0202d727f1a33a9c7.ava.us-west-2.amazonaws.com
*.ap-northeast-1.es.amazonaws.com
3xls4szzzd6typcf4udd6y36si.ap-northeast-1.es.amazonaws.com
vai-04a04199a7799698f.ava.ap-southeast-2.amazonaws.com
*.eu-west-2.es.amazonaws.com
4r3c3uktw3jvyrnzszbcz3jwim.eu-west-2.es.amazonaws.com
vai-09dc39b12c83495af.ava.eu-north-1.amazonaws.com
*.accesspoint.vpce-06e3f81d1e4740ade-c31158q1-eu-north-1a.s3.eu-north-1.vpce.amazonaws.com
*.accesspoint.vpce-06e3f81d1e4740ade-c31158q1-eu-north-1b.s3.eu-north-1.vpce.amazonaws.com
*.accesspoint.vpce-06e3f81d1e4740ade-c31158q1-eu-north-1c.s3.eu-north-1.vpce.amazonaws.com
*.accesspoint.vpce-06e3f81d1e4740ade-c31158q1.s3.eu-north-1.vpce.amazonaws.com
*.bucket.vpce-06e3f81d1e4740ade-c31158q1-eu-north-1a.s3.eu-north-1.vpce.amazonaws.com
*.bucket.vpce-06e3f81d1e4740ade-c31158q1-eu-north-1b.s3.eu-north-1.vpce.amazonaws.com
*.bucket.vpce-06e3f81d1e4740ade-c31158q1-eu-north-1c.s3.eu-north-1.vpce.amazonaws.com
*.bucket.vpce-06e3f81d1e4740ade-c31158q1.s3.eu-north-1.vpce.amazonaws.com
*.control.vpce-06e3f81d1e4740ade-c31158q1-eu-north-1a.s3.eu-north-1.vpce.amazonaws.com
*.control.vpce-06e3f81d1e4740ade-c31158q1-eu-north-1b.s3.eu-north-1.vpce.amazonaws.com
*.control.vpce-06e3f81d1e4740ade-c31158q1-eu-north-1c.s3.eu-north-1.vpce.amazonaws.com
*.control.vpce-06e3f81d1e4740ade-c31158q1.s3.eu-north-1.vpce.amazonaws.com
*.s3-accesspoint.eu-north-1.amazonaws.com
*.s3-control.eu-north-1.amazonaws.com
*.s3.eu-north-1.amazonaws.com
bucket.vpce-06e3f81d1e4740ade-c31158q1-eu-north-1a.s3.eu-north-1.vpce.amazonaws.com
bucket.vpce-06e3f81d1e4740ade-c31158q1-eu-north-1b.s3.eu-north-1.vpce.amazonaws.com
bucket.vpce-06e3f81d1e4740ade-c31158q1-eu-north-1c.s3.eu-north-1.vpce.amazonaws.com
bucket.vpce-06e3f81d1e4740ade-c31158q1.s3.eu-north-1.vpce.amazonaws.com
s3.eu-north-1.amazonaws.com
vai-0b161062354bd610e.ava.us-west-2.amazonaws.com
*.eu-west-2.es.amazonaws.com
6pw7bootzwoxnyt3vsqq7hzvxa.eu-west-2.es.amazonaws.com
*.eu-west-2.es.amazonaws.com
qgsviypnlf4v7fazzjhqr3vw6q.eu-west-2.es.amazonaws.com
vai-098a31c61caad10e6.ava.ap-southeast-2.amazonaws.com
*.eu-west-2.es.amazonaws.com
rmuopc7htznv6hcrisxvuelwii.eu-west-2.es.amazonaws.com
*.ap-southeast-1.es.amazonaws.com
6xsmpbjihyhlxmvptdl5ypcs2m.ap-southeast-1.es.amazonaws.com
*.eu-west-2.es.amazonaws.com
2v2mie4rw6kzr45sp2atro35ve.eu-west-2.es.amazonaws.com
*.eu-west-2.es.amazonaws.com
j74w3f6cz3qc5wt2v3mnuhyvwi.eu-west-2.es.amazonaws.com
outlook.kueblboeck.de
www.www.www.superset-test.metformin1.tech
sbermegamarket.yandex.sberbank.kwid9.r4u.xyz
sbermegamarket.yandex.nalozhka.kwid9.p4s.xyz
pay.youla.nalozhka.kwid9.digitaloffice.xyz
mundossingulares.tdah.com.br.mundossingulares.com.br
www.mundossingulares.tdah.com.br.mundossingulares.com.br
sbermegamarket.yandex.yandex.kwid9.cosmetique.xyz
pay.youla.cdek.sberbank.nuitjijdskaid6z.chat.monster-style.ru
www.pay.youla.cdek.sberbank.nuitjijdskaid6z.chat.monster-style.ru
yandex.yandex.kwid9.kalpa.xyz
pay.yandex.pochtabank.kwid9.a2f.xyz
blablacar.yandex.sbermarket.kwid9.com1.xyz
ww38.cpcontacts.billnighy.info
nalozhka.yandex.sberbank.kwid9.m12.xyz
www.www.www.app.portal.wwwwwpensive-gould.13-68-225-194.plesk.page
www.outlook.xuna.org
sbermegamarket.youla.avito.cdek.pay.xsod1fpzweorr9z.brandmarhost.lg-host.ru
www.sbermegamarket.youla.avito.cdek.pay.xsod1fpzweorr9z.brandmarhost.lg-host.ru
youla.yandex.sbermegamarket.kwid9.health4u.xyz
www.www.supportworks.lucerne-baseball.ch
